ISO-10303-21;
HEADER;
FILE_DESCRIPTION (( 'STEP AP214' ),
    '1' );
FILE_NAME ('PTR2 20mm DVT2 - Exterior surfaces.STEP',
    '2026-05-23T16:39:07',
    ( '' ),
    ( '' ),
    'SwSTEP 2.0',
    'SolidWorks 2018',
    '' );
FILE_SCHEMA (( 'AUTOMOTIVE_DESIGN' ));
ENDSEC;

DATA;
#1 = CARTESIAN_POINT ( 'NONE',  ( 12.15514071128999873, 18.31826265735000092, -3.142832390658000019 ) ) ;
#2 = CARTESIAN_POINT ( 'NONE',  ( -11.93215681753000013, -18.37428648662000086, -3.164875741284999489 ) ) ;
#3 = ORIENTED_EDGE ( 'NONE', *, *, #1850, .F. ) ;
#4 = CARTESIAN_POINT ( 'NONE',  ( 21.37176255554999926, -0.9002267589503999412, 1.702795708710000078 ) ) ;
#5 = B_SPLINE_CURVE_WITH_KNOTS ( 'NONE', 3,
 ( #6755, #8603, #2113, #7511 ),
 .UNSPECIFIED., .F., .F.,
 ( 4, 4 ),
 ( 0.000000000000000000, 1.000000000000000000 ),
 .UNSPECIFIED. ) ;
#6 = APPLICATION_CONTEXT ( 'automotive_design' ) ;
#7 = CARTESIAN_POINT ( 'NONE',  ( 1.300000000000020695, 10.55000000000000071, -1.816306154244996973 ) ) ;
#8 = LINE ( 'NONE', #5884, #1902 ) ;
#9 = CARTESIAN_POINT ( 'NONE',  ( 12.14073316324713403, 18.27901465870894526, -3.125050013778603031 ) ) ;
#10 = EDGE_CURVE ( 'NONE', #1357, #8310, #7996, .T. ) ;
#11 = CARTESIAN_POINT ( 'NONE',  ( 16.93977039490613734, 11.15962641307031333, 0.7349225397312582064 ) ) ;
#12 = CARTESIAN_POINT ( 'NONE',  ( -20.78409022627540992, 0.5006677605276357301, -1.237100206534398783 ) ) ;
#13 = EDGE_CURVE ( 'NONE', #1049, #6864, #5058, .T. ) ;
#14 = CARTESIAN_POINT ( 'NONE',  ( 10.26056394847999975, -21.23115177382999974, -3.463408127799000091 ) ) ;
#15 = EDGE_LOOP ( 'NONE', ( #7387, #5736, #6552 ) ) ;
#16 = FACE_OUTER_BOUND ( 'NONE', #7455, .T. ) ;
#17 = CARTESIAN_POINT ( 'NONE',  ( -10.00209115866138099, -19.27760075161170050, -3.545563170292977517 ) ) ;
#18 = CARTESIAN_POINT ( 'NONE',  ( -10.03337596223482642, -21.06990594796000238, -3.068331160266999369 ) ) ;
#19 = CARTESIAN_POINT ( 'NONE',  ( 12.92102360628125979, -16.23573473602204942, 1.633942491647304873 ) ) ;
#20 = ORIENTED_EDGE ( 'NONE', *, *, #5040, .F. ) ;
#21 = AXIS2_PLACEMENT_3D ( 'NONE', #2750, #5524, #6118 ) ;
#22 = CARTESIAN_POINT ( 'NONE',  ( 18.59791212234000213, -10.40215754009999927, 1.658344302192999997 ) ) ;
#23 = CARTESIAN_POINT ( 'NONE',  ( 20.11275360886000030, 7.079683754840000454, 1.246754748505999988 ) ) ;
#24 = CARTESIAN_POINT ( 'NONE',  ( 10.69275274525000086, 21.56571770845999936, -0.4175263470456000436 ) ) ;
#25 = CARTESIAN_POINT ( 'NONE',  ( -11.84994047546242513, 21.23755140930688867, -2.770992734580123074 ) ) ;
#26 = CARTESIAN_POINT ( 'NONE',  ( 17.95638372474459388, 10.39526944825763088, -0.8615817577360167512 ) ) ;
#27 = ORIENTED_EDGE ( 'NONE', *, *, #7576, .T. ) ;
#28 = B_SPLINE_CURVE_WITH_KNOTS ( 'NONE', 3,
 ( #3158, #3072, #7782, #3741 ),
 .UNSPECIFIED., .F., .F.,
 ( 4, 4 ),
 ( 0.000000000000000000, 1.000000000000000000 ),
 .UNSPECIFIED. ) ;
#29 = CARTESIAN_POINT ( 'NONE',  ( 10.25626066923000046, 19.16957394033000028, -3.500664090555000385 ) ) ;
#30 = CARTESIAN_POINT ( 'NONE',  ( 10.75341527229291572, 21.06377317860449239, -0.02033400332912699629 ) ) ;
#31 = CARTESIAN_POINT ( 'NONE',  ( 18.90350094791000046, -9.801091276625999882, -1.163202133223000034 ) ) ;
#32 = PRODUCT_CONTEXT ( 'NONE', #6678, 'mechanical' ) ;
#33 = CARTESIAN_POINT ( 'NONE',  ( -12.16240328077999777, 18.26604817834000016, -3.119506361776000158 ) ) ;
#34 = CARTESIAN_POINT ( 'NONE',  ( -11.23045917444257746, 20.90415918302805309, -0.01782767115415472350 ) ) ;
#35 = DIRECTION ( 'NONE',  ( 0.9999999999999723554, 2.258892144655935771E-07, 6.601427218033821674E-08 ) ) ;
#36 = LINE ( 'NONE', #8010, #5764 ) ;
#37 = AXIS2_PLACEMENT_3D ( 'NONE', #8554, #5303, #1913 ) ;
#38 = ORIENTED_EDGE ( 'NONE', *, *, #8037, .F. ) ;
#39 = CARTESIAN_POINT ( 'NONE',  ( -18.20779131202191437, -8.376912426511911036, 0.3986553975510449543 ) ) ;
#40 = CARTESIAN_POINT ( 'NONE',  ( 11.43724161398999861, -21.40057698115999685, -2.757718967212000383 ) ) ;
#41 = CARTESIAN_POINT ( 'NONE',  ( -18.22900298274473840, -2.076110619639046195, -1.349620483327045317 ) ) ;
#42 = ADVANCED_FACE ( 'NONE', ( #4722 ), #4031, .T. ) ;
#43 = CARTESIAN_POINT ( 'NONE',  ( -12.14615480963595218, -18.23982365765943925, -3.107569285440951123 ) ) ;
#44 = DIRECTION ( 'NONE',  ( -0.7336112684497700931, -0.6795693539319731524, 0.000000000000000000 ) ) ;
#45 = VECTOR ( 'NONE', #6091, 1000.000000000000227 ) ;
#46 = ORIENTED_EDGE ( 'NONE', *, *, #6582, .T. ) ;
#47 = CARTESIAN_POINT ( 'NONE',  ( 11.89160280830689231, -21.61483775390259154, -1.624767267096710377 ) ) ;
#48 = DIRECTION ( 'NONE',  ( -0.000000000000000000, -0.000000000000000000, 1.000000000000000000 ) ) ;
#49 = DIRECTION ( 'NONE',  ( 1.000000000000000000, 0.000000000000000000, 0.000000000000000000 ) ) ;
#50 = ORIENTED_EDGE ( 'NONE', *, *, #3696, .F. ) ;
#51 = CARTESIAN_POINT ( 'NONE',  ( -0.0001470041326693000020, -0.0001995674094918000016, -0.8463541020493000611 ) ) ;
#52 = CARTESIAN_POINT ( 'NONE',  ( 10.63830786989999844, 20.45925561326000164, -3.695109002439999735 ) ) ;
#53 = CARTESIAN_POINT ( 'NONE',  ( 19.25150061498975873, -7.740445251630099222, 1.803780854383440824 ) ) ;
#54 = CARTESIAN_POINT ( 'NONE',  ( 17.81508034411577768, -1.242462458126222913, -1.687320230795449572 ) ) ;
#55 = EDGE_CURVE ( 'NONE', #1018, #3818, #1441, .T. ) ;
#56 = CYLINDRICAL_SURFACE ( 'NONE', #8628, 1.479999999999999982 ) ;
#57 = CARTESIAN_POINT ( 'NONE',  ( 12.06953815182999890, 17.30308907144999964, -2.714783748757000126 ) ) ;
#58 = ORIENTED_EDGE ( 'NONE', *, *, #6618, .F. ) ;
#59 = DIRECTION ( 'NONE',  ( 0.000000000000000000, 0.000000000000000000, -1.000000000000000000 ) ) ;
#60 = B_SPLINE_CURVE_WITH_KNOTS ( 'NONE', 3,
 ( #6842, #2093, #720, #5531, #781 ),
 .UNSPECIFIED., .F., .F.,
 ( 4, 1, 4 ),
 ( 0.008980082457639065874, 0.5011823288423873368, 0.9933845752271356355 ),
 .UNSPECIFIED. ) ;
#61 = CARTESIAN_POINT ( 'NONE',  ( 20.59551368855029452, -2.504047649980651435, 0.01117371369920369673 ) ) ;
#62 = CARTESIAN_POINT ( 'NONE',  ( -11.03385323584999966, -13.14869117365999962, -2.065654130510000019 ) ) ;
#63 = CARTESIAN_POINT ( 'NONE',  ( -21.49295302274999742, -2.000060903569000015, 0.9442143444398000129 ) ) ;
#64 = CARTESIAN_POINT ( 'NONE',  ( 18.74378834536000227, 10.12451847808000061, -1.120585870689000174 ) ) ;
#65 = DIRECTION ( 'NONE',  ( 1.000000000000000000, 1.649207200546492249E-14, -1.741849689462315474E-14 ) ) ;
#66 = CARTESIAN_POINT ( 'NONE',  ( 11.93125102091000045, -20.13809760148999928, -3.526082311767999578 ) ) ;
#67 = CARTESIAN_POINT ( 'NONE',  ( 20.08634546032022072, 5.380113296212939211, 3.383693845753999785 ) ) ;
#68 = EDGE_LOOP ( 'NONE', ( #7835, #4963, #2872, #6615, #1052, #101 ) ) ;
#69 = AXIS2_PLACEMENT_3D ( 'NONE', #6609, #501, #7936 ) ;
#70 = CARTESIAN_POINT ( 'NONE',  ( -18.47843550292386183, -2.342445255420213979, -1.130020784973154280 ) ) ;
#71 = DIRECTION ( 'NONE',  ( 1.000000000000000000, 0.000000000000000000, 3.398832943241394744E-14 ) ) ;
#72 = VERTEX_POINT ( 'NONE', #5284 ) ;
#73 = CARTESIAN_POINT ( 'NONE',  ( -10.00230713796531568, -19.28997419764723631, -3.552379934928975302 ) ) ;
#74 = CARTESIAN_POINT ( 'NONE',  ( 20.15772509195058859, -7.705896543410972299, 1.345784720241844923 ) ) ;
#75 = CARTESIAN_POINT ( 'NONE',  ( 14.18565272504137198, 9.764021236453002572, -2.066306154244998528 ) ) ;
#76 = CARTESIAN_POINT ( 'NONE',  ( -12.00203024189999823, -19.50573254365999887, -3.539401505683000160 ) ) ;
#77 = ORIENTED_EDGE ( 'NONE', *, *, #4196, .F. ) ;
#78 = ORIENTED_EDGE ( 'NONE', *, *, #7300, .T. ) ;
#79 = CARTESIAN_POINT ( 'NONE',  ( 21.22430087695000012, 2.012162500423999578, 1.329973352157000077 ) ) ;
#80 = CARTESIAN_POINT ( 'NONE',  ( 11.31483214127858972, -20.87609728210086146, -0.01756337384474426083 ) ) ;
#81 = ORIENTED_EDGE ( 'NONE', *, *, #5075, .F. ) ;
#82 = DIRECTION ( 'NONE',  ( -0.4226182617406808451, 0.9063077870366587074, 0.000000000000000000 ) ) ;
#83 = CARTESIAN_POINT ( 'NONE',  ( 20.64999999999981739, -1.847737847993143003E-09, 3.533693845755199181 ) ) ;
#84 = CARTESIAN_POINT ( 'NONE',  ( 10.00286818446740078, 19.31473378429799936, -3.565986344090485094 ) ) ;
#85 = UNCERTAINTY_MEASURE_WITH_UNIT (LENGTH_MEASURE( 1.000000000000000082E-05 ), #5885, 'distance_accuracy_value', 'NONE');
#86 = ORIENTED_EDGE ( 'NONE', *, *, #2503, .T. ) ;
#87 = CARTESIAN_POINT ( 'NONE',  ( 18.28205453398999936, 11.15008805595999952, 0.3153993784083999885 ) ) ;
#88 = EDGE_LOOP ( 'NONE', ( #249, #4429, #6665, #4842, #4269 ) ) ;
#89 = ADVANCED_FACE ( 'NONE', ( #6203 ), #4407, .T. ) ;
#90 = ADVANCED_FACE ( 'NONE', ( #2939 ), #7560, .F. ) ;
#91 = ORIENTED_EDGE ( 'NONE', *, *, #3798, .T. ) ;
#92 = CARTESIAN_POINT ( 'NONE',  ( 11.48205430347000089, 18.58301581263999935, -3.252159890837000411 ) ) ;
#93 = CARTESIAN_POINT ( 'NONE',  ( 10.90642268498000078, 16.12506666016999901, -2.380205880459000056 ) ) ;
#94 = CARTESIAN_POINT ( 'NONE',  ( 18.87455301645999839, -10.07183882694999966, -1.059426742641000230 ) ) ;
#95 = CARTESIAN_POINT ( 'NONE',  ( 17.67872465246138347, -10.86401108155766160, 0.8219044310486448568 ) ) ;
#96 = CARTESIAN_POINT ( 'NONE',  ( 19.07119099323493572, 10.09990455791514385, 1.493694979442953708 ) ) ;
#97 = CARTESIAN_POINT ( 'NONE',  ( 18.20136124080999807, 11.12436342699999869, 0.1031580844840000039 ) ) ;
#98 = CARTESIAN_POINT ( 'NONE',  ( 10.60789669779000022, 20.56990594796000238, -2.068331160266999813 ) ) ;
#99 = CARTESIAN_POINT ( 'NONE',  ( 12.53646313406999901, 16.50639415116999942, 1.643853637941000256 ) ) ;
#100 = CARTESIAN_POINT ( 'NONE',  ( 11.28818770252000014, 19.90156859882000262, 0.6404216727595999359 ) ) ;
#101 = ORIENTED_EDGE ( 'NONE', *, *, #4609, .F. ) ;
#102 = CARTESIAN_POINT ( 'NONE',  ( -18.10990155765192000, -1.915539124022884510, -1.449327350464097997 ) ) ;
#103 = CARTESIAN_POINT ( 'NONE',  ( 21.27986598576000077, -0.9249999999661000505, -1.156306155109999789 ) ) ;
#104 = CARTESIAN_POINT ( 'NONE',  ( -11.10069839365000099, 21.80184527806000006, -1.243456543708000073 ) ) ;
#105 = CARTESIAN_POINT ( 'NONE',  ( 20.30979558329073598, -7.294461467553949419, 0.9144836855209453885 ) ) ;
#106 = CARTESIAN_POINT ( 'NONE',  ( 12.94255425085999889, 12.60880341491999879, -0.7481908789412000660 ) ) ;
#107 = CARTESIAN_POINT ( 'NONE',  ( -10.64610203223999996, -20.13146139314000038, -3.752640010682000149 ) ) ;
#108 = ORIENTED_EDGE ( 'NONE', *, *, #3132, .T. ) ;
#109 = LINE ( 'NONE', #8395, #4027 ) ;
#110 = PLANE ( 'NONE',  #5214 ) ;
#111 = CARTESIAN_POINT ( 'NONE',  ( 0.0001725018308155440005, -20.74999435075629961, 1.633721018861459928 ) ) ;
#112 = EDGE_CURVE ( 'NONE', #2976, #4088, #5157, .T. ) ;
#113 = CARTESIAN_POINT ( 'NONE',  ( 16.52595574432685055, -6.685321521859969529, -1.706290334666315189 ) ) ;
#114 = CARTESIAN_POINT ( 'NONE',  ( 10.01592089730661250, 20.06990594796000238, -2.068331160266999813 ) ) ;
#115 = VERTEX_POINT ( 'NONE', #2677 ) ;
#116 = DIRECTION ( 'NONE',  ( 1.000000000000000000, 0.000000000000000000, 0.000000000000000000 ) ) ;
#117 = CARTESIAN_POINT ( 'NONE',  ( 19.06830424468999752, 9.906636023482999320, 1.595246592053999990 ) ) ;
#118 = FACE_OUTER_BOUND ( 'NONE', #6504, .T. ) ;
#119 = CARTESIAN_POINT ( 'NONE',  ( -20.72783903729304811, -0.9249972814888270944, 1.803697669353065303 ) ) ;
#120 = CARTESIAN_POINT ( 'NONE',  ( 10.03749910602851969, 21.30607164644560214, -0.02725726600457449925 ) ) ;
#121 = CARTESIAN_POINT ( 'NONE',  ( 18.53553520105000274, -10.51089057836999885, 1.676218734202999938 ) ) ;
#122 = CARTESIAN_POINT ( 'NONE',  ( 19.26500532381999875, 2.955001329759000317, 0.3236939221983999859 ) ) ;
#123 = CARTESIAN_POINT ( 'NONE',  ( 0.000000000000000000, 14.40000000000000391, -2.066306154244998528 ) ) ;
#124 = ORIENTED_EDGE ( 'NONE', *, *, #5060, .F. ) ;
#125 = EDGE_CURVE ( 'NONE', #5376, #730, #7979, .T. ) ;
#126 = FACE_OUTER_BOUND ( 'NONE', #1338, .T. ) ;
#127 = DIRECTION ( 'NONE',  ( -1.000000000000000000, 0.000000000000000000, 1.741600878878894448E-14 ) ) ;
#128 = EDGE_CURVE ( 'NONE', #7272, #8001, #3847, .T. ) ;
#129 = CARTESIAN_POINT ( 'NONE',  ( -9.956998427454243128, 16.69033787834279892, -2.458262683117097058 ) ) ;
#130 = CARTESIAN_POINT ( 'NONE',  ( 11.10069839364000011, -21.80184527808999917, -1.243456543797999858 ) ) ;
#131 = CARTESIAN_POINT ( 'NONE',  ( -9.979632305573998607, 19.25934024981999926, -3.534242122149000132 ) ) ;
#132 = EDGE_LOOP ( 'NONE', ( #367, #3, #4809, #5480 ) ) ;
#133 = ADVANCED_FACE ( 'NONE', ( #6517 ), #610, .T. ) ;
#134 = CARTESIAN_POINT ( 'NONE',  ( 7.976683851838043182, -16.17891649160963752, 5.710772084629348377 ) ) ;
#135 = CARTESIAN_POINT ( 'NONE',  ( -11.69521892212000047, 20.93993922921000106, -0.1299107335654999806 ) ) ;
#136 = CARTESIAN_POINT ( 'NONE',  ( -20.75000000000090594, 2.064288172796348686, 4.523749079003890117 ) ) ;
#137 = CARTESIAN_POINT ( 'NONE',  ( 17.18975885603710196, 1.038779172992449373, -2.066306154244998528 ) ) ;
#138 = CARTESIAN_POINT ( 'NONE',  ( -10.25618967890999933, -19.19432480032999777, -3.513565990506000158 ) ) ;
#139 = ADVANCED_FACE ( 'NONE', ( #1129 ), #3982, .T. ) ;
#140 = AXIS2_PLACEMENT_3D ( 'NONE', #7416, #4742, #8133 ) ;
#141 = COLOUR_RGB ( '',0.7921568627450980005, 0.8196078431372548767, 0.9333333333333333481 ) ;
#142 = CARTESIAN_POINT ( 'NONE',  ( 21.25169873868000181, 1.569392400628000228, 1.657578217951999999 ) ) ;
#143 = ORIENTED_EDGE ( 'NONE', *, *, #7822, .T. ) ;
#144 = CARTESIAN_POINT ( 'NONE',  ( 10.04827166022283613, -21.92327991441219837, -0.7346078890305386411 ) ) ;
#145 = CARTESIAN_POINT ( 'NONE',  ( 18.79791781666257933, -5.557979169929592622, -0.1792290083293305580 ) ) ;
#146 = CARTESIAN_POINT ( 'NONE',  ( -20.62649252181958559, 2.261938786280832669, 1.094767611547605490 ) ) ;
#147 = CARTESIAN_POINT ( 'NONE',  ( 10.02897423415177869, -20.81773111522948838, 0.3031699305818170154 ) ) ;
#148 = CARTESIAN_POINT ( 'NONE',  ( 18.11797781137460817, -1.935481196517229829, -1.442599039408054118 ) ) ;
#149 = VERTEX_POINT ( 'NONE', #2046 ) ;
#150 = CARTESIAN_POINT ( 'NONE',  ( 2.846444058918050413, -16.95559547931647515, -2.066306154244998972 ) ) ;
#151 = CARTESIAN_POINT ( 'NONE',  ( 19.77032727319999950, 7.919208257094001446, 1.810788521298999809 ) ) ;
#152 = CARTESIAN_POINT ( 'NONE',  ( -11.48709068694000024, 18.53553201546000295, -3.229785697610000117 ) ) ;
#153 = DIRECTION ( 'NONE',  ( 1.000000000000000000, 0.000000000000000000, 0.000000000000000000 ) ) ;
#154 = CARTESIAN_POINT ( 'NONE',  ( 19.69890520050810068, 6.520891889843880129, -0.07812996565256614956 ) ) ;
#155 = CARTESIAN_POINT ( 'NONE',  ( -10.00893417601000124, 20.79237226899000035, -3.752068861175000158 ) ) ;
#156 = FACE_OUTER_BOUND ( 'NONE', #996, .T. ) ;
#157 = CARTESIAN_POINT ( 'NONE',  ( 10.01976639501000044, -21.49882660075000018, -0.1495793444307000064 ) ) ;
#158 = ORIENTED_EDGE ( 'NONE', *, *, #2146, .T. ) ;
#159 = PLANE ( 'NONE',  #8002 ) ;
#160 = CARTESIAN_POINT ( 'NONE',  ( -9.929823238379000827, 16.73088383206000174, -2.461109537651000156 ) ) ;
#161 = CARTESIAN_POINT ( 'NONE',  ( 15.74420331093354797, 8.362346251393079299, -1.706371855699990059 ) ) ;
#162 = CARTESIAN_POINT ( 'NONE',  ( 1.300000000000000044, 12.34999999999999964, -1.487590579975000216 ) ) ;
#163 = CARTESIAN_POINT ( 'NONE',  ( -10.27100220436000022, 21.94092828020999875, -2.402722549959999565 ) ) ;
#164 = CARTESIAN_POINT ( 'NONE',  ( 19.73554472255630188, 6.439835040674402045, -0.6125537554638254001 ) ) ;
#165 = CARTESIAN_POINT ( 'NONE',  ( 12.19949379238000020, 18.29458676950000040, -2.413229751343999752 ) ) ;
#166 = CARTESIAN_POINT ( 'NONE',  ( 20.22707749383999953, -6.778438485712000805, 0.3236458874384999795 ) ) ;
#167 = VECTOR ( 'NONE', #6058, 1000.000000000000000 ) ;
#168 = VERTEX_POINT ( 'NONE', #817 ) ;
#169 = CARTESIAN_POINT ( 'NONE',  ( 19.05392481723324849, -8.111387652254860470, 0.01147154411193285380 ) ) ;
#170 = CARTESIAN_POINT ( 'NONE',  ( 10.05216686064447273, -22.14643579711269794, -1.660662684299601066 ) ) ;
#171 = CARTESIAN_POINT ( 'NONE',  ( -1.680000000000000160, 10.55000000000000071, -1.816306154244996973 ) ) ;
#172 = CARTESIAN_POINT ( 'NONE',  ( 19.84792463368096449, 6.052525650935040247, -0.2054781384095263619 ) ) ;
#173 = ORIENTED_EDGE ( 'NONE', *, *, #7196, .T. ) ;
#174 = CARTESIAN_POINT ( 'NONE',  ( 19.69393361347665561, -6.529843892065577471, 0.5202653229168083815 ) ) ;
#175 = CARTESIAN_POINT ( 'NONE',  ( 19.15420552883999861, 9.952536451056001710, 1.487476274845000113 ) ) ;
#176 = EDGE_CURVE ( 'NONE', #4193, #6796, #1968, .T. ) ;
#177 = CIRCLE ( 'NONE', #6583, 1.000000000000000444 ) ;
#178 = EDGE_CURVE ( 'NONE', #1887, #1966, #7807, .T. ) ;
#179 = ADVANCED_FACE ( 'NONE', ( #1868 ), #2853, .T. ) ;
#180 = CARTESIAN_POINT ( 'NONE',  ( -18.64941115010624273, 9.190040413718120860, 1.633887127428925279 ) ) ;
#181 = CARTESIAN_POINT ( 'NONE',  ( -6.685974911360567319, -19.69021667012614074, 4.202389014246000087 ) ) ;
#182 = CARTESIAN_POINT ( 'NONE',  ( 20.63870529350350580, 2.151073440078079990, 1.261107932515451280 ) ) ;
#183 = CARTESIAN_POINT ( 'NONE',  ( -11.93215677761000038, 18.37428622067000106, -3.164875619547999896 ) ) ;
#184 = CARTESIAN_POINT ( 'NONE',  ( -12.19136197431999946, -20.54657683190000128, 0.007682713377298000003 ) ) ;
#185 = VERTEX_POINT ( 'NONE', #1394 ) ;
#186 = CARTESIAN_POINT ( 'NONE',  ( 20.27725693864000078, -7.140472345968999157, 0.9874080632634998356 ) ) ;
#187 = CARTESIAN_POINT ( 'NONE',  ( -11.12358995834999931, 19.53307196549999958, -3.634249200824000159 ) ) ;
#188 = CARTESIAN_POINT ( 'NONE',  ( -20.63703684267073513, -2.170718967388325815, -1.301450067136344924 ) ) ;
#189 = ORIENTED_EDGE ( 'NONE', *, *, #6516, .T. ) ;
#190 = CARTESIAN_POINT ( 'NONE',  ( 10.27550733605999866, -22.03328287791000406, -2.031122623014999906 ) ) ;
#191 = DIRECTION ( 'NONE',  ( -0.000000000000000000, -0.000000000000000000, -1.000000000000000000 ) ) ;
#192 = ORIENTED_EDGE ( 'NONE', *, *, #7459, .F. ) ;
#193 = EDGE_CURVE ( 'NONE', #6175, #2317, #8646, .T. ) ;
#194 = CARTESIAN_POINT ( 'NONE',  ( -12.63094006347999887, 11.60606348199999971, -2.065973069952999897 ) ) ;
#195 = ORIENTED_EDGE ( 'NONE', *, *, #5450, .T. ) ;
#196 = AXIS2_PLACEMENT_3D ( 'NONE', #7094, #5728, #4409 ) ;
#197 = CARTESIAN_POINT ( 'NONE',  ( 10.85683319193999985, -17.06961679131000054, -2.615671883795999797 ) ) ;
#198 = DIRECTION ( 'NONE',  ( 0.000000000000000000, 0.000000000000000000, 1.000000000000000000 ) ) ;
#199 = CARTESIAN_POINT ( 'NONE',  ( -10.02545752561999848, 21.78159496247999982, -0.4373941593956000018 ) ) ;
#200 = CARTESIAN_POINT ( 'NONE',  ( -19.22572109136402219, 8.074368964660035175, 4.523749079003890117 ) ) ;
#201 = CARTESIAN_POINT ( 'NONE',  ( 14.18554006354495733, -9.763801771097297078, -2.066306154244998528 ) ) ;
#202 = CARTESIAN_POINT ( 'NONE',  ( 19.88556009090000032, -7.653329254243000257, 1.702027884813000158 ) ) ;
#203 = VERTEX_POINT ( 'NONE', #4739 ) ;
#204 = VERTEX_POINT ( 'NONE', #8206 ) ;
#205 = CARTESIAN_POINT ( 'NONE',  ( 18.18605788884945085, -9.917057018606616481, 0.01167770865449067885 ) ) ;
#206 = ORIENTED_EDGE ( 'NONE', *, *, #7575, .T. ) ;
#207 = CARTESIAN_POINT ( 'NONE',  ( 18.53808868992327419, 9.324840593541438238, -1.206306154248558027 ) ) ;
#208 = CARTESIAN_POINT ( 'NONE',  ( 20.15776447261574589, 7.705885232483801417, -0.6984409278732167659 ) ) ;
#209 = CARTESIAN_POINT ( 'NONE',  ( -19.29944695509154329, 2.866262834636117418, -0.2756058169164822824 ) ) ;
#210 = B_SPLINE_CURVE_WITH_KNOTS ( 'NONE', 3,
 ( #5807, #6263, #2724, #2984, #6841, #7403, #8123, #8089, #4731, #4130 ),
 .UNSPECIFIED., .F., .F.,
 ( 4, 3, 3, 4 ),
 ( 0.000000000000000000, 4.325383919632932414E-05, 8.563956420708008805E-05, 0.0001280253707849990396 ),
 .UNSPECIFIED. ) ;
#211 = AXIS2_PLACEMENT_3D ( 'NONE', #5865, #8056, #4988 ) ;
#212 = CARTESIAN_POINT ( 'NONE',  ( -20.64096599361274897, -2.109541936169397225, 1.232422067924197506 ) ) ;
#213 = CARTESIAN_POINT ( 'NONE',  ( -20.08634546061222892, -5.380113295163868159, 4.202389014246000087 ) ) ;
#214 = ORIENTED_EDGE ( 'NONE', *, *, #5911, .T. ) ;
#215 = CARTESIAN_POINT ( 'NONE',  ( 19.96703917006999873, 7.440853561344000333, -1.030226648046999927 ) ) ;
#216 = DIRECTION ( 'NONE',  ( 0.4226182617406816222, 0.9063077870366583744, 0.000000000000000000 ) ) ;
#217 = CARTESIAN_POINT ( 'NONE',  ( -11.70053697335000109, -21.31106227789000229, -2.760732617773999920 ) ) ;
#218 = CARTESIAN_POINT ( 'NONE',  ( 19.93571779736000238, -8.024410599675999123, 1.595199646476999966 ) ) ;
#219 = CARTESIAN_POINT ( 'NONE',  ( -11.87756009026999848, 18.82941604892000242, -3.368921601035999913 ) ) ;
#220 = CARTESIAN_POINT ( 'NONE',  ( 12.12715147632176027, 18.37746206840839847, -3.168951853068604496 ) ) ;
#221 = CARTESIAN_POINT ( 'NONE',  ( 11.52929826603999963, -21.68145822797999855, -1.232612179533999930 ) ) ;
#222 = CARTESIAN_POINT ( 'NONE',  ( 19.92297436596000182, -7.560482987267000077, -1.011052374869999992 ) ) ;
#223 = ORIENTED_EDGE ( 'NONE', *, *, #7524, .F. ) ;
#224 = FACE_OUTER_BOUND ( 'NONE', #1073, .T. ) ;
#225 = AXIS2_PLACEMENT_3D ( 'NONE', #7690, #8301, #5699 ) ;
#226 = CARTESIAN_POINT ( 'NONE',  ( -11.69381245174000128, 16.53853136516000077, -2.489502233579000023 ) ) ;
#227 = CARTESIAN_POINT ( 'NONE',  ( 10.29683997820000130, -14.04769021156000086, -2.065672084790999730 ) ) ;
#228 = DIRECTION ( 'NONE',  ( 0.7336112449754647047, 0.6795693792730429506, 8.326672684688676518E-17 ) ) ;
#229 = DIRECTION ( 'NONE',  ( 1.000000000000000000, 0.000000000000000000, 0.000000000000000000 ) ) ;
#230 = CARTESIAN_POINT ( 'NONE',  ( 19.59357673818472634, 6.815824045279007315, 1.260208660023260041 ) ) ;
#231 = DIRECTION ( 'NONE',  ( 1.000000000000000000, 0.000000000000000000, 0.000000000000000000 ) ) ;
#232 = CARTESIAN_POINT ( 'NONE',  ( 19.84571340824999908, -7.750654468540000508, 1.738897799893999840 ) ) ;
#233 = ADVANCED_FACE ( 'NONE', ( #2404 ), #7352, .F. ) ;
#234 = ORIENTED_EDGE ( 'NONE', *, *, #7361, .T. ) ;
#235 = CIRCLE ( 'NONE', #4721, 17.99991456012002189 ) ;
#236 = CARTESIAN_POINT ( 'NONE',  ( 18.76587553133583697, -8.861000247293542742, 1.884393891840317359 ) ) ;
#237 = CARTESIAN_POINT ( 'NONE',  ( -12.33394109393000093, 17.86029779793999950, 1.329418821052999800 ) ) ;
#238 = EDGE_CURVE ( 'NONE', #4002, #1142, #1232, .T. ) ;
#239 = CARTESIAN_POINT ( 'NONE',  ( -21.51199216097104738, 1.712025493928412301, 1.211730668513040454 ) ) ;
#240 = CARTESIAN_POINT ( 'NONE',  ( 12.00203024189999823, 19.50573254365999887, -3.539401505683000160 ) ) ;
#241 = DIRECTION ( 'NONE',  ( -0.5919061212076012213, 0.8060069129213023320, -2.111966974792006524E-07 ) ) ;
#242 = CARTESIAN_POINT ( 'NONE',  ( 18.64408175348999919, 10.50779521625999990, -0.9308576254057999710 ) ) ;
#243 = VERTEX_POINT ( 'NONE', #6910 ) ;
#244 = CARTESIAN_POINT ( 'NONE',  ( -10.01618857777715554, 20.08524135211479589, 0.7280343354991096749 ) ) ;
#245 = CARTESIAN_POINT ( 'NONE',  ( -18.00750568032271204, -10.39887648763084904, 4.202389014246000087 ) ) ;
#246 = CARTESIAN_POINT ( 'NONE',  ( 20.60424098875338572, 2.455148325122177067, 0.1221515522410164811 ) ) ;
#247 = CARTESIAN_POINT ( 'NONE',  ( 20.74999999999995737, 1.684024562017936599, 3.633693845755037177 ) ) ;
#248 = CARTESIAN_POINT ( 'NONE',  ( 19.66503792744999757, -8.166701448637001093, -1.163447476360000010 ) ) ;
#249 = ORIENTED_EDGE ( 'NONE', *, *, #807, .F. ) ;
#250 = AXIS2_PLACEMENT_3D ( 'NONE', #1987, #2706, #8072 ) ;
#251 = CARTESIAN_POINT ( 'NONE',  ( -11.95424274719000124, 19.91831487908999776, -3.534929139927000197 ) ) ;
#252 = CARTESIAN_POINT ( 'NONE',  ( -20.71735867018539778, -1.194225686562953026, -1.706312413895244795 ) ) ;
#253 = CARTESIAN_POINT ( 'NONE',  ( 10.02959789635000121, -21.86991623735000090, -2.754915068470999984 ) ) ;
#254 = CARTESIAN_POINT ( 'NONE',  ( 20.19107672358000016, -6.872801826479999043, -0.2168097630872000137 ) ) ;
#255 = CARTESIAN_POINT ( 'NONE',  ( 11.69380942126000100, -16.53853328852000004, -2.489502689081000142 ) ) ;
#256 = CARTESIAN_POINT ( 'NONE',  ( -10.00286822004432175, 19.31473326285174963, -3.565986058526120051 ) ) ;
#257 = CARTESIAN_POINT ( 'NONE',  ( 11.93853199940901888, 19.91177410060315012, -3.538182448970395022 ) ) ;
#258 = CARTESIAN_POINT ( 'NONE',  ( -16.00161984717246710, 13.37056273785664473, 4.523749079003889229 ) ) ;
#259 = TOROIDAL_SURFACE ( 'NONE', #225, 13.70343595421000060, 7.746253394606999798 ) ;
#260 = CARTESIAN_POINT ( 'NONE',  ( 9.910539702452130228, -14.05042288576007969, -2.065365693549670034 ) ) ;
#261 = EDGE_LOOP ( 'NONE', ( #1274, #5959, #925, #7684 ) ) ;
#262 = CARTESIAN_POINT ( 'NONE',  ( 12.88621533708354150, 11.37755126571295961, -2.066400928784905222 ) ) ;
#263 = CARTESIAN_POINT ( 'NONE',  ( 17.99654356357902429, -10.27075752510786799, 0.01171894156123640639 ) ) ;
#264 = DIRECTION ( 'NONE',  ( 0.000000000000000000, 1.000000000000000000, 0.000000000000000000 ) ) ;
#265 = LINE ( 'NONE', #8079, #8698 ) ;
#266 = ORIENTED_EDGE ( 'NONE', *, *, #6970, .T. ) ;
#267 = CARTESIAN_POINT ( 'NONE',  ( -21.49778806364665940, 1.884422811403394959, -0.3966572936946021199 ) ) ;
#268 = CARTESIAN_POINT ( 'NONE',  ( 11.50088065137000015, 19.99839908512999997, -3.605295978588000327 ) ) ;
#269 = CARTESIAN_POINT ( 'NONE',  ( 0.000000000000000000, 0.000000000000000000, 5.638832967551000053 ) ) ;
#270 = CARTESIAN_POINT ( 'NONE',  ( -18.53641781254360410, 2.396793692848552926, -1.076868461360285911 ) ) ;
#271 = PRODUCT ( 'PTR2 20mm DVT2 - Exterior surfaces', 'PTR2 20mm DVT2 - Exterior surfaces', '', ( #32 ) ) ;
#272 = ADVANCED_FACE ( 'NONE', ( #824 ), #1714, .T. ) ;
#273 = CARTESIAN_POINT ( 'NONE',  ( -4.889015000183000262E-05, -0.0002174092057465000017, -1.001306167644000045 ) ) ;
#274 = CARTESIAN_POINT ( 'NONE',  ( -2.716135067249730195, -20.61624367648754941, 4.202389014246000087 ) ) ;
#275 = ORIENTED_EDGE ( 'NONE', *, *, #8087, .T. ) ;
#276 = CARTESIAN_POINT ( 'NONE',  ( 20.70867476294702314, 1.322416697629702487, 1.815023295833464889 ) ) ;
#277 = CARTESIAN_POINT ( 'NONE',  ( -1.629831350118793230E-09, -20.75000000000024869, 3.383693845754243590 ) ) ;
#278 = CARTESIAN_POINT ( 'NONE',  ( -1.680000000000000160, 14.14999999999999858, -1.816306154244996751 ) ) ;
#279 = CARTESIAN_POINT ( 'NONE',  ( 20.01778362009000034, -8.078547013733999194, -0.8401375226945999586 ) ) ;
#280 = AXIS2_PLACEMENT_3D ( 'NONE', #7967, #2659, #7284 ) ;
#281 = CARTESIAN_POINT ( 'NONE',  ( 20.53847006639680117, -2.954956734001604968, 1.633882492204485004 ) ) ;
#282 = CARTESIAN_POINT ( 'NONE',  ( 12.13378794879596967, 18.32924164007875234, -3.147466241113316521 ) ) ;
#283 = CARTESIAN_POINT ( 'NONE',  ( 20.22135545800999878, -6.792471848821000080, 0.1031101366345999887 ) ) ;
#284 = FACE_OUTER_BOUND ( 'NONE', #3039, .T. ) ;
#285 = ORIENTED_EDGE ( 'NONE', *, *, #6358, .T. ) ;
#286 = CARTESIAN_POINT ( 'NONE',  ( -11.80542014779375393, -20.71295790956395422, -0.01603196820920663179 ) ) ;
#287 = CARTESIAN_POINT ( 'NONE',  ( 19.64150727823999887, -10.01030914223999879, -1.706306154247999807 ) ) ;
#288 = DIRECTION ( 'NONE',  ( -1.000000000000000000, -0.000000000000000000, -0.000000000000000000 ) ) ;
#289 = CARTESIAN_POINT ( 'NONE',  ( 17.99655511862308188, 10.27074494296644325, 0.6357260312818491244 ) ) ;
#290 = CARTESIAN_POINT ( 'NONE',  ( 12.94255425085999889, 10.81061227636000055, -1.990974383222000155 ) ) ;
#291 = CARTESIAN_POINT ( 'NONE',  ( 19.86306300053060880, -6.001768759055336133, 1.197166363570699943 ) ) ;
#292 = ORIENTED_EDGE ( 'NONE', *, *, #4114, .T. ) ;
#293 = CARTESIAN_POINT ( 'NONE',  ( 17.84032545713659346, -10.63977160071823747, 1.884600056378708866 ) ) ;
#294 = LINE ( 'NONE', #2349, #6723 ) ;
#295 = CARTESIAN_POINT ( 'NONE',  ( 10.68031791381999973, 19.01179248914000297, -3.436854843548000193 ) ) ;
#296 = CARTESIAN_POINT ( 'NONE',  ( 20.28044009956210658, 7.376426593482468874, 1.043025205998881821 ) ) ;
#297 = ORIENTED_EDGE ( 'NONE', *, *, #1093, .T. ) ;
#298 = CARTESIAN_POINT ( 'NONE',  ( 20.72783750165638850, -0.9249999999767027914, -1.156306154321633750 ) ) ;
#299 = VERTEX_POINT ( 'NONE', #2320 ) ;
#300 = EDGE_CURVE ( 'NONE', #6175, #4274, #7745, .T. ) ;
#301 = ORIENTED_EDGE ( 'NONE', *, *, #5055, .F. ) ;
#302 = CARTESIAN_POINT ( 'NONE',  ( 20.63700765506313672, 2.170982560655021487, -1.301218589796581337 ) ) ;
#303 = CARTESIAN_POINT ( 'NONE',  ( 11.88312867540000006, 14.43415175656999949, -2.164376638880999959 ) ) ;
#304 = CARTESIAN_POINT ( 'NONE',  ( -21.27857606914999877, 0.9619807693682000949, 1.803694035437999998 ) ) ;
#305 = ORIENTED_EDGE ( 'NONE', *, *, #6302, .F. ) ;
#306 = CARTESIAN_POINT ( 'NONE',  ( 19.74418379705999982, -8.229517149698999390, 1.702287934931000057 ) ) ;
#307 = ORIENTED_EDGE ( 'NONE', *, *, #5173, .T. ) ;
#308 = CARTESIAN_POINT ( 'NONE',  ( -10.03470417874770249, 21.14599942128846877, -3.567739087968897049 ) ) ;
#309 = CARTESIAN_POINT ( 'NONE',  ( -20.75000000000045119, -1.270571054115378937E-15, 4.523749079003446028 ) ) ;
#310 = EDGE_LOOP ( 'NONE', ( #2254, #631, #2521, #6741 ) ) ;
#311 = CARTESIAN_POINT ( 'NONE',  ( 13.75047963847362809, 14.25904592403963100, 0.08369384575501784274 ) ) ;
#312 = DIRECTION ( 'NONE',  ( 0.9135454576426008666, 0.4067366430758004303, 0.000000000000000000 ) ) ;
#313 = AXIS2_PLACEMENT_3D ( 'NONE', #5345, #1989, #1395 ) ;
#314 = CARTESIAN_POINT ( 'NONE',  ( 19.25151693208191972, -7.740402780914847902, -1.156489487594139831 ) ) ;
#315 = CARTESIAN_POINT ( 'NONE',  ( 15.74420331093354797, 8.362346251393079299, -1.706371855699990059 ) ) ;
#316 = CARTESIAN_POINT ( 'NONE',  ( 4.757156897484000327E-05, -0.0002177015306344999850, 1.648693860211999818 ) ) ;
#317 = CARTESIAN_POINT ( 'NONE',  ( 20.68143579755860983, -1.672756114724725629, 1.615920237222088662 ) ) ;
#318 = CARTESIAN_POINT ( 'NONE',  ( 18.78892496375000221, 7.740796840299000614, 1.803693845750999891 ) ) ;
#319 = ORIENTED_EDGE ( 'NONE', *, *, #2321, .F. ) ;
#320 = CARTESIAN_POINT ( 'NONE',  ( 19.71151172816647090, -6.482839708762032416, 0.3235980823524421401 ) ) ;
#321 = DIRECTION ( 'NONE',  ( 0.000000000000000000, 1.000000000000000000, 0.000000000000000000 ) ) ;
#322 = CARTESIAN_POINT ( 'NONE',  ( 10.63957856000000035, 20.39017579830999694, -3.715154284386000150 ) ) ;
#323 = ORIENTED_EDGE ( 'NONE', *, *, #1882, .T. ) ;
#324 = CARTESIAN_POINT ( 'NONE',  ( -12.83128798397257597, -12.66490232518505898, -1.595435339190410362 ) ) ;
#325 = CIRCLE ( 'NONE', #4264, 2.050000000000004707 ) ;
#326 = B_SPLINE_CURVE_WITH_KNOTS ( 'NONE', 3,
 ( #7735, #5123, #7763, #1621, #1069, #2395, #5746, #7084, #7054, #3030, #1654, #8408, #6386, #3084, #3701, #4431, #6415, #1683 ),
 .UNSPECIFIED., .F., .F.,
 ( 4, 2, 2, 2, 2, 2, 2, 2, 4 ),
 ( 0.000000000000000000, 0.06250000000000001388, 0.1250000000000000278, 0.1874999999999999722, 0.2499999999999999445, 0.3124999999999999445, 0.3749999999999999445, 0.4375000000000000000, 0.5000000000000000000 ),
 .UNSPECIFIED. ) ;
#327 = CARTESIAN_POINT ( 'NONE',  ( -21.19660246338999698, 2.405006333810999930, 0.2868322456128999942 ) ) ;
#328 = CARTESIAN_POINT ( 'NONE',  ( 21.26155951229000252, -1.361507250705999983, 1.739304679463999914 ) ) ;
#329 = DIRECTION ( 'NONE',  ( 0.000000000000000000, 0.000000000000000000, -1.000000000000000000 ) ) ;
#330 = CARTESIAN_POINT ( 'NONE',  ( 21.43509099497999770, 1.597136654423000124, 1.481375495495000028 ) ) ;
#331 = VERTEX_POINT ( 'NONE', #1507 ) ;
#332 = CIRCLE ( 'NONE', #8497, 1.800000000000000044 ) ;
#333 = DIRECTION ( 'NONE',  ( 1.000000000000000000, 3.454645728081000418E-11, -8.810022428609000066E-10 ) ) ;
#334 = DIRECTION ( 'NONE',  ( 0.000000000000000000, 0.000000000000000000, -1.000000000000000000 ) ) ;
#335 = CARTESIAN_POINT ( 'NONE',  ( 20.64999999999981739, -1.847737847993143003E-09, 3.533693845755199181 ) ) ;
#336 = CARTESIAN_POINT ( 'NONE',  ( -19.69021667023922717, -6.685974911015638789, 4.523749079003891005 ) ) ;
#337 = FACE_OUTER_BOUND ( 'NONE', #6370, .T. ) ;
#338 = DIRECTION ( 'NONE',  ( 0.4067366430757998197, -0.9135454576426010886, 0.000000000000000000 ) ) ;
#339 = EDGE_LOOP ( 'NONE', ( #6845, #301, #5272, #3054 ) ) ;
#340 = CARTESIAN_POINT ( 'NONE',  ( -20.72937218322210029, -0.9249933278564370642, -1.706307364869480203 ) ) ;
#341 = B_SPLINE_CURVE_WITH_KNOTS ( 'NONE', 3,
 ( #949, #5734, #3856, #7069 ),
 .UNSPECIFIED., .F., .F.,
 ( 4, 4 ),
 ( 0.000000000000000000, 1.000000000000000000 ),
 .UNSPECIFIED. ) ;
#342 = CARTESIAN_POINT ( 'NONE',  ( -11.86469521894997214, -20.83909528096835118, -3.191453763134348698 ) ) ;
#343 = CARTESIAN_POINT ( 'NONE',  ( -10.01976643775999953, 21.49882777896999997, -0.1495805774743000083 ) ) ;
#344 = FACE_BOUND ( 'NONE', #3046, .T. ) ;
#345 = CARTESIAN_POINT ( 'NONE',  ( 11.00723091653849828, -13.27487436503561113, -2.066306154244998528 ) ) ;
#346 = CARTESIAN_POINT ( 'NONE',  ( 9.910045494192710080, 14.04777557890004047, -2.066184245846950152 ) ) ;
#347 = PLANE ( 'NONE',  #4918 ) ;
#348 = VERTEX_POINT ( 'NONE', #3035 ) ;
#349 = CARTESIAN_POINT ( 'NONE',  ( 11.92562869496000033, -18.42487928743999959, -3.187903123864999966 ) ) ;
#350 = EDGE_CURVE ( 'NONE', #5011, #1690, #5901, .T. ) ;
#351 = CARTESIAN_POINT ( 'NONE',  ( 10.25704845677000066, -20.55916471467000051, -3.764596369188000224 ) ) ;
#352 = CARTESIAN_POINT ( 'NONE',  ( -2.356154175500532855, 17.88388552904326545, 5.710772084629346601 ) ) ;
#353 = CARTESIAN_POINT ( 'NONE',  ( -17.42421696911974038, -4.667064080092720779, 5.710772084629344825 ) ) ;
#354 = EDGE_LOOP ( 'NONE', ( #4498, #821, #4606, #5560 ) ) ;
#355 = ADVANCED_FACE ( 'NONE', ( #396 ), #2465, .T. ) ;
#356 = CARTESIAN_POINT ( 'NONE',  ( 20.57420755511796173, 2.697275193006245519, -0.7025450838190666625 ) ) ;
#357 = CARTESIAN_POINT ( 'NONE',  ( 21.19886769113000113, -2.369336522056999961, 0.6528819684291000680 ) ) ;
#358 = CARTESIAN_POINT ( 'NONE',  ( 12.14463187511082332, -18.25083152441963108, -3.112471595514765710 ) ) ;
#359 = CARTESIAN_POINT ( 'NONE',  ( 21.37122655685000083, 0.9145513136342000582, 1.703016909262000000 ) ) ;
#360 = CARTESIAN_POINT ( 'NONE',  ( 17.36537602582155060, 11.35809094768892002, 0.3236510879290830367 ) ) ;
#361 = EDGE_CURVE ( 'NONE', #3541, #1574, #8720, .T. ) ;
#362 = CARTESIAN_POINT ( 'NONE',  ( -12.68199628829895609, -13.71725507719495951, -2.082556677286843794 ) ) ;
#363 = CARTESIAN_POINT ( 'NONE',  ( 20.72032540641266252, -1.127757496790816827, -1.206298117975026729 ) ) ;
#364 = CARTESIAN_POINT ( 'NONE',  ( -4.190823558986625216E-28, 20.62499999999957012, 3.508693845755001206 ) ) ;
#365 = VECTOR ( 'NONE', #1329, 1000.000000000000000 ) ;
#366 = CARTESIAN_POINT ( 'NONE',  ( 10.01538152642000057, -21.27580594843000128, -0.002005495588276000329 ) ) ;
#367 = ORIENTED_EDGE ( 'NONE', *, *, #6123, .T. ) ;
#368 = CARTESIAN_POINT ( 'NONE',  ( 12.14796861721304033, 18.22675759074084922, -3.101750202811684787 ) ) ;
#369 = CARTESIAN_POINT ( 'NONE',  ( 19.17809679427295322, 7.922317368868619702, -1.706306466701889901 ) ) ;
#370 = CARTESIAN_POINT ( 'NONE',  ( -11.19987252093000052, 20.06990594796000238, -2.068331160266999813 ) ) ;
#371 = DIRECTION ( 'NONE',  ( 0.000000000000000000, 1.000000000000000000, 0.000000000000000000 ) ) ;
#372 = CARTESIAN_POINT ( 'NONE',  ( 20.53851170273636484, 2.955002036642515595, 1.196841128761695128 ) ) ;
#373 = CARTESIAN_POINT ( 'NONE',  ( 17.81573415591055820, 10.62841674026998895, -0.6128209728663838174 ) ) ;
#374 = CARTESIAN_POINT ( 'NONE',  ( 9.955841865930254997, 16.62798054559441496, -0.4239569492889808666 ) ) ;
#375 = CARTESIAN_POINT ( 'NONE',  ( 20.11245059728999962, 7.078661132908000475, -0.5983571243413000618 ) ) ;
#376 = VERTEX_POINT ( 'NONE', #7716 ) ;
#377 = CARTESIAN_POINT ( 'NONE',  ( -10.02000802454128348, 20.30405731068256259, -3.841837455227003595 ) ) ;
#378 = CARTESIAN_POINT ( 'NONE',  ( -11.06970209114999903, -20.52936981799000193, -3.596439639511999964 ) ) ;
#379 = CARTESIAN_POINT ( 'NONE',  ( 11.76242499291999799, -20.00789191790000032, -3.555552992923999955 ) ) ;
#380 = CARTESIAN_POINT ( 'NONE',  ( 1.300000000000000044, 11.11453526336000053, -1.496306154245000020 ) ) ;
#381 = VECTOR ( 'NONE', #1740, 1000.000000000000000 ) ;
#382 = VERTEX_POINT ( 'NONE', #8444 ) ;
#383 = CARTESIAN_POINT ( 'NONE',  ( 11.19987252093000052, 0.000000000000000000, 0.000000000000000000 ) ) ;
#384 = CARTESIAN_POINT ( 'NONE',  ( -10.03749910602829942, -21.30607164643510032, -0.02725726599708559739 ) ) ;
#385 = DIRECTION ( 'NONE',  ( 0.000000000000000000, 0.000000000000000000, -1.000000000000000000 ) ) ;
#386 = CARTESIAN_POINT ( 'NONE',  ( 21.25157431705999755, -1.567713500506000113, 1.658392250042000082 ) ) ;
#387 = DIRECTION ( 'NONE',  ( 0.000000000000000000, -1.000000000000000000, 0.000000000000000000 ) ) ;
#388 = CARTESIAN_POINT ( 'NONE',  ( -15.63277634635511859, -13.71215507266032496, 3.383693845754000673 ) ) ;
#389 = VECTOR ( 'NONE', #7331, 1000.000000000000000 ) ;
#390 = CARTESIAN_POINT ( 'NONE',  ( -11.43925658980705151, -18.56335913810866600, -3.241700869847766509 ) ) ;
#391 = ORIENTED_EDGE ( 'NONE', *, *, #193, .T. ) ;
#392 = CARTESIAN_POINT ( 'NONE',  ( -1.299999999999979172, 10.55000000000000071, -1.816306154244996973 ) ) ;
#393 = AXIS2_PLACEMENT_3D ( 'NONE', #7586, #905, #4765 ) ;
#394 = DIRECTION ( 'NONE',  ( -0.9063077870366585964, -0.4226182617406808451, -0.000000000000000000 ) ) ;
#395 = CARTESIAN_POINT ( 'NONE',  ( -10.04672864158564849, 21.83488043590471861, -2.807479991810660103 ) ) ;
#396 = FACE_OUTER_BOUND ( 'NONE', #339, .T. ) ;
#397 = CARTESIAN_POINT ( 'NONE',  ( 12.92111821736576083, 16.23596230641659943, 1.633702142078530040 ) ) ;
#398 = CARTESIAN_POINT ( 'NONE',  ( -21.46952561967000150, 0.8932333534649999907, 1.594622576883999887 ) ) ;
#399 = ORIENTED_EDGE ( 'NONE', *, *, #2564, .T. ) ;
#400 = CARTESIAN_POINT ( 'NONE',  ( 19.63355311191121189, -6.709022128245279326, -0.4242556088691140093 ) ) ;
#401 = B_SPLINE_CURVE_WITH_KNOTS ( 'NONE', 3,
 ( #1871, #1929, #6574, #2560, #7959, #3911, #1253, #2619, #7329, #8018 ),
 .UNSPECIFIED., .F., .F.,
 ( 4, 2, 2, 2, 4 ),
 ( 0.000000000000000000, 0.2500000000000001110, 0.5000000000000002220, 0.7500000000000001110, 1.000000000000000000 ),
 .UNSPECIFIED. ) ;
#402 = CARTESIAN_POINT ( 'NONE',  ( 10.00099835231497103, -19.21499391821210878, -3.511023038586374767 ) ) ;
#403 = CARTESIAN_POINT ( 'NONE',  ( -18.21158705696934632, -7.670466451355467008, 0.02223246542646457533 ) ) ;
#404 = CARTESIAN_POINT ( 'NONE',  ( 20.68143072324862430, -1.672823542834314337, -0.9684478243592039570 ) ) ;
#405 = CARTESIAN_POINT ( 'NONE',  ( 4.495734977061997206, 12.34999999999999964, -2.066306154244998528 ) ) ;
#406 = ADVANCED_FACE ( 'NONE', ( #4829 ), #5573, .F. ) ;
#407 = ORIENTED_EDGE ( 'NONE', *, *, #5565, .T. ) ;
#408 = EDGE_CURVE ( 'NONE', #3991, #3770, #7045, .T. ) ;
#409 = EDGE_CURVE ( 'NONE', #2081, #6631, #6506, .T. ) ;
#410 = VERTEX_POINT ( 'NONE', #4468 ) ;
#411 = CARTESIAN_POINT ( 'NONE',  ( 19.51530129689846405, -7.051410092105269811, 1.541359374008471894 ) ) ;
#412 = EDGE_LOOP ( 'NONE', ( #4356, #2421, #81, #2494, #4986, #7851 ) ) ;
#413 = CARTESIAN_POINT ( 'NONE',  ( -10.02420952904371632, 20.54476134241840413, -3.819572467206252320 ) ) ;
#414 = CARTESIAN_POINT ( 'NONE',  ( -11.04772084750000083, -21.70460125472000001, -2.402433736543000187 ) ) ;
#415 = ORIENTED_EDGE ( 'NONE', *, *, #4875, .T. ) ;
#416 = CARTESIAN_POINT ( 'NONE',  ( 11.83600535177999902, -19.20840216033999681, -3.498869076287000279 ) ) ;
#417 = CARTESIAN_POINT ( 'NONE',  ( 9.910539702452130228, -14.05042288576007969, -2.065365693549670034 ) ) ;
#418 = CARTESIAN_POINT ( 'NONE',  ( -10.41292708706363612, -21.17876672323554388, -0.02326106508275065446 ) ) ;
#419 = EDGE_CURVE ( 'NONE', #1292, #8638, #294, .T. ) ;
#420 = EDGE_CURVE ( 'NONE', #6259, #6538, #3772, .T. ) ;
#421 = CARTESIAN_POINT ( 'NONE',  ( 21.19660246325999964, 2.405006333810999930, 0.2868321379657000070 ) ) ;
#422 = CARTESIAN_POINT ( 'NONE',  ( 18.29082845494000154, -10.96592635714999986, -0.4160894620280000122 ) ) ;
#423 = CARTESIAN_POINT ( 'NONE',  ( -12.88648402575664065, -11.37701993475126017, -2.066373589886615125 ) ) ;
#424 = CARTESIAN_POINT ( 'NONE',  ( -12.14230774128199819, 20.70738820028371663, -0.08059890935181426852 ) ) ;
#425 = ORIENTED_EDGE ( 'NONE', *, *, #2503, .F. ) ;
#426 = CARTESIAN_POINT ( 'NONE',  ( 12.65728818092673613, -16.49848323140090400, 3.383693845753999785 ) ) ;
#427 = CARTESIAN_POINT ( 'NONE',  ( -10.05164760333154739, 22.11668756559071269, -1.545525679745526570 ) ) ;
#428 = VERTEX_POINT ( 'NONE', #2432 ) ;
#429 = CARTESIAN_POINT ( 'NONE',  ( -21.49204935536000249, 2.009243159878000284, 0.9311989251443001381 ) ) ;
#430 = CARTESIAN_POINT ( 'NONE',  ( 19.08295602379298828, 2.773568341171945395, -0.5241824042394520600 ) ) ;
#431 = DIRECTION ( 'NONE',  ( -1.000000000000000000, 0.000000000000000000, 0.000000000000000000 ) ) ;
#432 = LINE ( 'NONE', #5184, #2868 ) ;
#433 = CARTESIAN_POINT ( 'NONE',  ( -12.12715254472680115, -18.37746105957035070, -3.168951404274159778 ) ) ;
#434 = VERTEX_POINT ( 'NONE', #1050 ) ;
#435 = LINE ( 'NONE', #2454, #1692 ) ;
#436 = DIRECTION ( 'NONE',  ( 0.000000000000000000, 0.000000000000000000, -1.000000000000000000 ) ) ;
#437 = CARTESIAN_POINT ( 'NONE',  ( 11.93215405862000011, -18.37428748128000322, -3.164876146686999903 ) ) ;
#438 = CARTESIAN_POINT ( 'NONE',  ( -9.910538454117620688, -14.05042365475923916, -2.065365822652360350 ) ) ;
#439 = DIRECTION ( 'NONE',  ( -0.6192157897674128719, 0.2566234174916054434, -0.7421025719519158681 ) ) ;
#440 = CARTESIAN_POINT ( 'NONE',  ( 16.52595574432685055, -6.685321521859969529, -1.706290334666315189 ) ) ;
#441 = DIRECTION ( 'NONE',  ( -1.000000000000000000, 0.000000000000000000, 0.000000000000000000 ) ) ;
#442 = ORIENTED_EDGE ( 'NONE', *, *, #5339, .T. ) ;
#443 = FACE_OUTER_BOUND ( 'NONE', #1569, .T. ) ;
#444 = AXIS2_PLACEMENT_3D ( 'NONE', #6018, #8129, #4030 ) ;
#445 = ADVANCED_FACE ( 'NONE', ( #2180 ), #8620, .T. ) ;
#446 = CARTESIAN_POINT ( 'NONE',  ( -21.20390156017999672, 2.304270321423000478, -0.2167598056801000039 ) ) ;
#447 = CARTESIAN_POINT ( 'NONE',  ( 21.19669270782999959, -2.405006333196999968, 0.3236938625995999796 ) ) ;
#448 = CARTESIAN_POINT ( 'NONE',  ( -21.20175296668000087, 2.340466126354999954, 0.7606586747908999913 ) ) ;
#449 = CARTESIAN_POINT ( 'NONE',  ( 21.27499248152000177, 0.8784838917162000049, -1.162642377727000076 ) ) ;
#450 = CARTESIAN_POINT ( 'NONE',  ( 19.43745156248917993, 5.803350768074407640, 0.7349816876599721827 ) ) ;
#451 = ORIENTED_EDGE ( 'NONE', *, *, #6250, .F. ) ;
#452 = DIRECTION ( 'NONE',  ( 0.000000000000000000, 1.000000000000000000, -4.095881171866926968E-14 ) ) ;
#453 = CARTESIAN_POINT ( 'NONE',  ( 21.22947840273000253, -1.933571266415000212, -0.7613411520543998945 ) ) ;
#454 = CARTESIAN_POINT ( 'NONE',  ( 19.58062332820722418, 2.954985276098134328, 0.06457057016734971122 ) ) ;
#455 = CARTESIAN_POINT ( 'NONE',  ( 11.92963756889782267, 21.56576199495695079, -1.228029164430699982 ) ) ;
#456 = CARTESIAN_POINT ( 'NONE',  ( -12.92097108093750002, 16.23577618015760038, 1.633914089293755145 ) ) ;
#457 = CARTESIAN_POINT ( 'NONE',  ( -11.31132178742787175, -20.20116679453899522, -3.607497284257128012 ) ) ;
#458 = CARTESIAN_POINT ( 'NONE',  ( -1.300000000000000044, 12.34999999999999964, -1.816306154244996973 ) ) ;
#459 = CARTESIAN_POINT ( 'NONE',  ( -12.80601256476832184, 16.95543359671543726, 1.459208195080465398 ) ) ;
#460 = EDGE_CURVE ( 'NONE', #5714, #2627, #3566, .T. ) ;
#461 = VECTOR ( 'NONE', #6860, 1000.000000000000000 ) ;
#462 = ORIENTED_EDGE ( 'NONE', *, *, #3344, .F. ) ;
#463 = EDGE_CURVE ( 'NONE', #8224, #6107, #5278, .T. ) ;
#464 = CARTESIAN_POINT ( 'NONE',  ( -10.03200087677999974, -22.01284228933999998, -2.404345232570000324 ) ) ;
#465 = CARTESIAN_POINT ( 'NONE',  ( 11.55145643182000192, -19.33946018741000117, -3.553238896472000086 ) ) ;
#466 =( NAMED_UNIT ( * ) PLANE_ANGLE_UNIT ( ) SI_UNIT ( $, .RADIAN. ) );
#467 = CARTESIAN_POINT ( 'NONE',  ( 0.000000000000000000, 0.000000000000000000, 5.638832967551000053 ) ) ;
#468 = CARTESIAN_POINT ( 'NONE',  ( 20.74311807031777377, 0.6170388719636095143, -1.206338451848000037 ) ) ;
#469 = CYLINDRICAL_SURFACE ( 'NONE', #4351, 1.480000000000001092 ) ;
#470 = CARTESIAN_POINT ( 'NONE',  ( -21.25656773417999901, 1.466114690788999919, -1.055322408389999911 ) ) ;
#471 = CARTESIAN_POINT ( 'NONE',  ( 20.08661391296999810, 7.147199999590999830, 1.330777726071000089 ) ) ;
#472 = ORIENTED_EDGE ( 'NONE', *, *, #7359, .T. ) ;
#473 = CARTESIAN_POINT ( 'NONE',  ( -21.20783642131000235, 2.259766400325000202, 0.9662182749008000338 ) ) ;
#474 = B_SPLINE_CURVE_WITH_KNOTS ( 'NONE', 3,
 ( #7581, #2221, #6905, #7615, #7549, #4191, #2879, #5622 ),
 .UNSPECIFIED., .F., .F.,
 ( 4, 2, 2, 4 ),
 ( 5.941227001993022421E-17, 0.0008849183276088290083, 0.001769836655217598602, 0.003539673310435137790 ),
 .UNSPECIFIED. ) ;
#475 = CARTESIAN_POINT ( 'NONE',  ( -20.74312227677136988, 0.6168502975378059583, 1.853689569960000227 ) ) ;
#476 = DIRECTION ( 'NONE',  ( 0.000000000000000000, 0.08715574274766389740, -0.9961946980917451011 ) ) ;
#477 = CARTESIAN_POINT ( 'NONE',  ( 12.07171990608999934, 21.12453559812999870, -0.3876153886948000005 ) ) ;
#478 = CARTESIAN_POINT ( 'NONE',  ( -12.06043418339843676, -18.86446395187156710, -3.382191990438365714 ) ) ;
#479 = DIRECTION ( 'NONE',  ( -0.000000000000000000, -0.000000000000000000, -1.000000000000000000 ) ) ;
#480 = B_SPLINE_CURVE_WITH_KNOTS ( 'NONE', 3,
 ( #4736, #7382, #4028, #3289 ),
 .UNSPECIFIED., .F., .F.,
 ( 4, 4 ),
 ( 0.000000000000000000, 1.000000000000000000 ),
 .UNSPECIFIED. ) ;
#481 = B_SPLINE_CURVE_WITH_KNOTS ( 'NONE', 3,
 ( #4895, #7597, #8247, #3569, #6887 ),
 .UNSPECIFIED., .F., .F.,
 ( 4, 1, 4 ),
 ( 0.008980922561504255108, 0.5011827040432973446, 0.9933844855250903993 ),
 .UNSPECIFIED. ) ;
#482 = ORIENTED_EDGE ( 'NONE', *, *, #2771, .T. ) ;
#483 = CARTESIAN_POINT ( 'NONE',  ( -21.29821043817999637, 2.186954771966000077, 1.043713092254999975 ) ) ;
#484 = DIRECTION ( 'NONE',  ( 0.4067367320409873144, -0.9135454180327423623, 0.000000000000000000 ) ) ;
#485 = DIRECTION ( 'NONE',  ( -0.7071067811865515695, 0.000000000000000000, -0.7071067811865435759 ) ) ;
#486 = CARTESIAN_POINT ( 'NONE',  ( 18.79401020075999895, 10.02858977844000066, 1.788458365794999949 ) ) ;
#487 = CARTESIAN_POINT ( 'NONE',  ( 20.53850328092804745, 2.955000846827434913, 1.633799503896349981 ) ) ;
#488 = CARTESIAN_POINT ( 'NONE',  ( -17.82717579881384040, -0.3085054164061178938, -1.706306154247999807 ) ) ;
#489 = CARTESIAN_POINT ( 'NONE',  ( -21.19669270782999959, -2.405006333196999968, 0.3236938625995999796 ) ) ;
#490 = CARTESIAN_POINT ( 'NONE',  ( 19.69397293993145936, 6.529722573852366097, 0.5184956168885517247 ) ) ;
#491 = VECTOR ( 'NONE', #3807, 1000.000000000000000 ) ;
#492 = CARTESIAN_POINT ( 'NONE',  ( -1.300000000000018030, 14.14999999999999858, -1.496306154245000020 ) ) ;
#493 = ORIENTED_EDGE ( 'NONE', *, *, #6302, .T. ) ;
#494 = EDGE_CURVE ( 'NONE', #3711, #5081, #5371, .T. ) ;
#495 = CARTESIAN_POINT ( 'NONE',  ( 10.04721244685353732, 21.86259762087098579, -2.752023990049514257 ) ) ;
#496 = CARTESIAN_POINT ( 'NONE',  ( -20.75000000000000000, 1.737181189057269824E-09, 4.202389014246000087 ) ) ;
#497 = AXIS2_PLACEMENT_3D ( 'NONE', #3576, #2143, #6171 ) ;
#498 = CARTESIAN_POINT ( 'NONE',  ( -11.21098405776999840, -21.10020105843999971, -0.1338877840722999812 ) ) ;
#499 = CARTESIAN_POINT ( 'NONE',  ( 17.75931217042544219, -10.72820152432369412, 1.070465833769466801 ) ) ;
#500 = CARTESIAN_POINT ( 'NONE',  ( 9.926191319292190229, -14.92930186662458247, -1.697239854041641349 ) ) ;
#501 = DIRECTION ( 'NONE',  ( -0.000000000000000000, -0.000000000000000000, -1.000000000000000000 ) ) ;
#502 = ORIENTED_EDGE ( 'NONE', *, *, #1478, .T. ) ;
#503 = ORIENTED_EDGE ( 'NONE', *, *, #3139, .T. ) ;
#504 = CARTESIAN_POINT ( 'NONE',  ( -21.51667318533809237, -1.652847058443834838, -0.6116931761856633232 ) ) ;
#505 = CARTESIAN_POINT ( 'NONE',  ( -12.04992271365095391, 21.14601053299693945, -0.4588892994769967482 ) ) ;
#506 = ORIENTED_EDGE ( 'NONE', *, *, #6676, .T. ) ;
#507 = CARTESIAN_POINT ( 'NONE',  ( 11.94338794668999881, 21.16538061428000006, -0.3898991532193000209 ) ) ;
#508 = VERTEX_POINT ( 'NONE', #8640 ) ;
#509 = CARTESIAN_POINT ( 'NONE',  ( -19.76926175930339724, -2.955004418068249983, 0.3236120856750730468 ) ) ;
#510 = CARTESIAN_POINT ( 'NONE',  ( 20.70817575677016364, 1.311061641292626589, 1.765689659618820073 ) ) ;
#511 = VERTEX_POINT ( 'NONE', #5781 ) ;
#512 = CARTESIAN_POINT ( 'NONE',  ( -21.33799163704000179, 1.645934713913999925, 1.579494643322999936 ) ) ;
#513 = EDGE_CURVE ( 'NONE', #7885, #4777, #2377, .T. ) ;
#514 = EDGE_LOOP ( 'NONE', ( #6640, #6600, #6310, #7724, #305, #5705 ) ) ;
#515 = CARTESIAN_POINT ( 'NONE',  ( -12.09889797684013502, -20.92718660885788751, -0.2345889851321738273 ) ) ;
#516 = CARTESIAN_POINT ( 'NONE',  ( 17.75966517608025086, 10.72762555258407779, 1.071774759400668353 ) ) ;
#517 = PLANE ( 'NONE',  #5539 ) ;
#518 = DIRECTION ( 'NONE',  ( -0.000000000000000000, -0.000000000000000000, 1.000000000000000000 ) ) ;
#519 = ORIENTED_EDGE ( 'NONE', *, *, #2013, .T. ) ;
#520 = CARTESIAN_POINT ( 'NONE',  ( -19.22890256754999783, 0.000000000000000000, 5.638832967551000053 ) ) ;
#521 = EDGE_CURVE ( 'NONE', #5414, #5180, #3150, .T. ) ;
#522 = ORIENTED_EDGE ( 'NONE', *, *, #3405, .T. ) ;
#523 = CARTESIAN_POINT ( 'NONE',  ( 20.08634546019310463, -5.380113296719577498, 3.633693845755173513 ) ) ;
#524 = CARTESIAN_POINT ( 'NONE',  ( 10.04885226408330112, 21.95654268704520717, -0.8252632577610735654 ) ) ;
#525 = CARTESIAN_POINT ( 'NONE',  ( 12.61049077699462373, 18.11141279480428068, 1.102919039432766812 ) ) ;
#526 = CARTESIAN_POINT ( 'NONE',  ( -20.64091876397068859, 2.110007165815044328, -0.5844526916850308895 ) ) ;
#527 = DIRECTION ( 'NONE',  ( 1.000000000000000000, 0.000000000000000000, 0.000000000000000000 ) ) ;
#528 = CARTESIAN_POINT ( 'NONE',  ( 17.74439828714454848, 10.75648081422315450, 1.095907222443897711 ) ) ;
#529 = CARTESIAN_POINT ( 'NONE',  ( -11.93863281331044135, 19.91139406426545122, -3.538233549207975059 ) ) ;
#530 = VERTEX_POINT ( 'NONE', #5188 ) ;
#531 = EDGE_CURVE ( 'NONE', #7446, #1707, #6935, .T. ) ;
#532 = AXIS2_PLACEMENT_3D ( 'NONE', #383, #1066, #5802 ) ;
#533 = CARTESIAN_POINT ( 'NONE',  ( 21.21146440879000039, 2.208352459140000335, -0.4162336386341999872 ) ) ;
#534 = CARTESIAN_POINT ( 'NONE',  ( -3.811713162346301880E-15, 20.75000000000089884, 4.523749079003891893 ) ) ;
#535 = CARTESIAN_POINT ( 'NONE',  ( -21.19953624275000337, 2.369154533740000179, 0.6537097372421000196 ) ) ;
#536 = CARTESIAN_POINT ( 'NONE',  ( -12.16332589783696072, 20.59463211377179803, -0.01560864668693204976 ) ) ;
#537 = ORIENTED_EDGE ( 'NONE', *, *, #4947, .F. ) ;
#538 = CIRCLE ( 'NONE', #665, 0.5000000000000000000 ) ;
#539 = CARTESIAN_POINT ( 'NONE',  ( 11.96234812854000040, 19.85397229895999871, -3.538930143968999964 ) ) ;
#540 = CARTESIAN_POINT ( 'NONE',  ( -20.32557422695679961, -2.955000000000000071, 1.172120608800817365 ) ) ;
#541 = CARTESIAN_POINT ( 'NONE',  ( -12.80002775045813657, -16.99517890597962833, 1.452755491716593683 ) ) ;
#542 = B_SPLINE_CURVE_WITH_KNOTS ( 'NONE', 3,
 ( #6895, #1524, #172, #4900, #6863, #3514, #4811, #7512, #5525, #889 ),
 .UNSPECIFIED., .F., .F.,
 ( 4, 2, 2, 2, 4 ),
 ( 0.000000000000000000, 0.2500000000000000000, 0.5000000000000000000, 0.7500000000000000000, 1.000000000000000000 ),
 .UNSPECIFIED. ) ;
#543 = CARTESIAN_POINT ( 'NONE',  ( -21.37224791807999935, 0.8858943576615000426, -1.054934862267000062 ) ) ;
#544 = ORIENTED_EDGE ( 'NONE', *, *, #6838, .T. ) ;
#545 = CARTESIAN_POINT ( 'NONE',  ( 11.96657204150178977, -19.64389612786245820, -3.558970057097385009 ) ) ;
#546 = CARTESIAN_POINT ( 'NONE',  ( 21.27399282002000191, -0.9092847800945000891, 1.810787221271000114 ) ) ;
#547 = CARTESIAN_POINT ( 'NONE',  ( -11.93071350586000001, -18.38786421006999916, -3.171245028692999846 ) ) ;
#548 = FACE_OUTER_BOUND ( 'NONE', #1256, .T. ) ;
#549 = CARTESIAN_POINT ( 'NONE',  ( -12.83764748298492009, 15.61745239936668916, 0.6587926543036117799 ) ) ;
#550 = CARTESIAN_POINT ( 'NONE',  ( -21.37828633206000006, -2.276016243812000184, 0.3313394362312999664 ) ) ;
#551 = CARTESIAN_POINT ( 'NONE',  ( -18.31769104593407960, 2.179911886111304931, -1.273287758188739627 ) ) ;
#552 = DIRECTION ( 'NONE',  ( 0.000000000000000000, 1.000000000000000000, 0.000000000000000000 ) ) ;
#553 = CARTESIAN_POINT ( 'NONE',  ( -1.358084325207373988, -20.74999999993722355, 3.633693845755000762 ) ) ;
#554 = ORIENTED_EDGE ( 'NONE', *, *, #3251, .T. ) ;
#555 = CARTESIAN_POINT ( 'NONE',  ( 10.48126907141000075, -20.28442047644000468, 0.5892769886001999469 ) ) ;
#556 = VECTOR ( 'NONE', #2505, 1000.000000000000000 ) ;
#557 = CARTESIAN_POINT ( 'NONE',  ( -11.28818796765999899, -19.90156301763000357, 0.6404253927843999161 ) ) ;
#558 = DIRECTION ( 'NONE',  ( 0.000000000000000000, -1.000000000000000000, 0.000000000000000000 ) ) ;
#559 = CARTESIAN_POINT ( 'NONE',  ( 10.00092468072358010, 19.20261121409579985, -3.504218695403119810 ) ) ;
#560 = AXIS2_PLACEMENT_3D ( 'NONE', #5926, #3200, #1186 ) ;
#561 = ORIENTED_EDGE ( 'NONE', *, *, #7758, .F. ) ;
#562 = CARTESIAN_POINT ( 'NONE',  ( -21.22034886295999812, -2.083644361030999814, 1.246754875367000137 ) ) ;
#563 = CARTESIAN_POINT ( 'NONE',  ( -21.54460039241029179, -1.243566227371237565, 1.464057234340763847 ) ) ;
#564 = CARTESIAN_POINT ( 'NONE',  ( 3.352254991947617782E-14, -20.75000000000000000, 4.309509035832277846 ) ) ;
#565 = CARTESIAN_POINT ( 'NONE',  ( 12.00933394510999896, 20.83650139462000084, -0.1279799112408999961 ) ) ;
#566 = CARTESIAN_POINT ( 'NONE',  ( -11.99665216698173964, -19.37833029676309593, -3.524120796359663910 ) ) ;
#567 = CARTESIAN_POINT ( 'NONE',  ( 20.68145303092388332, 1.672557348624204687, 1.616030357907394688 ) ) ;
#568 = ORIENTED_EDGE ( 'NONE', *, *, #7821, .T. ) ;
#569 = EDGE_CURVE ( 'NONE', #1681, #801, #7179, .T. ) ;
#570 = CARTESIAN_POINT ( 'NONE',  ( 21.47512910793000174, -2.172952793776000036, 0.3306914345506999919 ) ) ;
#571 = B_SPLINE_CURVE_WITH_KNOTS ( 'NONE', 3,
 ( #1671, #3718, #291, #2267 ),
 .UNSPECIFIED., .F., .F.,
 ( 4, 4 ),
 ( 0.000000000000000000, 1.000000000000000000 ),
 .UNSPECIFIED. ) ;
#572 = CARTESIAN_POINT ( 'NONE',  ( 18.22618635339999926, 11.08143728565999986, 0.7606353915335999361 ) ) ;
#573 = CARTESIAN_POINT ( 'NONE',  ( -12.58679120620999825, -14.85098951716000037, -2.193827688303000123 ) ) ;
#574 = CARTESIAN_POINT ( 'NONE',  ( 19.42862333895440585, 7.286975028271885257, 1.697180574977040779 ) ) ;
#575 = CARTESIAN_POINT ( 'NONE',  ( -20.75339555808571035, -0.5009201552895036214, -0.6127214978036893411 ) ) ;
#576 = LINE ( 'NONE', #4359, #7217 ) ;
#577 = ORIENTED_EDGE ( 'NONE', *, *, #5113, .T. ) ;
#578 = CARTESIAN_POINT ( 'NONE',  ( -20.74312334735515861, -0.6168022942827603439, 1.853685728981000036 ) ) ;
#579 = CARTESIAN_POINT ( 'NONE',  ( -12.65728818276214795, -16.49848322999068984, 3.633693845754926155 ) ) ;
#580 = CARTESIAN_POINT ( 'NONE',  ( -12.40319166846828303, 19.28256528786180724, 0.6400532556527264161 ) ) ;
#581 = CARTESIAN_POINT ( 'NONE',  ( 9.979039463490998685, -19.21016928513000366, -3.507024267270999918 ) ) ;
#582 = EDGE_CURVE ( 'NONE', #6781, #3573, #177, .T. ) ;
#583 = EDGE_CURVE ( 'NONE', #2354, #7370, #3450, .T. ) ;
#584 = CARTESIAN_POINT ( 'NONE',  ( 13.71215507455076832, 15.63277634469223010, 4.523749079003892781 ) ) ;
#585 = DIRECTION ( 'NONE',  ( 0.6696542024597195164, -0.02910183402221082696, 0.7421026427554213711 ) ) ;
#586 = CARTESIAN_POINT ( 'NONE',  ( 10.00658907950326437, 19.53528646406126867, -3.690584061084521750 ) ) ;
#587 = CYLINDRICAL_SURFACE ( 'NONE', #617, 0.4000000000000000222 ) ;
#588 = ORIENTED_EDGE ( 'NONE', *, *, #4128, .T. ) ;
#589 = CARTESIAN_POINT ( 'NONE',  ( -20.53851183857635476, 2.955000430643705212, 0.3236963601018285064 ) ) ;
#590 = CARTESIAN_POINT ( 'NONE',  ( -21.19664544004999840, -2.405006332778000022, 0.3605554718650000323 ) ) ;
#591 = CARTESIAN_POINT ( 'NONE',  ( 4.495734977061997206, 12.34999999999999964, -2.096306154244998776 ) ) ;
#592 = B_SPLINE_CURVE_WITH_KNOTS ( 'NONE', 3,
 ( #848, #7591, #3564, #4235, #6311, #942, #4919, #878, #6951, #8299, #2259, #1606, #6342, #2824, #7055, #5404 ),
 .UNSPECIFIED., .F., .F.,
 ( 4, 2, 2, 2, 2, 2, 2, 4 ),
 ( 0.000000000000000000, 0.1249999999999998057, 0.2499999999999996114, 0.3749999999999994449, 0.4999999999999992228, 0.6249999999999990008, 0.7499999999999987788, 1.000000000000000000 ),
 .UNSPECIFIED. ) ;
#593 = DIRECTION ( 'NONE',  ( 0.000000000000000000, 1.000000000000000000, 0.000000000000000000 ) ) ;
#594 = FACE_OUTER_BOUND ( 'NONE', #4527, .T. ) ;
#595 = ORIENTED_EDGE ( 'NONE', *, *, #7009, .F. ) ;
#596 = CARTESIAN_POINT ( 'NONE',  ( 10.01592089730214141, -20.06990594796000238, -1.068331160267000257 ) ) ;
#597 = AXIS2_PLACEMENT_3D ( 'NONE', #5126, #1798, #476 ) ;
#598 = CARTESIAN_POINT ( 'NONE',  ( -11.88086339908607947, 21.59775262827515263, -1.791093405983117615 ) ) ;
#599 = CARTESIAN_POINT ( 'NONE',  ( 20.74961180210769385, -6.340959873882222310E-10, -1.206320756045127895 ) ) ;
#600 = ADVANCED_FACE ( 'NONE', ( #7888 ), #6103, .F. ) ;
#601 = B_SPLINE_CURVE_WITH_KNOTS ( 'NONE', 3,
 ( #1504, #3430, #4109, #6244, #2820, #8205, #4852, #5475, #1419, #816, #6156, #154, #2098, #6818 ),
 .UNSPECIFIED., .F., .F.,
 ( 4, 2, 2, 2, 2, 2, 4 ),
 ( 0.000000000000000000, 0.2499999999999983347, 0.3749999999999986677, 0.4999999999999988898, 0.6249999999999991118, 0.7499999999999994449, 1.000000000000000000 ),
 .UNSPECIFIED. ) ;
#602 = CYLINDRICAL_SURFACE ( 'NONE', #2646, 1.800000000000000044 ) ;
#603 = CARTESIAN_POINT ( 'NONE',  ( -11.91912551536000109, -18.47556409675999944, -3.210823388329999695 ) ) ;
#604 = EDGE_LOOP ( 'NONE', ( #4322, #5742, #3496, #3912, #6029 ) ) ;
#605 = CARTESIAN_POINT ( 'NONE',  ( 21.33809401866999877, -1.643965829527000100, 1.578245128565000099 ) ) ;
#606 = CARTESIAN_POINT ( 'NONE',  ( 20.59549507075135466, 2.504166333364450825, 0.01184414531494181605 ) ) ;
#607 = CARTESIAN_POINT ( 'NONE',  ( 17.63647022032155220, -10.93278658290223326, 0.3236937131427901626 ) ) ;
#608 = CARTESIAN_POINT ( 'NONE',  ( 19.17811189611397538, 7.922280514237201920, 1.853689892583486376 ) ) ;
#609 = CARTESIAN_POINT ( 'NONE',  ( 8.460753485506801397, 15.07133807427370087, -2.066306154244998528 ) ) ;
#610 = CYLINDRICAL_SURFACE ( 'NONE', #5402, 1.479999999999999982 ) ;
#611 = CARTESIAN_POINT ( 'NONE',  ( -20.73690763054454678, 0.5007830829009952689, 0.01147226855102808328 ) ) ;
#612 = DIRECTION ( 'NONE',  ( 0.9063047781110029621, -0.4226247143426015151, 6.963453550318020209E-09 ) ) ;
#613 = CARTESIAN_POINT ( 'NONE',  ( 12.98829697116999959, 16.14243770798000099, 1.643103371518999989 ) ) ;
#614 = CARTESIAN_POINT ( 'NONE',  ( -12.06272139797012599, 18.85380995557729378, -3.366609258633876500 ) ) ;
#615 = ORIENTED_EDGE ( 'NONE', *, *, #409, .T. ) ;
#616 = CARTESIAN_POINT ( 'NONE',  ( 12.33392484908000064, -17.86024682615000359, 1.329443635173999994 ) ) ;
#617 = AXIS2_PLACEMENT_3D ( 'NONE', #8075, #44, #1460 ) ;
#618 = CARTESIAN_POINT ( 'NONE',  ( -9.926560431845068422, -14.95044831035995436, -2.108267913607672295 ) ) ;
#619 = EDGE_LOOP ( 'NONE', ( #1252, #8182, #5466, #2266 ) ) ;
#620 = CARTESIAN_POINT ( 'NONE',  ( -11.43709982803999914, 21.15302449018999909, -3.066458808388000001 ) ) ;
#621 = CARTESIAN_POINT ( 'NONE',  ( -12.57102762666999851, -17.00189524258999896, -0.1839127054036999998 ) ) ;
#622 = ORIENTED_EDGE ( 'NONE', *, *, #4082, .T. ) ;
#623 = CARTESIAN_POINT ( 'NONE',  ( -21.23030772938999888, -1.932948284906000236, 1.409299106447999828 ) ) ;
#624 = CARTESIAN_POINT ( 'NONE',  ( 18.29085062746000290, -10.96583903423000095, 1.063573792727000145 ) ) ;
#625 = CARTESIAN_POINT ( 'NONE',  ( -4.138477165733999819, 10.55000000000000071, -1.496306154245000020 ) ) ;
#626 = ORIENTED_EDGE ( 'NONE', *, *, #112, .F. ) ;
#627 = CARTESIAN_POINT ( 'NONE',  ( 10.64063362121999923, 21.96504795974999880, -1.641320725364999955 ) ) ;
#628 = DIRECTION ( 'NONE',  ( -0.6696544294188097046, 0.02909841594447038285, 0.7421025719867105908 ) ) ;
#629 = VERTEX_POINT ( 'NONE', #6532 ) ;
#630 = CARTESIAN_POINT ( 'NONE',  ( 18.00707175734999765, -9.417486452244000716, 1.803645897901000161 ) ) ;
#631 = ORIENTED_EDGE ( 'NONE', *, *, #5237, .T. ) ;
#632 = CARTESIAN_POINT ( 'NONE',  ( -9.979789402111000740, -19.24870022839000328, -3.528296684693000174 ) ) ;
#633 = CARTESIAN_POINT ( 'NONE',  ( 21.46952369668999694, -0.8933254747530999795, 1.594592199478999994 ) ) ;
#634 = EDGE_CURVE ( 'NONE', #434, #5295, #4533, .T. ) ;
#635 = B_SPLINE_CURVE_WITH_KNOTS ( 'NONE', 3,
 ( #5664, #5102, #1054, #5784, #6396, #3065, #1605, #6454, #2352, #3094, #6341, #2291, #5695, #971 ),
 .UNSPECIFIED., .F., .F.,
 ( 4, 2, 2, 2, 2, 2, 4 ),
 ( 0.000000000000000000, 0.0009479951345546055010, 0.001895990269109211002, 0.002369987836386513915, 0.002843985403663816611, 0.003317982970941119308, 0.003791980538218422004 ),
 .UNSPECIFIED. ) ;
#636 = CARTESIAN_POINT ( 'NONE',  ( 20.70841549166230067, -1.502237522850091933, -1.237295447176319341 ) ) ;
#637 = CARTESIAN_POINT ( 'NONE',  ( -11.58852433760000089, -17.57877938462999978, -2.808652213299000167 ) ) ;
#638 = CARTESIAN_POINT ( 'NONE',  ( -21.45991208526000094, -1.139145049707000146, -0.9513155007242999339 ) ) ;
#639 = EDGE_CURVE ( 'NONE', #963, #4371, #4591, .T. ) ;
#640 = CARTESIAN_POINT ( 'NONE',  ( 19.86305031754941552, 6.001810733645320362, 1.197078963170895793 ) ) ;
#641 = EDGE_CURVE ( 'NONE', #7446, #4193, #8098, .T. ) ;
#642 = CARTESIAN_POINT ( 'NONE',  ( -18.25159580348126909, -8.340702692923356310, 0.4340045368473020582 ) ) ;
#643 = CARTESIAN_POINT ( 'NONE',  ( 2.716135066231753825, -20.61624367661948654, 3.633693845755026519 ) ) ;
#644 = ORIENTED_EDGE ( 'NONE', *, *, #8634, .F. ) ;
#645 = CARTESIAN_POINT ( 'NONE',  ( 16.49848323081796053, 12.65728818168076941, 4.523749079003891893 ) ) ;
#646 = CYLINDRICAL_SURFACE ( 'NONE', #1941, 1.480000000000001092 ) ;
#647 = CARTESIAN_POINT ( 'NONE',  ( 9.959001582216899351, -16.80900057067676201, -0.2647070543646951601 ) ) ;
#648 = CARTESIAN_POINT ( 'NONE',  ( 11.87725375649422510, -21.60533705611289790, -1.824599430443490489 ) ) ;
#649 = VERTEX_POINT ( 'NONE', #681 ) ;
#650 = FACE_OUTER_BOUND ( 'NONE', #8712, .T. ) ;
#651 = DIRECTION ( 'NONE',  ( -0.9063077834854128545, 0.4226182600847078197, 8.852531875976003936E-05 ) ) ;
#652 = CARTESIAN_POINT ( 'NONE',  ( -7.638584468207460176, 19.29286208218145049, 4.523749079002525875 ) ) ;
#653 = CARTESIAN_POINT ( 'NONE',  ( -12.21324245495000049, 17.90533079433999930, -2.956712905079000198 ) ) ;
#654 = CARTESIAN_POINT ( 'NONE',  ( 10.01538158516999921, 21.27580952207999943, -0.002007857833354000001 ) ) ;
#655 = ORIENTED_EDGE ( 'NONE', *, *, #6125, .T. ) ;
#656 = CARTESIAN_POINT ( 'NONE',  ( -11.90707380321086362, 20.26605135115944734, -3.470424309233393512 ) ) ;
#657 = CARTESIAN_POINT ( 'NONE',  ( 12.12715188846799919, -18.37746116585185163, -3.168951450962140370 ) ) ;
#658 = VECTOR ( 'NONE', #7750, 1000.000000000000114 ) ;
#659 = B_SPLINE_CURVE_WITH_KNOTS ( 'NONE', 3,
 ( #599, #3955, #8119, #3990 ),
 .UNSPECIFIED., .F., .F.,
 ( 4, 4 ),
 ( 0.000000000000000000, 1.000000000000000000 ),
 .UNSPECIFIED. ) ;
#660 = DIRECTION ( 'NONE',  ( 0.000000000000000000, 0.000000000000000000, -1.000000000000000000 ) ) ;
#661 = DIRECTION ( 'NONE',  ( 1.000000000000000000, 0.000000000000000000, 0.000000000000000000 ) ) ;
#662 = CARTESIAN_POINT ( 'NONE',  ( -12.04597507855999972, -12.22523057817999970, -2.065551886185000185 ) ) ;
#663 = CARTESIAN_POINT ( 'NONE',  ( 19.32797332818405778, 7.551661185692454481, 1.814560593031177893 ) ) ;
#664 = ORIENTED_EDGE ( 'NONE', *, *, #808, .F. ) ;
#665 = AXIS2_PLACEMENT_3D ( 'NONE', #1846, #527, #1203 ) ;
#666 = CARTESIAN_POINT ( 'NONE',  ( -20.72954128087523173, -0.9248969363997694426, 1.853681786051799119 ) ) ;
#667 = CARTESIAN_POINT ( 'NONE',  ( -9.910538454117620688, -14.05042365475923916, -2.065365822652360350 ) ) ;
#668 = ORIENTED_EDGE ( 'NONE', *, *, #5236, .F. ) ;
#669 = CARTESIAN_POINT ( 'NONE',  ( -19.26570716574513398, -2.852412510943896251, -0.3148052007026794219 ) ) ;
#670 = CARTESIAN_POINT ( 'NONE',  ( -12.14796955830211900, -18.22675760464819916, -3.101750140326450023 ) ) ;
#671 = DIRECTION ( 'NONE',  ( 0.000000000000000000, -1.000000000000000000, 0.000000000000000000 ) ) ;
#672 = CARTESIAN_POINT ( 'NONE',  ( 12.29005800884932498, -19.90892679711108570, 0.3551821250926135987 ) ) ;
#673 = FACE_OUTER_BOUND ( 'NONE', #3958, .T. ) ;
#674 = FACE_OUTER_BOUND ( 'NONE', #6754, .T. ) ;
#675 = CARTESIAN_POINT ( 'NONE',  ( -21.19672827940000204, -2.402242060487999709, 0.4342705669526999990 ) ) ;
#676 = ORIENTED_EDGE ( 'NONE', *, *, #583, .F. ) ;
#677 = CARTESIAN_POINT ( 'NONE',  ( -12.14103323516413724, 18.27694247124889060, -3.124100288344265675 ) ) ;
#678 = DIRECTION ( 'NONE',  ( 1.000000000000000000, 0.000000000000000000, 0.000000000000000000 ) ) ;
#679 = CARTESIAN_POINT ( 'NONE',  ( 5.694972323165010227E-08, 17.18999595947529713, -2.066300294919140246 ) ) ;
#680 = CARTESIAN_POINT ( 'NONE',  ( 11.69521875879000028, 20.93994019464999923, -0.1299115326239999868 ) ) ;
#681 = CARTESIAN_POINT ( 'NONE',  ( 17.80316417110933713, -0.9254719819435821559, -1.706306388398422857 ) ) ;
#682 = CARTESIAN_POINT ( 'NONE',  ( 20.17588535438000008, 6.914785046472000651, -0.3188128789767999960 ) ) ;
#683 = EDGE_CURVE ( 'NONE', #1797, #382, #3792, .T. ) ;
#684 = CARTESIAN_POINT ( 'NONE',  ( 18.39412275057765100, 9.597940242736969552, -1.156307878150347301 ) ) ;
#685 = EDGE_CURVE ( 'NONE', #2743, #5191, #5731, .T. ) ;
#686 = FACE_OUTER_BOUND ( 'NONE', #8730, .T. ) ;
#687 = VERTEX_POINT ( 'NONE', #84 ) ;
#688 = EDGE_CURVE ( 'NONE', #4649, #2743, #4358, .T. ) ;
#689 = DIRECTION ( 'NONE',  ( -1.000000000000000000, -0.000000000000000000, -0.000000000000000000 ) ) ;
#690 = CARTESIAN_POINT ( 'NONE',  ( 18.25312229715999734, -11.02267761286000081, -0.4526315672044000094 ) ) ;
#691 = B_SPLINE_CURVE_WITH_KNOTS ( 'NONE', 3,
 ( #534, #6833, #3478, #861, #8196, #6170 ),
 .UNSPECIFIED., .F., .F.,
 ( 4, 2, 4 ),
 ( 0.000000000000000000, 0.5000000000000000000, 1.000000000000000000 ),
 .UNSPECIFIED. ) ;
#692 = CARTESIAN_POINT ( 'NONE',  ( 20.62506328228551666, -2.504298320759264840, 1.884078586097441832 ) ) ;
#693 = CARTESIAN_POINT ( 'NONE',  ( 9.910539702452130228, -14.05042288576007969, -2.065365693549670034 ) ) ;
#694 = CARTESIAN_POINT ( 'NONE',  ( 20.75000000000090239, -1.358084324208123306, 4.523749079003891893 ) ) ;
#695 = CARTESIAN_POINT ( 'NONE',  ( 18.68654680361311193, 10.79440199835355152, 1.041496835384604136 ) ) ;
#696 = CARTESIAN_POINT ( 'NONE',  ( -20.68121274104832352, 1.502428733178926779, 0.01137979720720175107 ) ) ;
#697 = DIRECTION ( 'NONE',  ( 1.000000000000000000, 0.000000000000000000, 0.000000000000000000 ) ) ;
#698 = FACE_OUTER_BOUND ( 'NONE', #3104, .T. ) ;
#699 = DIRECTION ( 'NONE',  ( -1.000000000000000000, 0.000000000000000000, -0.000000000000000000 ) ) ;
#700 = EDGE_LOOP ( 'NONE', ( #3477, #6438, #6563, #6732, #1239 ) ) ;
#701 = EDGE_CURVE ( 'NONE', #2976, #3770, #5161, .T. ) ;
#702 = EDGE_CURVE ( 'NONE', #1350, #2632, #2882, .T. ) ;
#703 = DIRECTION ( 'NONE',  ( 1.000000000000000000, -0.000000000000000000, -0.000000000000000000 ) ) ;
#704 = CARTESIAN_POINT ( 'NONE',  ( 1.300000000000000266, 12.34999999999999964, -1.496306154244957831 ) ) ;
#705 = CARTESIAN_POINT ( 'NONE',  ( 20.28046160729994085, -7.376240671157873408, 1.041448887572661519 ) ) ;
#706 = CARTESIAN_POINT ( 'NONE',  ( 11.87515862400046984, -20.67224584238464047, -3.302963248352614567 ) ) ;
#707 = VECTOR ( 'NONE', #2572, 1000.000000000000114 ) ;
#708 = VERTEX_POINT ( 'NONE', #7487 ) ;
#709 = CARTESIAN_POINT ( 'NONE',  ( 21.19664973181999912, 2.405006333912000027, 0.3236938352879000225 ) ) ;
#710 = CARTESIAN_POINT ( 'NONE',  ( 18.24346149132999884, -11.04957399142999996, 0.8641019179686999507 ) ) ;
#711 = CARTESIAN_POINT ( 'NONE',  ( 19.67702666738999895, 8.154933304091001034, 1.803693929031999987 ) ) ;
#712 = CARTESIAN_POINT ( 'NONE',  ( 18.39626106933509675, 9.598962713334930896, -1.706307364045170027 ) ) ;
#713 = ORIENTED_EDGE ( 'NONE', *, *, #3504, .F. ) ;
#714 = CARTESIAN_POINT ( 'NONE',  ( -11.92311661981092463, 20.08455709275974854, -3.514795503832643053 ) ) ;
#715 = CARTESIAN_POINT ( 'NONE',  ( 18.75181076790000034, 10.50635828342999822, 1.481375495495000028 ) ) ;
#716 = ADVANCED_FACE ( 'NONE', ( #3931 ), #5417, .T. ) ;
#717 = ORIENTED_EDGE ( 'NONE', *, *, #1300, .T. ) ;
#718 = B_SPLINE_CURVE_WITH_KNOTS ( 'NONE', 3,
 ( #2297, #5018, #3657, #7122 ),
 .UNSPECIFIED., .F., .F.,
 ( 4, 4 ),
 ( 0.000000000000000000, 1.000000000000000000 ),
 .UNSPECIFIED. ) ;
#719 = CARTESIAN_POINT ( 'NONE',  ( 21.54462213701821582, -1.243050289110220197, 1.463994100286325262 ) ) ;
#720 = CARTESIAN_POINT ( 'NONE',  ( 18.81007470221676670, 8.771280076180291374, -1.156306154231286243 ) ) ;
#721 = CARTESIAN_POINT ( 'NONE',  ( 19.07438629490999915, -9.894866600727999284, 1.594993546543000074 ) ) ;
#722 = EDGE_LOOP ( 'NONE', ( #1468, #5381, #577, #8340, #6249 ) ) ;
#723 = SURFACE_STYLE_USAGE ( .BOTH. , #3313 ) ;
#724 = CARTESIAN_POINT ( 'NONE',  ( 17.66261425871451252, -10.89013120342503349, 0.7235613054699379099 ) ) ;
#725 = CARTESIAN_POINT ( 'NONE',  ( -3.811713162346301880E-15, 20.75000000000089884, 4.523749079003891893 ) ) ;
#726 = CARTESIAN_POINT ( 'NONE',  ( 18.68664758639953760, 10.79423374663045720, -0.3956345422203144668 ) ) ;
#727 = ORIENTED_EDGE ( 'NONE', *, *, #688, .F. ) ;
#728 = CARTESIAN_POINT ( 'NONE',  ( 18.50723928071000302, 10.57160901640000006, -0.9001878032432999444 ) ) ;
#729 = CARTESIAN_POINT ( 'NONE',  ( -9.945564925138906887, 16.03912987646464927, -2.302148532400385417 ) ) ;
#730 = VERTEX_POINT ( 'NONE', #5467 ) ;
#731 = CARTESIAN_POINT ( 'NONE',  ( 10.63181711910999994, -20.72404660209999960, -3.633829716939999788 ) ) ;
#732 = ORIENTED_EDGE ( 'NONE', *, *, #4036, .T. ) ;
#733 = AXIS2_PLACEMENT_3D ( 'NONE', #7825, #1793, #6495 ) ;
#734 = ORIENTED_EDGE ( 'NONE', *, *, #7976, .T. ) ;
#735 = CARTESIAN_POINT ( 'NONE',  ( -11.18524677463000039, -20.95030514907000097, -0.03822401826749999981 ) ) ;
#736 = PLANE ( 'NONE',  #7666 ) ;
#737 = CARTESIAN_POINT ( 'NONE',  ( 20.28039750095485516, -7.376426025303844725, -0.3956824900292509328 ) ) ;
#738 = CARTESIAN_POINT ( 'NONE',  ( 12.00687420114653570, -21.32630613338034209, -0.6777088888707863967 ) ) ;
#739 = ORIENTED_EDGE ( 'NONE', *, *, #6633, .F. ) ;
#740 = CARTESIAN_POINT ( 'NONE',  ( 20.39022835868062700, 3.985633768224659867, 1.633790774064373119 ) ) ;
#741 = CARTESIAN_POINT ( 'NONE',  ( -9.983116879605359983, -18.19064498783019701, 1.633718684347605032 ) ) ;
#742 = CARTESIAN_POINT ( 'NONE',  ( 17.40998436881107025, 7.098065385936332738, -1.706306664130992523 ) ) ;
#743 = CARTESIAN_POINT ( 'NONE',  ( 11.08350390008999931, 20.25885078749000101, -3.642026860003000355 ) ) ;
#744 = UNCERTAINTY_MEASURE_WITH_UNIT (LENGTH_MEASURE( 1.000000000000000082E-05 ), #7380, 'distance_accuracy_value', 'NONE');
#745 = CARTESIAN_POINT ( 'NONE',  ( 17.90241309320632723, -1.544303934490429242, -1.615744919984866801 ) ) ;
#746 = CARTESIAN_POINT ( 'NONE',  ( 21.49773337157194320, -1.885571479986920540, 1.043025206045264275 ) ) ;
#747 = CARTESIAN_POINT ( 'NONE',  ( 12.05855111110535383, 20.62921416564932287, -0.01568018673340872138 ) ) ;
#748 = ORIENTED_EDGE ( 'NONE', *, *, #8484, .F. ) ;
#749 = DIRECTION ( 'NONE',  ( 0.000000000000000000, -1.000000000000000000, 0.000000000000000000 ) ) ;
#750 = B_SPLINE_CURVE_WITH_KNOTS ( 'NONE', 3,
 ( #5234, #3190, #4544, #8661, #1259, #1174, #1935, #3976, #8631, #3892, #4603, #499, #6550, #5324, #6605, #3918, #5914, #5997 ),
 .UNSPECIFIED., .F., .F.,
 ( 4, 2, 2, 2, 2, 2, 2, 2, 4 ),
 ( 0.000000000000000000, 0.1242638587321267807, 0.2485277174642535059, 0.3727915761963802588, 0.4970554349285070117, 0.6213192936606337646, 0.7455831523927604065, 0.8698470111248870484, 0.9941108698570138014 ),
 .UNSPECIFIED. ) ;
#751 = CARTESIAN_POINT ( 'NONE',  ( 17.82565067837373718, 10.96586131802622965, 0.3236938457535999958 ) ) ;
#752 = CARTESIAN_POINT ( 'NONE',  ( 18.30208519840291004, -9.779449138175197120, 1.853685638717946782 ) ) ;
#753 = FACE_OUTER_BOUND ( 'NONE', #2832, .T. ) ;
#754 = CARTESIAN_POINT ( 'NONE',  ( 19.14356050471999993, 9.960822032316000829, -0.8463061541712000313 ) ) ;
#755 = EDGE_CURVE ( 'NONE', #6159, #7399, #5322, .T. ) ;
#756 = CARTESIAN_POINT ( 'NONE',  ( 18.42426181272000107, 10.72414727730999928, -0.7619110372855000257 ) ) ;
#757 = EDGE_CURVE ( 'NONE', #1562, #4348, #6566, .T. ) ;
#758 = CARTESIAN_POINT ( 'NONE',  ( -18.01649660259963781, -8.445685133380051113, 0.1991817347573055785 ) ) ;
#759 = CARTESIAN_POINT ( 'NONE',  ( -3.070873911904484926E-05, -17.19000123468130070, -2.066295259086530223 ) ) ;
#760 = CARTESIAN_POINT ( 'NONE',  ( 19.69021667037863210, 6.685974910583924569, 3.383693845754000229 ) ) ;
#761 = EDGE_LOOP ( 'NONE', ( #1663, #6470 ) ) ;
#762 = FACE_OUTER_BOUND ( 'NONE', #1474, .T. ) ;
#763 = CARTESIAN_POINT ( 'NONE',  ( -18.64358680292816572, -2.485820149412702129, -0.9752965044862464961 ) ) ;
#764 = CARTESIAN_POINT ( 'NONE',  ( 12.49878237070739750, -15.44880255578357620, -2.274278602387342918 ) ) ;
#765 = CARTESIAN_POINT ( 'NONE',  ( -12.07171999559000142, 21.12453525227000029, -0.3876148617385000161 ) ) ;
#766 = CARTESIAN_POINT ( 'NONE',  ( 19.93566505096999819, -8.262148351110999656, -0.8463541020206000187 ) ) ;
#767 = CARTESIAN_POINT ( 'NONE',  ( 11.91984463464607025, -20.11251589658134264, -3.521860819915303864 ) ) ;
#768 = ADVANCED_FACE ( 'NONE', ( #1808 ), #4170, .T. ) ;
#769 = VERTEX_POINT ( 'NONE', #7456 ) ;
#770 = AXIS2_PLACEMENT_3D ( 'NONE', #3175, #4493, #6035 ) ;
#771 = CYLINDRICAL_SURFACE ( 'NONE', #7535, 1.049999999999999822 ) ;
#772 = CARTESIAN_POINT ( 'NONE',  ( 21.26674698392000096, 1.255381647782999988, 1.767770005441000158 ) ) ;
#773 = CARTESIAN_POINT ( 'NONE',  ( 10.05060725063516536, -22.05708579952063886, -2.219287307901031792 ) ) ;
#774 = CARTESIAN_POINT ( 'NONE',  ( 19.17810011917398683, 7.922309186244992141, -1.206302817663649440 ) ) ;
#775 = CARTESIAN_POINT ( 'NONE',  ( -12.85284847548452092, -15.79337334247470359, 0.8908436446902816552 ) ) ;
#776 = CARTESIAN_POINT ( 'NONE',  ( 18.98145604498395400, -2.728855234766796922, -0.6395753592403411458 ) ) ;
#777 = ORIENTED_EDGE ( 'NONE', *, *, #2332, .F. ) ;
#778 = B_SPLINE_CURVE_WITH_KNOTS ( 'NONE', 3,
 ( #3763, #3685, #6430, #400, #5667, #4357, #1055, #7119, #314, #6399 ),
 .UNSPECIFIED., .F., .F.,
 ( 4, 2, 2, 2, 4 ),
 ( 0.5002770584382346675, 0.6237447802313115242, 0.7472125020243883808, 0.8706802238174653485, 0.9941479456105422052 ),
 .UNSPECIFIED. ) ;
#779 = B_SPLINE_CURVE_WITH_KNOTS ( 'NONE', 3,
 ( #7109, #327, #1017, #5773, #1709, #6445, #446, #7941, #1179, #4520, #3193, #7909, #8548, #3833, #3113, #3779, #2459, #470, #3896, #3865, #5181, #5210, #5268, #8602 ),
 .UNSPECIFIED., .F., .F.,
 ( 4, 1, 1, 1, 1, 1, 1, 1, 1, 1, 1, 1, 1, 1, 1, 1, 1, 1, 1, 1, 1, 4 ),
 ( 0.000000000000000000, 0.04761904761904999644, 0.09523809523809999289, 0.1428571428570999946, 0.1904761904761999858, 0.2380952380951999736, 0.2857142857143000203, 0.3333333333333000081, 0.3809523809523999716, 0.4285714285713999594, 0.4761904761904999783, 0.5238095238095000772, 0.5714285714286000406, 0.6190476190476000840, 0.6666666666667000474, 0.7142857142856999797, 0.7619047619048000541, 0.8095238095237999865, 0.8571428571429000609, 0.9047619047618999932, 0.9523809523809999567, 1.000000000000000000 ),
 .UNSPECIFIED. ) ;
#780 = CARTESIAN_POINT ( 'NONE',  ( 21.48973865366742331, -1.972286318006527983, -0.2671385106829970435 ) ) ;
#781 = CARTESIAN_POINT ( 'NONE',  ( 19.17597491849637592, 7.921279384869663431, -1.156306154287781940 ) ) ;
#782 = CARTESIAN_POINT ( 'NONE',  ( 19.07440782411000058, -9.894823914225000294, -0.9476970585779000977 ) ) ;
#783 = CARTESIAN_POINT ( 'NONE',  ( -9.875737131544999770, -14.01607340914000055, -2.066710076107999949 ) ) ;
#784 = CARTESIAN_POINT ( 'NONE',  ( -21.37175073559000182, -0.9002211665479999958, 1.702780475771999980 ) ) ;
#785 = CARTESIAN_POINT ( 'NONE',  ( -4.354756216138313540, 16.63689189899060494, -2.066306154244998972 ) ) ;
#786 = VERTEX_POINT ( 'NONE', #1650 ) ;
#787 = CARTESIAN_POINT ( 'NONE',  ( -9.944003226496423764, 15.94971347476301382, -2.282857214883438512 ) ) ;
#788 = CARTESIAN_POINT ( 'NONE',  ( 11.80968933511999985, -21.60272691653999999, -1.226406184744999850 ) ) ;
#789 = CARTESIAN_POINT ( 'NONE',  ( -18.36720699559491976, -2.233292222668883387, -1.230231945057993936 ) ) ;
#790 = CARTESIAN_POINT ( 'NONE',  ( -11.96382417119536079, 19.67782150665980367, -3.546347991544574363 ) ) ;
#791 = CARTESIAN_POINT ( 'NONE',  ( -11.70053697141000093, 21.31106227855000057, -2.760732617751999740 ) ) ;
#792 = CARTESIAN_POINT ( 'NONE',  ( 0.000000000000000000, 11.11453526336000053, -1.496306154245000020 ) ) ;
#793 = FACE_BOUND ( 'NONE', #3458, .T. ) ;
#794 = CARTESIAN_POINT ( 'NONE',  ( 11.82796356314000086, 21.13747844678000121, -3.245749187546000059 ) ) ;
#795 = ORIENTED_EDGE ( 'NONE', *, *, #7758, .T. ) ;
#796 = CARTESIAN_POINT ( 'NONE',  ( -11.12358995834999931, -19.53307196549999958, -3.634249200824000159 ) ) ;
#797 = CARTESIAN_POINT ( 'NONE',  ( 12.84296362943359249, 12.36543633665399433, -1.719702703752141515 ) ) ;
#798 = CARTESIAN_POINT ( 'NONE',  ( 19.86305592283590116, 6.001812467302510612, 1.633772699105149995 ) ) ;
#799 = CARTESIAN_POINT ( 'NONE',  ( -9.946528463346002269, -16.09441606889079779, -0.8931413004959445345 ) ) ;
#800 = VECTOR ( 'NONE', #6079, 1000.000000000000000 ) ;
#801 = VERTEX_POINT ( 'NONE', #5063 ) ;
#802 = CARTESIAN_POINT ( 'NONE',  ( 17.99404809451486287, -5.612587848304811722, -0.9408747675728755810 ) ) ;
#803 = CARTESIAN_POINT ( 'NONE',  ( -20.72953728584387889, 0.9249651083242644845, -1.206303589798189080 ) ) ;
#804 = CARTESIAN_POINT ( 'NONE',  ( 19.14356050471999993, 9.960822032316000829, -0.8463061541712000313 ) ) ;
#805 = CARTESIAN_POINT ( 'NONE',  ( 15.60301865313154046, 9.412823344216002752, -1.441824889851607505 ) ) ;
#806 = ADVANCED_FACE ( 'NONE', ( #1085 ), #8049, .T. ) ;
#807 = EDGE_CURVE ( 'NONE', #168, #7765, #5049, .T. ) ;
#808 = EDGE_CURVE ( 'NONE', #2057, #5892, #3618, .T. ) ;
#809 = ADVANCED_FACE ( 'NONE', ( #5744 ), #4136, .T. ) ;
#810 = CIRCLE ( 'NONE', #2765, 1.434703676277050644 ) ;
#811 = CARTESIAN_POINT ( 'NONE',  ( -20.62971218358693903, -2.216505683236380531, 1.072567230201634469 ) ) ;
#812 = CARTESIAN_POINT ( 'NONE',  ( 4.778496500530316382, -16.52097044679724647, -2.066306154244998972 ) ) ;
#813 = EDGE_LOOP ( 'NONE', ( #2856, #2749 ) ) ;
#814 = CARTESIAN_POINT ( 'NONE',  ( 0.000000000000000000, 0.000000000000000000, -2.066306154244998528 ) ) ;
#815 = CARTESIAN_POINT ( 'NONE',  ( -11.74192750189000023, -20.22540309359999711, -3.540784952842000344 ) ) ;
#816 = CARTESIAN_POINT ( 'NONE',  ( 19.64584757116003644, 6.678788968177179264, -0.4484695953306994110 ) ) ;
#817 = CARTESIAN_POINT ( 'NONE',  ( 19.93569080374999913, 8.262138434601999037, 1.493693845673000009 ) ) ;
#818 = CARTESIAN_POINT ( 'NONE',  ( 11.94121707085999873, -21.56584804631999930, -1.223821820421999718 ) ) ;
#819 = CARTESIAN_POINT ( 'NONE',  ( 11.18524706390000034, 20.95030486977000095, -0.03822389406700000408 ) ) ;
#820 = CIRCLE ( 'NONE', #2692, 0.2000000000000000944 ) ;
#821 = ORIENTED_EDGE ( 'NONE', *, *, #2836, .F. ) ;
#822 = AXIS2_PLACEMENT_3D ( 'NONE', #98, #697, #1536 ) ;
#823 = DIRECTION ( 'NONE',  ( -1.000000000000000000, 0.000000000000000000, 0.000000000000000000 ) ) ;
#824 = FACE_OUTER_BOUND ( 'NONE', #4164, .T. ) ;
#825 = CARTESIAN_POINT ( 'NONE',  ( -10.03352998429000209, 22.13221374332999858, -1.656428755291999844 ) ) ;
#826 = CARTESIAN_POINT ( 'NONE',  ( 19.58117338685890374, 6.809960373934469402, 0.01168489217024721617 ) ) ;
#827 = CARTESIAN_POINT ( 'NONE',  ( -19.22572109089868064, 8.074368965728448089, 3.633693845755062046 ) ) ;
#828 = CARTESIAN_POINT ( 'NONE',  ( 20.22182349973999749, -6.792754987298000202, 0.5446337495035999954 ) ) ;
#829 = ORIENTED_EDGE ( 'NONE', *, *, #3810, .T. ) ;
#830 = CARTESIAN_POINT ( 'NONE',  ( 21.26189272005000319, 1.362707991052000134, 1.738945747743000148 ) ) ;
#831 = VERTEX_POINT ( 'NONE', #5832 ) ;
#832 = CARTESIAN_POINT ( 'NONE',  ( 0.0001725018308155440005, -20.74999435075629961, 1.633721018861459928 ) ) ;
#833 = EDGE_LOOP ( 'NONE', ( #6384, #1881, #918, #1984, #6364, #1382, #2624, #8569, #1728, #4955, #8632, #292, #7417, #2028, #1177, #2983, #8453, #2077, #1432, #5077, #1555, #4415, #7944, #2324, #5689, #5259, #2020, #1559, #3843, #1375 ) ) ;
#834 = CARTESIAN_POINT ( 'NONE',  ( 18.99548177670000015, 9.835113813753000755, 1.702335882780000142 ) ) ;
#835 = EDGE_LOOP ( 'NONE', ( #1091, #3007, #7071, #8592 ) ) ;
#836 = AXIS2_PLACEMENT_3D ( 'NONE', #7921, #1106, #7837 ) ;
#837 = ORIENTED_EDGE ( 'NONE', *, *, #3574, .F. ) ;
#838 = DIRECTION ( 'NONE',  ( 0.000000000000000000, 0.000000000000000000, -1.000000000000000000 ) ) ;
#839 = CARTESIAN_POINT ( 'NONE',  ( 11.50994017449392182, 20.81114180470574482, -0.01687713566099817084 ) ) ;
#840 = CARTESIAN_POINT ( 'NONE',  ( 20.27730322345999880, 7.140470502337999292, -0.3400692738978000063 ) ) ;
#841 = CARTESIAN_POINT ( 'NONE',  ( -10.25626060669000061, 19.16957348977999942, -3.500663844812000214 ) ) ;
#842 = CARTESIAN_POINT ( 'NONE',  ( -12.07171990610000023, -21.12453559812999870, -0.3876153886896999690 ) ) ;
#843 = ORIENTED_EDGE ( 'NONE', *, *, #6025, .T. ) ;
#844 = DIRECTION ( 'NONE',  ( 0.000000000000000000, 0.000000000000000000, -1.000000000000000000 ) ) ;
#845 = CARTESIAN_POINT ( 'NONE',  ( 11.86558263108999967, -21.45224269761000002, -2.409392805043999886 ) ) ;
#846 = CARTESIAN_POINT ( 'NONE',  ( 10.60789669779000022, 20.56990594796000238, -2.068331160266999813 ) ) ;
#847 = ORIENTED_EDGE ( 'NONE', *, *, #6358, .F. ) ;
#848 = CARTESIAN_POINT ( 'NONE',  ( 17.63647393645868888, 10.93278091156546417, 0.3235980829866247355 ) ) ;
#849 = CARTESIAN_POINT ( 'NONE',  ( 9.929825013105000764, -16.73088277815000069, -2.461109396847000141 ) ) ;
#850 = ADVANCED_FACE ( 'NONE', ( #2355, #7402 ), #4035, .T. ) ;
#851 = CARTESIAN_POINT ( 'NONE',  ( -11.44679355352000094, 21.58190766570000108, -2.404726694089000194 ) ) ;
#852 = CARTESIAN_POINT ( 'NONE',  ( 18.46131946105949240, 9.382253402038719159, 0.01152223812387393083 ) ) ;
#853 = CARTESIAN_POINT ( 'NONE',  ( -16.00161984669334814, 13.37056273840603104, 3.633693845755116669 ) ) ;
#854 = CARTESIAN_POINT ( 'NONE',  ( -9.994761063661998790, -20.02805861583999913, -3.844455951497000257 ) ) ;
#855 = ADVANCED_FACE ( 'NONE', ( #7734 ), #6875, .T. ) ;
#856 = ORIENTED_EDGE ( 'NONE', *, *, #8236, .F. ) ;
#857 = CARTESIAN_POINT ( 'NONE',  ( 19.43579976940477394, -7.184277824066030327, 0.01136846184303762740 ) ) ;
#858 = CARTESIAN_POINT ( 'NONE',  ( 18.94255537245608068, -8.492501115512562038, 1.853686460264000413 ) ) ;
#859 = LINE ( 'NONE', #625, #4230 ) ;
#860 = EDGE_CURVE ( 'NONE', #1677, #2519, #8474, .T. ) ;
#861 = CARTESIAN_POINT ( 'NONE',  ( -5.168830038055008735, 20.13816001167225522, 4.523749079003890117 ) ) ;
#862 = CARTESIAN_POINT ( 'NONE',  ( 17.33771825293999669, 9.105335286975000386, -1.706307484005849862 ) ) ;
#863 = ORIENTED_EDGE ( 'NONE', *, *, #238, .F. ) ;
#864 = CARTESIAN_POINT ( 'NONE',  ( 19.50548910175761819, -7.073146243844506742, 1.508624846737732339 ) ) ;
#865 = CARTESIAN_POINT ( 'NONE',  ( -18.47619662371249660, 2.341533323470396333, -1.132234423203429596 ) ) ;
#866 = VECTOR ( 'NONE', #1718, 1000.000000000000227 ) ;
#867 = CARTESIAN_POINT ( 'NONE',  ( -5.545734977061997029, 12.35000000000000142, -1.566306154244998750 ) ) ;
#868 = CARTESIAN_POINT ( 'NONE',  ( 10.29725289511000064, 13.71915957673000008, -2.066225301724000207 ) ) ;
#869 = CARTESIAN_POINT ( 'NONE',  ( 20.24876765481999641, 6.703413449985999861, 0.3326354378229999798 ) ) ;
#870 = CARTESIAN_POINT ( 'NONE',  ( 8.761866187923718741, 18.88460059493942111, 3.633693845755134433 ) ) ;
#871 = ORIENTED_EDGE ( 'NONE', *, *, #8714, .T. ) ;
#872 = FACE_OUTER_BOUND ( 'NONE', #3694, .T. ) ;
#873 = DIRECTION ( 'NONE',  ( 0.9063077870366585964, -0.4226182617406808451, -1.742360117782437994E-14 ) ) ;
#874 = EDGE_CURVE ( 'NONE', #1345, #1707, #5787, .T. ) ;
#875 = CARTESIAN_POINT ( 'NONE',  ( -20.59336968641814281, -2.551947381832770922, -0.9196563236412450548 ) ) ;
#876 = CARTESIAN_POINT ( 'NONE',  ( 10.64063362439000038, -21.96504795886999872, -1.641320725309000084 ) ) ;
#877 = CARTESIAN_POINT ( 'NONE',  ( -0.0001470041326576999874, -0.0001995674094774000078, 1.648645912362999955 ) ) ;
#878 = CARTESIAN_POINT ( 'NONE',  ( 17.80127106303542561, 10.66209644735553219, -0.6119519613981387884 ) ) ;
#879 = ORIENTED_EDGE ( 'NONE', *, *, #4140, .T. ) ;
#880 = CARTESIAN_POINT ( 'NONE',  ( 12.70442301763999993, -13.68482821589999965, -2.107335847097000503 ) ) ;
#881 = CARTESIAN_POINT ( 'NONE',  ( -10.27550734621999950, 22.03328287504000116, -2.031122622877999717 ) ) ;
#882 = CARTESIAN_POINT ( 'NONE',  ( 19.28666936621915440, 7.556810682752418629, 0.6359003035236580059 ) ) ;
#883 = CARTESIAN_POINT ( 'NONE',  ( 15.25808410343942256, 7.985110839134399008, -2.066306154244997639 ) ) ;
#884 = CARTESIAN_POINT ( 'NONE',  ( 19.76289155197000369, -7.950817015630998519, 1.788410417944999775 ) ) ;
#885 = AXIS2_PLACEMENT_3D ( 'NONE', #6272, #965, #3004 ) ;
#886 = CARTESIAN_POINT ( 'NONE',  ( 19.09744558126795155, -8.131468990965567301, 1.884311426023397074 ) ) ;
#887 = VERTEX_POINT ( 'NONE', #4428 ) ;
#888 = CARTESIAN_POINT ( 'NONE',  ( -10.72231172550577050, 18.88925654241259622, -3.376113009368054030 ) ) ;
#889 = CARTESIAN_POINT ( 'NONE',  ( 19.17809679427295322, 7.922317368868619702, -1.706306466701889901 ) ) ;
#890 = LINE ( 'NONE', #3906, #6064 ) ;
#891 = CARTESIAN_POINT ( 'NONE',  ( 20.05201479642273554, 7.977011360353119862, -0.8167331089668833366 ) ) ;
#892 = CARTESIAN_POINT ( 'NONE',  ( -19.10457748011935308, 2.781327645650949698, -0.4981987532551176989 ) ) ;
#893 = ADVANCED_FACE ( 'NONE', ( #7508 ), #8460, .T. ) ;
#894 = LINE ( 'NONE', #2411, #3534 ) ;
#895 = B_SPLINE_CURVE_WITH_KNOTS ( 'NONE', 3,
 ( #5419, #6760, #719, #2756, #4786, #746, #3452, #4704, #5393, #7518, #4815, #780, #1442, #2122, #8732, #1326, #6062, #6734 ),
 .UNSPECIFIED., .F., .F.,
 ( 4, 2, 2, 2, 2, 2, 2, 2, 4 ),
 ( 0.000000000000000000, 0.1250000000000000000, 0.2500000000000000000, 0.3750000000000000000, 0.5000000000000000000, 0.6250000000000000000, 0.7500000000000000000, 0.8750000000000000000, 1.000000000000000000 ),
 .UNSPECIFIED. ) ;
#896 = ORIENTED_EDGE ( 'NONE', *, *, #3798, .F. ) ;
#897 = ADVANCED_FACE ( 'NONE', ( #5952 ), #6471, .T. ) ;
#898 = CARTESIAN_POINT ( 'NONE',  ( -20.71979107846427581, -1.120988361450203419, -1.156440938574686772 ) ) ;
#899 = CARTESIAN_POINT ( 'NONE',  ( 3.352254991947762932E-14, -20.75000000000089884, 4.523749079003891893 ) ) ;
#900 = CARTESIAN_POINT ( 'NONE',  ( 19.74982697877999982, 8.216261054613999804, -1.055401648051000008 ) ) ;
#901 = DIRECTION ( 'NONE',  ( 0.000000000000000000, 0.000000000000000000, -1.000000000000000000 ) ) ;
#902 = CARTESIAN_POINT ( 'NONE',  ( -12.14573201803000124, -20.79170692607999982, -0.1272709119874000094 ) ) ;
#903 = CARTESIAN_POINT ( 'NONE',  ( 20.17256584216000093, -6.908334610834999445, -0.4692623536266000150 ) ) ;
#904 = CARTESIAN_POINT ( 'NONE',  ( -10.25585026871999972, 19.30945401970000219, -3.577444128203999707 ) ) ;
#905 = DIRECTION ( 'NONE',  ( -0.9135454180327423623, -0.4067367320409873699, -1.948676803253945464E-09 ) ) ;
#906 = CYLINDRICAL_SURFACE ( 'NONE', #7850, 21.57999999999999829 ) ;
#907 = CARTESIAN_POINT ( 'NONE',  ( 11.21098432195999983, -21.10019880511000068, -0.1338858121572999993 ) ) ;
#908 = EDGE_LOOP ( 'NONE', ( #1675, #4929, #8009, #2758 ) ) ;
#909 = DIRECTION ( 'NONE',  ( 0.000000000000000000, 1.000000000000000000, 0.000000000000000000 ) ) ;
#910 = CARTESIAN_POINT ( 'NONE',  ( -10.75368529307000109, 18.92314654269999963, -3.394909935647999699 ) ) ;
#911 = CARTESIAN_POINT ( 'NONE',  ( -1.300000000000000044, 12.34999999999999964, -1.478875005814942689 ) ) ;
#912 = CARTESIAN_POINT ( 'NONE',  ( -11.01556397242900154, -17.62404139923474844, 1.633730565805999957 ) ) ;
#913 = CARTESIAN_POINT ( 'NONE',  ( -19.75395548889157027, 0.9249444505818098516, -1.706306154247999807 ) ) ;
#914 = DIRECTION ( 'NONE',  ( 0.000000000000000000, 0.000000000000000000, -1.000000000000000000 ) ) ;
#915 = CARTESIAN_POINT ( 'NONE',  ( 12.12715147632176027, 18.37746206840839847, -3.168951853068604496 ) ) ;
#916 = CARTESIAN_POINT ( 'NONE',  ( 19.69147793734999752, -8.120890151695999037, 1.803646019279000035 ) ) ;
#917 = LINE ( 'NONE', #3157, #1944 ) ;
#918 = ORIENTED_EDGE ( 'NONE', *, *, #6909, .T. ) ;
#919 = CARTESIAN_POINT ( 'NONE',  ( 18.76573750386037176, -8.861290328724560794, -1.237005911340227637 ) ) ;
#920 = CARTESIAN_POINT ( 'NONE',  ( -12.31107544526999931, 19.45150103342999870, 0.6671630067000999809 ) ) ;
#921 = B_SPLINE_CURVE_WITH_KNOTS ( 'NONE', 3,
 ( #3360, #677, #4121, #7537 ),
 .UNSPECIFIED., .F., .F.,
 ( 4, 4 ),
 ( 0.000000000000000000, 1.000000000000000000 ),
 .UNSPECIFIED. ) ;
#922 = CARTESIAN_POINT ( 'NONE',  ( -21.51613581037410583, 1.661907251009381747, -0.6149157435250580672 ) ) ;
#923 = CARTESIAN_POINT ( 'NONE',  ( 11.55215541707999982, 19.33914389299000192, -3.553106553761999464 ) ) ;
#924 = FACE_OUTER_BOUND ( 'NONE', #1247, .T. ) ;
#925 = ORIENTED_EDGE ( 'NONE', *, *, #2680, .T. ) ;
#926 = CARTESIAN_POINT ( 'NONE',  ( 20.28050631504173040, 7.376235437263480854, -0.3941042191199570777 ) ) ;
#927 = CARTESIAN_POINT ( 'NONE',  ( 18.86827695460999976, 10.08362870704999992, -1.055630403961000052 ) ) ;
#928 = EDGE_CURVE ( 'NONE', #1546, #7547, #3068, .T. ) ;
#929 = VECTOR ( 'NONE', #6418, 1000.000000000000000 ) ;
#930 = EDGE_CURVE ( 'NONE', #8680, #629, #3125, .T. ) ;
#931 = CARTESIAN_POINT ( 'NONE',  ( -13.94326276738618731, 15.42187098723889704, 1.634083485366209842 ) ) ;
#932 = CARTESIAN_POINT ( 'NONE',  ( -10.39887648913843776, -18.00750567945211600, 4.202389014246000087 ) ) ;
#933 = CARTESIAN_POINT ( 'NONE',  ( 20.72952532936656667, 0.9252514524115981187, -1.206352983185925432 ) ) ;
#934 = CARTESIAN_POINT ( 'NONE',  ( -11.47704172222999830, 18.63055073246999882, -3.274664693920999792 ) ) ;
#935 = DIRECTION ( 'NONE',  ( 1.000000000000000000, 0.000000000000000000, 0.000000000000000000 ) ) ;
#936 = ORIENTED_EDGE ( 'NONE', *, *, #1366, .F. ) ;
#937 = CARTESIAN_POINT ( 'NONE',  ( 19.96617146323999847, -7.442807268198999182, -1.028927139813000213 ) ) ;
#938 = CARTESIAN_POINT ( 'NONE',  ( -10.25748752592000201, 20.68487265175000189, -3.723431279075999800 ) ) ;
#939 = PLANE ( 'NONE',  #5100 ) ;
#940 = EDGE_LOOP ( 'NONE', ( #2801, #1131 ) ) ;
#941 = CARTESIAN_POINT ( 'NONE',  ( 20.72954164405753019, -0.9248820588887832761, 1.853684242759571665 ) ) ;
#942 = CARTESIAN_POINT ( 'NONE',  ( 17.71967043402062103, 10.79709782142357710, -0.3605841950475870972 ) ) ;
#943 = ORIENTED_EDGE ( 'NONE', *, *, #6069, .F. ) ;
#944 = AXIS2_PLACEMENT_3D ( 'NONE', #1613, #6323, #3634 ) ;
#945 = DIRECTION ( 'NONE',  ( -1.000000000000000000, 0.000000000000000000, 0.000000000000000000 ) ) ;
#946 = CARTESIAN_POINT ( 'NONE',  ( -17.90812923948390178, -8.411067349032887108, 0.05296624612091575118 ) ) ;
#947 = CARTESIAN_POINT ( 'NONE',  ( 19.75981153830529635, 6.451110891745308606, -1.236815639372785380 ) ) ;
#948 = CARTESIAN_POINT ( 'NONE',  ( 9.983114425952880566, 18.19064840843564923, 1.633711006505734975 ) ) ;
#949 = CARTESIAN_POINT ( 'NONE',  ( -12.12715260530545969, 18.37746048870040028, -3.168951149722860183 ) ) ;
#950 = ADVANCED_FACE ( 'NONE', ( #5109 ), #2021, .F. ) ;
#951 = ORIENTED_EDGE ( 'NONE', *, *, #3968, .T. ) ;
#952 = EDGE_LOOP ( 'NONE', ( #6729, #8725, #1755, #8212, #1453 ) ) ;
#953 = CARTESIAN_POINT ( 'NONE',  ( 19.29972522193323670, -7.562755823615225026, 1.259969616022785566 ) ) ;
#954 = DIRECTION ( 'NONE',  ( 2.867713328106250211E-12, -5.143432074291080504E-14, -1.000000000000000000 ) ) ;
#955 = EDGE_LOOP ( 'NONE', ( #7757, #6337, #5144, #5520 ) ) ;
#956 = CARTESIAN_POINT ( 'NONE',  ( 12.14798533461480012, -18.22670561100150266, -3.101727070111275353 ) ) ;
#957 = CARTESIAN_POINT ( 'NONE',  ( 10.25703528707999901, 20.55917052685999735, -3.764598072476999846 ) ) ;
#958 = CARTESIAN_POINT ( 'NONE',  ( 11.82796305938000003, -22.19183244457000015, -1.540882237597000159 ) ) ;
#959 = CARTESIAN_POINT ( 'NONE',  ( -19.53487809621700677, 2.931614196685753182, 0.01364011427308484993 ) ) ;
#960 = B_SPLINE_CURVE_WITH_KNOTS ( 'NONE', 3,
 ( #6936, #2876, #7578, #6238, #180, #6902, #2943, #3550, #931, #2217 ),
 .UNSPECIFIED., .F., .F.,
 ( 4, 2, 2, 2, 4 ),
 ( 0.000000000000000000, 0.2500000000000000555, 0.5000000000000001110, 0.7500000000000002220, 1.000000000000000000 ),
 .UNSPECIFIED. ) ;
#961 = DIRECTION ( 'NONE',  ( -0.8065029784225545839, 0.000000000000000000, -0.5912300278195860015 ) ) ;
#962 = DIRECTION ( 'NONE',  ( 0.4226182617406803455, 0.9063077870366590405, 0.000000000000000000 ) ) ;
#963 = VERTEX_POINT ( 'NONE', #529 ) ;
#964 = CARTESIAN_POINT ( 'NONE',  ( 20.60427525902345280, 2.454860703048013626, 0.5261505395637617877 ) ) ;
#965 = DIRECTION ( 'NONE',  ( 0.9063077870366587074, 0.4226182617406809006, 0.000000000000000000 ) ) ;
#966 = CARTESIAN_POINT ( 'NONE',  ( 12.12715147632176027, 18.37746206840839847, -3.168951853068604496 ) ) ;
#967 = CARTESIAN_POINT ( 'NONE',  ( -10.63650258699999895, 20.51862566061000237, -3.680258489757999740 ) ) ;
#968 = PLANE ( 'NONE',  #8414 ) ;
#969 = CARTESIAN_POINT ( 'NONE',  ( 11.99637191662176861, -19.38072213878651340, -3.524558843477840764 ) ) ;
#970 = ORIENTED_EDGE ( 'NONE', *, *, #3529, .T. ) ;
#971 = CARTESIAN_POINT ( 'NONE',  ( 15.74433664127009713, -8.361553507592979884, -1.706268967830320005 ) ) ;
#972 = VECTOR ( 'NONE', #8325, 1000.000000000000000 ) ;
#973 = AXIS2_PLACEMENT_3D ( 'NONE', #4297, #945, #5636 ) ;
#974 = CARTESIAN_POINT ( 'NONE',  ( -21.56572927319000144, 0.9251442328765999701, 1.487476272811999900 ) ) ;
#975 = CARTESIAN_POINT ( 'NONE',  ( 9.881802141694999264, -14.33302966355999963, -2.063006489725999870 ) ) ;
#976 = CARTESIAN_POINT ( 'NONE',  ( -10.01538158664999933, 21.27580802401999804, -0.002006868811103000062 ) ) ;
#977 = CARTESIAN_POINT ( 'NONE',  ( 18.22495568766992591, 9.935060135717783680, -1.237036384157192526 ) ) ;
#978 = CARTESIAN_POINT ( 'NONE',  ( 18.39626969313990301, -9.598945847188950609, -1.706306467023694928 ) ) ;
#979 = DIRECTION ( 'NONE',  ( 0.000000000000000000, 1.000000000000000000, 0.000000000000000000 ) ) ;
#980 = VERTEX_POINT ( 'NONE', #6638 ) ;
#981 = LINE ( 'NONE', #7942, #5513 ) ;
#982 = CARTESIAN_POINT ( 'NONE',  ( 18.50483056032786422, -9.402381694118492561, 1.884455741203649337 ) ) ;
#983 = CARTESIAN_POINT ( 'NONE',  ( -21.27984730678999981, 0.9249920979006999167, 1.803693920877000201 ) ) ;
#984 = EDGE_CURVE ( 'NONE', #1423, #1995, #1864, .T. ) ;
#985 = CARTESIAN_POINT ( 'NONE',  ( 4.757156896284999440E-05, -0.0002177015306151999937, 1.493693845702000145 ) ) ;
#986 = CARTESIAN_POINT ( 'NONE',  ( -1.300000000000020473, 14.40000000000000391, -2.066306154244998528 ) ) ;
#987 = CARTESIAN_POINT ( 'NONE',  ( 11.82796305938000003, -21.13749513968999949, -3.245729557086000305 ) ) ;
#988 = EDGE_LOOP ( 'NONE', ( #7975, #1464, #5898, #6524 ) ) ;
#989 = ADVANCED_FACE ( 'NONE', ( #16 ), #1287, .F. ) ;
#990 = CARTESIAN_POINT ( 'NONE',  ( 20.53851007956045294, 2.955001495706969905, 0.3229235927622884916 ) ) ;
#991 = CARTESIAN_POINT ( 'NONE',  ( 12.70445938363000060, 13.68480436841000092, -2.107333933258999981 ) ) ;
#992 = DIRECTION ( 'NONE',  ( 0.000000000000000000, 0.000000000000000000, -1.000000000000000000 ) ) ;
#993 = CARTESIAN_POINT ( 'NONE',  ( 21.47508439134999847, 2.172958581844999681, 0.3166955176196999955 ) ) ;
#994 = EDGE_CURVE ( 'NONE', #8417, #2964, #3235, .T. ) ;
#995 = CARTESIAN_POINT ( 'NONE',  ( 19.93616041710000175, -8.275628781664000400, 1.487428326996000028 ) ) ;
#996 = EDGE_LOOP ( 'NONE', ( #5097, #6717 ) ) ;
#997 = AXIS2_PLACEMENT_3D ( 'NONE', #4301, #2963, #6545 ) ;
#998 = CARTESIAN_POINT ( 'NONE',  ( 20.63864361060721109, -2.151669252494772699, 1.260363096321976517 ) ) ;
#999 = CARTESIAN_POINT ( 'NONE',  ( -10.05131868255600835, 22.09784370698023537, -1.342905410047283921 ) ) ;
#1000 = CARTESIAN_POINT ( 'NONE',  ( -3.953200756471000193E-13, 0.000000000000000000, 3.583693845755000051 ) ) ;
#1001 = CARTESIAN_POINT ( 'NONE',  ( -11.82796350477999958, 20.08311154744999882, -4.950644548279999668 ) ) ;
#1002 = CARTESIAN_POINT ( 'NONE',  ( 10.03337596223482642, 21.06990594796000238, -1.068331160267000257 ) ) ;
#1003 = DIRECTION ( 'NONE',  ( -1.000000000000000000, 0.000000000000000000, 0.000000000000000000 ) ) ;
#1004 = CARTESIAN_POINT ( 'NONE',  ( 18.00892720563471627, 10.27655408786725033, 1.259987915211909559 ) ) ;
#1005 = DIRECTION ( 'NONE',  ( 0.000000000000000000, 0.000000000000000000, 1.000000000000000000 ) ) ;
#1006 = CARTESIAN_POINT ( 'NONE',  ( 20.29995110984000206, 0.9249983539296999790, -1.156306154243999851 ) ) ;
#1007 = CARTESIAN_POINT ( 'NONE',  ( -12.94255386050000034, 14.40697113639999927, 0.4945738438282999971 ) ) ;
#1008 = CARTESIAN_POINT ( 'NONE',  ( 19.75973559034039795, -6.451328522520273445, -1.237273925240503614 ) ) ;
#1009 = CARTESIAN_POINT ( 'NONE',  ( 19.23297805485999845, 7.947860381069999924, 0.3236938457535999958 ) ) ;
#1010 = LINE ( 'NONE', #3644, #4380 ) ;
#1011 = VERTEX_POINT ( 'NONE', #3249 ) ;
#1012 = CARTESIAN_POINT ( 'NONE',  ( 10.25558928098000067, -19.91631869621000206, -3.796463411156999701 ) ) ;
#1013 = CARTESIAN_POINT ( 'NONE',  ( 10.00661854788999960, 20.66818114029999975, -3.797188236201999967 ) ) ;
#1014 = DIRECTION ( 'NONE',  ( -1.000000000000000000, 0.000000000000000000, 0.000000000000000000 ) ) ;
#1015 = VECTOR ( 'NONE', #3012, 1000.000000000000114 ) ;
#1016 = VECTOR ( 'NONE', #6246, 1000.000000000000114 ) ;
#1017 = CARTESIAN_POINT ( 'NONE',  ( -21.19668534974000096, 2.402242063861999899, 0.2131172031162000269 ) ) ;
#1018 = VERTEX_POINT ( 'NONE', #3920 ) ;
#1019 = CARTESIAN_POINT ( 'NONE',  ( 19.84581850825000160, 8.239293401065999944, 1.595246586407000011 ) ) ;
#1020 = CARTESIAN_POINT ( 'NONE',  ( 21.29906522873999819, 2.176184032552999970, -0.4117519923348000321 ) ) ;
#1021 = CARTESIAN_POINT ( 'NONE',  ( -12.88648402575664065, -11.37701993475126017, -2.066373589886615125 ) ) ;
#1022 = AXIS2_PLACEMENT_3D ( 'NONE', #792, #4746, #671 ) ;
#1023 = CIRCLE ( 'NONE', #6944, 21.29999998757999080 ) ;
#1024 = ORIENTED_EDGE ( 'NONE', *, *, #4251, .F. ) ;
#1025 = CARTESIAN_POINT ( 'NONE',  ( 14.32487834806505234, 14.08958621200195616, 0.4711181651365607403 ) ) ;
#1026 = CARTESIAN_POINT ( 'NONE',  ( -18.77857508200190750, -0.9250557508249513949, -1.706308813316248951 ) ) ;
#1027 = EDGE_CURVE ( 'NONE', #382, #2964, #5955, .T. ) ;
#1028 = B_SPLINE_CURVE_WITH_KNOTS ( 'NONE', 3,
 ( #5454, #3404, #2767, #1424 ),
 .UNSPECIFIED., .F., .F.,
 ( 4, 4 ),
 ( 0.000000000000000000, 1.000000000000000000 ),
 .UNSPECIFIED. ) ;
#1029 = CARTESIAN_POINT ( 'NONE',  ( 1.300000004064232551, 10.91478798111305615, -1.484685388544600526 ) ) ;
#1030 = CARTESIAN_POINT ( 'NONE',  ( -10.01592089730661250, -20.06990594796000238, -1.068331160267000257 ) ) ;
#1031 = ADVANCED_FACE ( 'NONE', ( #2666 ), #4187, .T. ) ;
#1032 = EDGE_CURVE ( 'NONE', #6960, #5892, #8250, .T. ) ;
#1033 = CIRCLE ( 'NONE', #4047, 0.9814919921693741056 ) ;
#1034 = ORIENTED_EDGE ( 'NONE', *, *, #1411, .F. ) ;
#1035 = CARTESIAN_POINT ( 'NONE',  ( 19.61807581722516147, -6.827343874101240218, -1.237232692333373185 ) ) ;
#1036 = DIRECTION ( 'NONE',  ( -1.000000000000000000, 0.000000000000000000, 1.758939668063073541E-12 ) ) ;
#1037 = B_SPLINE_CURVE_WITH_KNOTS ( 'NONE', 3,
 ( #4067, #3951, #3444, #8140 ),
 .UNSPECIFIED., .F., .F.,
 ( 4, 4 ),
 ( 0.000000000000000000, 1.000000000000000000 ),
 .UNSPECIFIED. ) ;
#1038 = EDGE_LOOP ( 'NONE', ( #5285, #7480, #3000, #5170 ) ) ;
#1039 = CARTESIAN_POINT ( 'NONE',  ( 9.994761063661998790, 20.02805861583999913, -3.844455951497000257 ) ) ;
#1040 = ORIENTED_EDGE ( 'NONE', *, *, #4539, .T. ) ;
#1041 = EDGE_CURVE ( 'NONE', #3991, #4088, #7864, .T. ) ;
#1042 = ORIENTED_EDGE ( 'NONE', *, *, #4541, .F. ) ;
#1043 = CARTESIAN_POINT ( 'NONE',  ( 21.27984733207000190, 0.9249912501913999385, -1.156306236724000236 ) ) ;
#1044 = CARTESIAN_POINT ( 'NONE',  ( -20.72937267399354866, 0.9249913590158880261, -1.706306393748539874 ) ) ;
#1045 = CARTESIAN_POINT ( 'NONE',  ( 21.55636992347000103, 1.139280137472000076, 1.487477187702000103 ) ) ;
#1046 = DIRECTION ( 'NONE',  ( 0.000000000000000000, 0.000000000000000000, 1.000000000000000000 ) ) ;
#1047 = ORIENTED_EDGE ( 'NONE', *, *, #7859, .F. ) ;
#1048 = CARTESIAN_POINT ( 'NONE',  ( -12.39764157702579794, -16.31187128719794899, -2.447050333361799446 ) ) ;
#1049 = VERTEX_POINT ( 'NONE', #492 ) ;
#1050 = CARTESIAN_POINT ( 'NONE',  ( 19.16592280221499678, 5.676729885507310058, 0.3236322439374960114 ) ) ;
#1051 = CARTESIAN_POINT ( 'NONE',  ( 20.63333333333302377, -1.958165777179005873E-09, 3.517027179088400235 ) ) ;
#1052 = ORIENTED_EDGE ( 'NONE', *, *, #8200, .F. ) ;
#1053 = EDGE_CURVE ( 'NONE', #7956, #1049, #3298, .T. ) ;
#1054 = CARTESIAN_POINT ( 'NONE',  ( 16.34055779586359947, -10.82740750175921818, -0.1791403265641754727 ) ) ;
#1055 = CARTESIAN_POINT ( 'NONE',  ( 19.45041071784204689, -7.224431915681190475, -0.9686682997566825604 ) ) ;
#1056 = ORIENTED_EDGE ( 'NONE', *, *, #7459, .T. ) ;
#1057 = CARTESIAN_POINT ( 'NONE',  ( 1.299999999980002263, 10.91377129585322692, -1.496306154244078312 ) ) ;
#1058 = CARTESIAN_POINT ( 'NONE',  ( -19.76922465422605057, 2.954965490899789771, 0.3236937139960654464 ) ) ;
#1059 = DIRECTION ( 'NONE',  ( 0.000000000000000000, 0.000000000000000000, -1.000000000000000000 ) ) ;
#1060 = CARTESIAN_POINT ( 'NONE',  ( 1.300000002039997771, 13.78470367626227855, -1.478875005751757676 ) ) ;
#1061 = CARTESIAN_POINT ( 'NONE',  ( -16.59186672701938647, -12.52916709630687997, 1.633728672629042311 ) ) ;
#1062 = CARTESIAN_POINT ( 'NONE',  ( -10.27100218829000156, -21.94092828507000092, -2.402722550017999836 ) ) ;
#1063 = CARTESIAN_POINT ( 'NONE',  ( 11.49119269166999935, -20.13294871134000275, -3.585152341808999665 ) ) ;
#1064 = DIRECTION ( 'NONE',  ( -1.000000000000000000, 0.000000000000000000, 0.000000000000000000 ) ) ;
#1065 = EDGE_LOOP ( 'NONE', ( #4882, #4740, #748, #2921, #2936 ) ) ;
#1066 = DIRECTION ( 'NONE',  ( -1.000000000000000000, 0.000000000000000000, 0.000000000000000000 ) ) ;
#1067 = AXIS2_PLACEMENT_3D ( 'NONE', #3164, #3745, #1036 ) ;
#1068 = FACE_OUTER_BOUND ( 'NONE', #2232, .T. ) ;
#1069 = CARTESIAN_POINT ( 'NONE',  ( -19.69021666897969780, 6.685974914703766814, 3.383693845753999785 ) ) ;
#1070 = CARTESIAN_POINT ( 'NONE',  ( 21.22034885661000203, -2.083644452226000254, 1.246754748505999988 ) ) ;
#1071 = CARTESIAN_POINT ( 'NONE',  ( -21.26674678299000121, 1.255386310482000223, 1.767768976654000124 ) ) ;
#1072 = CARTESIAN_POINT ( 'NONE',  ( -1.358084325905831502, -20.74999999989332267, 3.383693845753999785 ) ) ;
#1073 = EDGE_LOOP ( 'NONE', ( #668, #8719, #266, #3863, #4652, #2835, #3053, #6073 ) ) ;
#1074 = VECTOR ( 'NONE', #7038, 1000.000000000000114 ) ;
#1075 = CARTESIAN_POINT ( 'NONE',  ( 20.75000000000025224, 1.270571054115410097E-15, 3.383693845754244922 ) ) ;
#1076 = CARTESIAN_POINT ( 'NONE',  ( 20.68120926767246459, -1.698673311571026634, 1.659140448291409609 ) ) ;
#1077 = CARTESIAN_POINT ( 'NONE',  ( -10.04941714793536356, 21.98890486152386359, -2.437097329663002743 ) ) ;
#1078 = CARTESIAN_POINT ( 'NONE',  ( -14.18555385670905977, 9.764256742761668662, -2.066306154244998083 ) ) ;
#1079 = CARTESIAN_POINT ( 'NONE',  ( -21.27986630500999610, -0.9249911678793000247, 1.803693848021999946 ) ) ;
#1080 = ORIENTED_EDGE ( 'NONE', *, *, #3187, .F. ) ;
#1081 = CARTESIAN_POINT ( 'NONE',  ( 19.86298427294375202, -6.001737178664590111, 1.633923059950979972 ) ) ;
#1082 = B_SPLINE_CURVE_WITH_KNOTS ( 'NONE', 3,
 ( #5725, #5929, #1805, #5694 ),
 .UNSPECIFIED., .F., .F.,
 ( 4, 4 ),
 ( 0.000000000000000000, 1.000000000000000000 ),
 .UNSPECIFIED. ) ;
#1083 = CARTESIAN_POINT ( 'NONE',  ( 4.667064080092691469, 17.42421696911974749, 5.710772084629347489 ) ) ;
#1084 = CARTESIAN_POINT ( 'NONE',  ( -9.958995375188520072, 16.80864497027108229, -0.2650683023820621376 ) ) ;
#1085 = FACE_OUTER_BOUND ( 'NONE', #1333, .T. ) ;
#1086 = CARTESIAN_POINT ( 'NONE',  ( -20.02566385396333715, 2.955000523125916434, 0.3236863253629773118 ) ) ;
#1087 = CARTESIAN_POINT ( 'NONE',  ( 9.974825323016414558, 17.71554207368004441, 0.8147256088591554590 ) ) ;
#1088 = CARTESIAN_POINT ( 'NONE',  ( 20.08615991250000121, 7.146151448414999052, -0.6825826375183999817 ) ) ;
#1089 = EDGE_CURVE ( 'NONE', #7539, #4523, #6155, .T. ) ;
#1090 = CARTESIAN_POINT ( 'NONE',  ( 19.25551219343842391, -7.734914310650951030, 1.853683142987745835 ) ) ;
#1091 = ORIENTED_EDGE ( 'NONE', *, *, #8651, .F. ) ;
#1092 = EDGE_CURVE ( 'NONE', #2091, #508, #5521, .T. ) ;
#1093 = EDGE_CURVE ( 'NONE', #2158, #203, #1493, .T. ) ;
#1094 = CARTESIAN_POINT ( 'NONE',  ( -10.26715194083999982, -21.79192245905000291, -2.753694517856999813 ) ) ;
#1095 = CARTESIAN_POINT ( 'NONE',  ( 3.514242984892623323, 12.34999999999999964, -2.096306154244998776 ) ) ;
#1096 = CARTESIAN_POINT ( 'NONE',  ( -17.88388552904326900, -2.356154175500547954, 5.710772084629347489 ) ) ;
#1097 = CARTESIAN_POINT ( 'NONE',  ( 21.25154498680999993, 1.567713777051000124, -1.011004427020999907 ) ) ;
#1098 = CARTESIAN_POINT ( 'NONE',  ( 21.24641880643000036, -1.665814390174999993, 1.606537838966000109 ) ) ;
#1099 = CARTESIAN_POINT ( 'NONE',  ( 1.300000000000000044, 12.34999999999999964, -2.066306154244998528 ) ) ;
#1100 = CARTESIAN_POINT ( 'NONE',  ( 12.06043408377061255, 18.86446471940723058, -3.382192260777004744 ) ) ;
#1101 = CARTESIAN_POINT ( 'NONE',  ( 20.68123298773756247, -1.698409011439185434, -1.011956124054035344 ) ) ;
#1102 = CARTESIAN_POINT ( 'NONE',  ( 19.67699872478000245, -8.154948506219000137, -1.156354184572999877 ) ) ;
#1103 = VECTOR ( 'NONE', #6830, 1000.000000000000114 ) ;
#1104 = EDGE_LOOP ( 'NONE', ( #1956, #3049, #3617, #1522, #8669 ) ) ;
#1105 = CARTESIAN_POINT ( 'NONE',  ( 21.19674003423000030, -2.405006333617000003, 0.2867865336759999884 ) ) ;
#1106 = DIRECTION ( 'NONE',  ( 0.000000000000000000, 0.000000000000000000, 1.000000000000000000 ) ) ;
#1107 = CARTESIAN_POINT ( 'NONE',  ( 10.97976413653304029, 14.31186932656788890, 5.710772084629347489 ) ) ;
#1108 = CARTESIAN_POINT ( 'NONE',  ( 20.53851170725981135, 2.955002005202640003, 0.7598823608183976619 ) ) ;
#1109 = CARTESIAN_POINT ( 'NONE',  ( -12.81555421345303536, 13.24995415921667608, -1.282674455591120255 ) ) ;
#1110 = ADVANCED_FACE ( 'NONE', ( #5625 ), #8398, .T. ) ;
#1111 = CARTESIAN_POINT ( 'NONE',  ( -17.91161778511149549, 1.547015687410150386, -1.608852831756858670 ) ) ;
#1112 = FACE_OUTER_BOUND ( 'NONE', #7816, .T. ) ;
#1113 = EDGE_LOOP ( 'NONE', ( #1849, #5274, #6267, #2090 ) ) ;
#1114 = CARTESIAN_POINT ( 'NONE',  ( 19.69890702782381808, -6.520886766715472405, 0.7255133366367477743 ) ) ;
#1115 = CARTESIAN_POINT ( 'NONE',  ( -10.30629201605000134, -21.17698292843999752, 0.0007855640565746999917 ) ) ;
#1116 = CARTESIAN_POINT ( 'NONE',  ( 12.15230949887000023, -18.35234867514000001, -3.157967612417999614 ) ) ;
#1117 = CARTESIAN_POINT ( 'NONE',  ( -20.72783813001118247, 0.9249975395748216700, 1.803697761661423815 ) ) ;
#1118 = EDGE_LOOP ( 'NONE', ( #4793, #4621, #3232, #6478 ) ) ;
#1119 = CARTESIAN_POINT ( 'NONE',  ( -7.976683851837996109, -16.17891649160965528, 5.710772084629347489 ) ) ;
#1120 = CARTESIAN_POINT ( 'NONE',  ( 21.19664973181999912, 2.405006333912000027, 0.3236938352879000225 ) ) ;
#1121 = CARTESIAN_POINT ( 'NONE',  ( 21.21578679438999870, -2.149506276524000281, 1.157408536684999989 ) ) ;
#1122 = CARTESIAN_POINT ( 'NONE',  ( -17.80313699973024910, 0.9248515187649199998, -1.706319358371985118 ) ) ;
#1123 = CARTESIAN_POINT ( 'NONE',  ( 19.14356476166999954, -9.960857167561000480, -0.8463541020896999667 ) ) ;
#1124 = FACE_OUTER_BOUND ( 'NONE', #7367, .T. ) ;
#1125 = ORIENTED_EDGE ( 'NONE', *, *, #6424, .F. ) ;
#1126 = AXIS2_PLACEMENT_3D ( 'NONE', #1756, #7785, #436 ) ;
#1127 = DIRECTION ( 'NONE',  ( 0.9990570583239458680, -0.04341652004829200245, -2.372383066944885312E-14 ) ) ;
#1128 = CARTESIAN_POINT ( 'NONE',  ( 20.60905032158743921, 2.404993217644878722, 0.5203168326212277428 ) ) ;
#1129 = FACE_OUTER_BOUND ( 'NONE', #835, .T. ) ;
#1130 = CARTESIAN_POINT ( 'NONE',  ( 21.20179426573999848, -2.340474130172999878, -0.1132463049639999969 ) ) ;
#1131 = ORIENTED_EDGE ( 'NONE', *, *, #2226, .T. ) ;
#1132 = CARTESIAN_POINT ( 'NONE',  ( 17.78672655945894121, -10.68792153961651259, -1.302324374444732813 ) ) ;
#1133 = CARTESIAN_POINT ( 'NONE',  ( 2.356154175500519088, 17.88388552904327256, 5.710772084629348377 ) ) ;
#1134 = CARTESIAN_POINT ( 'NONE',  ( 12.00688542952267568, 21.32626261936325562, -0.6776453288944787046 ) ) ;
#1135 = DIRECTION ( 'NONE',  ( -0.9063077870366587074, 0.4226182617406808451, 0.000000000000000000 ) ) ;
#1136 = CARTESIAN_POINT ( 'NONE',  ( -6.685974911015605038, -19.69021667023923428, 4.523749079003891005 ) ) ;
#1137 = B_SPLINE_SURFACE_WITH_KNOTS ( 'NONE', 3, 3, ( 
 ( #5762, #1007, #3074, #3037 ),
 ( #7920, #7741, #3537, #5379 ),
 ( #8117, #8728, #8467, #7777 ),
 ( #6428, #7743, #4383, #6481 ),
 ( #7064, #7804, #3762, #8419 ),
 ( #2327, #6397, #2353, #1001 ) ),
 .UNSPECIFIED., .F., .F., .F.,
 ( 4, 1, 1, 4 ),
 ( 4, 4 ),
 ( -0.02000000000038000200, 0.000000000000000000, 1.000000000000000000, 1.020000000000000018 ),
 ( -0.0001207892809067999894, 0.9999897951337999302 ),
 .UNSPECIFIED. ) ;
#1138 = EDGE_LOOP ( 'NONE', ( #871, #4965 ) ) ;
#1139 = CARTESIAN_POINT ( 'NONE',  ( -17.79329833018125839, 1.112798273444074670, -1.706320507530859842 ) ) ;
#1140 = EDGE_CURVE ( 'NONE', #6769, #8420, #341, .T. ) ;
#1141 = CARTESIAN_POINT ( 'NONE',  ( 10.04569330069501021, 21.77556579573747086, -0.4929345219265746647 ) ) ;
#1142 = VERTEX_POINT ( 'NONE', #3045 ) ;
#1143 = CARTESIAN_POINT ( 'NONE',  ( -2.734703676270229700, 12.34999999999999964, -1.478875005814942689 ) ) ;
#1144 = ORIENTED_EDGE ( 'NONE', *, *, #4772, .T. ) ;
#1145 = SURFACE_STYLE_USAGE ( .BOTH. , #1847 ) ;
#1146 = DIRECTION ( 'NONE',  ( 0.000000000000000000, 0.000000000000000000, -1.000000000000000000 ) ) ;
#1147 = EDGE_LOOP ( 'NONE', ( #451, #7845, #7470, #86 ) ) ;
#1148 = ORIENTED_EDGE ( 'NONE', *, *, #1733, .T. ) ;
#1149 = AXIS2_PLACEMENT_3D ( 'NONE', #5963, #3941, #552 ) ;
#1150 = CARTESIAN_POINT ( 'NONE',  ( 21.20100148199999879, 2.340753677882999817, -0.1123317265739999932 ) ) ;
#1151 = CARTESIAN_POINT ( 'NONE',  ( 20.13645338603999591, 7.018064659803999739, 1.157408536684999989 ) ) ;
#1152 = CARTESIAN_POINT ( 'NONE',  ( -17.82716995311429642, 0.3084196550850709651, -1.706342348433365741 ) ) ;
#1153 = CARTESIAN_POINT ( 'NONE',  ( 18.39626431086310632, -9.598954440038074409, 1.853686111902998812 ) ) ;
#1154 = ORIENTED_EDGE ( 'NONE', *, *, #7081, .F. ) ;
#1155 = CARTESIAN_POINT ( 'NONE',  ( -10.72231096986189058, -18.88926148373202452, -3.376115715356572622 ) ) ;
#1156 = CARTESIAN_POINT ( 'NONE',  ( 11.76509142551000053, 19.94643667788000130, -3.561745185274999947 ) ) ;
#1157 = PLANE ( 'NONE',  #3894 ) ;
#1158 = B_SPLINE_CURVE_WITH_KNOTS ( 'NONE', 3,
 ( #7868, #1166, #7123, #457, #2501, #7842 ),
 .UNSPECIFIED., .F., .F.,
 ( 4, 2, 4 ),
 ( 0.000000000000000000, 0.5000000000000000000, 1.000000000000000000 ),
 .UNSPECIFIED. ) ;
#1159 = ORIENTED_EDGE ( 'NONE', *, *, #5172, .T. ) ;
#1160 = CARTESIAN_POINT ( 'NONE',  ( -21.43516237540999825, 1.595314328261000059, -0.8328360429493999462 ) ) ;
#1161 = CARTESIAN_POINT ( 'NONE',  ( -20.61624367650274081, -2.716135067105124090, 4.523749079003891893 ) ) ;
#1162 = CARTESIAN_POINT ( 'NONE',  ( 19.16576168259589963, -5.676649418170450545, 0.3237284725022330223 ) ) ;
#1163 = CARTESIAN_POINT ( 'NONE',  ( 18.19433200770000170, 11.13778723411999927, 0.3606012836463999838 ) ) ;
#1164 = CARTESIAN_POINT ( 'NONE',  ( -17.77224258953728864, -7.962559285001398202, -0.3163122483865075663 ) ) ;
#1165 = CARTESIAN_POINT ( 'NONE',  ( -12.88323140536790490, 16.04165489426164726, 1.269862815767844211 ) ) ;
#1166 = CARTESIAN_POINT ( 'NONE',  ( -10.35131993967502773, -20.62968016584856912, -3.717130468722864123 ) ) ;
#1167 = CARTESIAN_POINT ( 'NONE',  ( -10.71577937784009116, -19.01267700533326988, -3.438818805650826427 ) ) ;
#1168 = DIRECTION ( 'NONE',  ( -3.718060025024539438E-08, 2.347241314782294585E-07, 0.9999999999999718003 ) ) ;
#1169 = CARTESIAN_POINT ( 'NONE',  ( -18.00750568054175815, -10.39887648724768887, 3.633693845754876417 ) ) ;
#1170 = ORIENTED_EDGE ( 'NONE', *, *, #4849, .F. ) ;
#1171 = CIRCLE ( 'NONE', #6926, 1.434703676270656869 ) ;
#1172 = CARTESIAN_POINT ( 'NONE',  ( -12.51541299860861223, 18.65285889198858982, 0.8998319268920782488 ) ) ;
#1173 = CARTESIAN_POINT ( 'NONE',  ( -10.63181711541000141, -20.72404662861000091, -3.633829704067000232 ) ) ;
#1174 = CARTESIAN_POINT ( 'NONE',  ( 17.81543919701830347, -10.63516524376652406, -0.5848868150109181041 ) ) ;
#1175 = CARTESIAN_POINT ( 'NONE',  ( -20.61339681910898847, 2.367423745442719607, 0.7089638438768572914 ) ) ;
#1176 = CARTESIAN_POINT ( 'NONE',  ( 18.02844864035465022, -10.27348074723618510, -1.004188870954946244 ) ) ;
#1177 = ORIENTED_EDGE ( 'NONE', *, *, #1250, .T. ) ;
#1178 = CYLINDRICAL_SURFACE ( 'NONE', #1543, 2.030002735958999605 ) ;
#1179 = CARTESIAN_POINT ( 'NONE',  ( -21.21146437526000028, 2.208352903890999919, -0.4162328696951999585 ) ) ;
#1180 = CARTESIAN_POINT ( 'NONE',  ( 19.72009717058999811, 8.053046196278000224, 1.800943534856999984 ) ) ;
#1181 = CARTESIAN_POINT ( 'NONE',  ( -21.55960194964000110, -0.9371570692052000329, -0.8463061475627999819 ) ) ;
#1182 = CARTESIAN_POINT ( 'NONE',  ( 3.495734977061997206, 12.34999999999999964, -1.566306154244998750 ) ) ;
#1183 = CARTESIAN_POINT ( 'NONE',  ( 12.19136197431999946, 20.54657683191999951, 0.007682713368484000126 ) ) ;
#1184 = ORIENTED_EDGE ( 'NONE', *, *, #5769, .T. ) ;
#1185 = CARTESIAN_POINT ( 'NONE',  ( 20.74999999999991118, -2.362884501620482906E-10, 3.633693845755083807 ) ) ;
#1186 = DIRECTION ( 'NONE',  ( -1.000000000000000000, 0.000000000000000000, 0.000000000000000000 ) ) ;
#1187 = CARTESIAN_POINT ( 'NONE',  ( 21.26677092641000044, -1.255389119543999898, -1.120380575724999828 ) ) ;
#1188 = DIRECTION ( 'NONE',  ( 0.9063077870366585964, -0.4226182617406808451, -1.741849689462314843E-14 ) ) ;
#1189 = B_SPLINE_CURVE_WITH_KNOTS ( 'NONE', 3,
 ( #3905, #545, #969, #3879, #4560, #5252 ),
 .UNSPECIFIED., .F., .F.,
 ( 4, 2, 4 ),
 ( 6.992893892674702526E-18, 0.0007973296927791067006, 0.001594659385558206462 ),
 .UNSPECIFIED. ) ;
#1190 = CARTESIAN_POINT ( 'NONE',  ( 18.19428911470999921, 11.13776723267999991, 0.3236938352879000225 ) ) ;
#1191 = CARTESIAN_POINT ( 'NONE',  ( -10.75368569994000012, -18.92314584213999851, -3.394909593466000075 ) ) ;
#1192 = CARTESIAN_POINT ( 'NONE',  ( -12.81496358452864293, 13.27251840020008444, -1.270468931948282698 ) ) ;
#1193 = CARTESIAN_POINT ( 'NONE',  ( -21.29825140928999971, -2.186952364515000191, -0.3963264330449999817 ) ) ;
#1194 = EDGE_LOOP ( 'NONE', ( #5974, #970, #4645, #6318, #3209 ) ) ;
#1195 = CARTESIAN_POINT ( 'NONE',  ( 19.69391954219340946, 6.529901273191356381, 0.1264962102689424772 ) ) ;
#1196 = CARTESIAN_POINT ( 'NONE',  ( -18.65078392970866261, -9.195387530664381970, 3.633693845754868423 ) ) ;
#1197 = CARTESIAN_POINT ( 'NONE',  ( 10.03939966029382802, 21.41500337863492476, -3.364023404809231010 ) ) ;
#1198 = CARTESIAN_POINT ( 'NONE',  ( 11.37900737954999997, -18.46046760214999694, 1.285010406351999812 ) ) ;
#1199 = EDGE_CURVE ( 'NONE', #2415, #7467, #3738, .T. ) ;
#1200 = ORIENTED_EDGE ( 'NONE', *, *, #6461, .F. ) ;
#1201 = EDGE_CURVE ( 'NONE', #1690, #1804, #7294, .T. ) ;
#1202 = CARTESIAN_POINT ( 'NONE',  ( -11.50227626386000068, -17.27031687738000088, 1.645317113158000000 ) ) ;
#1203 = DIRECTION ( 'NONE',  ( 0.000000000000000000, 0.000000000000000000, -1.000000000000000000 ) ) ;
#1204 = CARTESIAN_POINT ( 'NONE',  ( -12.19949554136000103, -19.59685027136000102, -0.8624168153844999907 ) ) ;
#1205 = FACE_BOUND ( 'NONE', #6643, .T. ) ;
#1206 = CARTESIAN_POINT ( 'NONE',  ( 21.19739456170999858, 2.389869550813000121, 0.1031580844840000039 ) ) ;
#1207 = CARTESIAN_POINT ( 'NONE',  ( 20.17565112121999960, 6.914340654669000052, 0.9656095835036000441 ) ) ;
#1208 = ORIENTED_EDGE ( 'NONE', *, *, #5200, .F. ) ;
#1209 = CARTESIAN_POINT ( 'NONE',  ( 19.07200152123506243, -10.09839704512126168, 1.493647131418448071 ) ) ;
#1210 = CARTESIAN_POINT ( 'NONE',  ( 11.70085819587000131, 21.05357041986999889, -3.066316262175000418 ) ) ;
#1211 = AXIS2_PLACEMENT_3D ( 'NONE', #877, #6949, #4262 ) ;
#1212 = CARTESIAN_POINT ( 'NONE',  ( 17.74603709029314302, 5.680640113401882019, -1.126075318890790378 ) ) ;
#1213 = CARTESIAN_POINT ( 'NONE',  ( -10.04970578587042773, 22.00544091774903421, -0.9587484165194289920 ) ) ;
#1214 = VECTOR ( 'NONE', #6190, 1000.000000000000000 ) ;
#1215 = B_SPLINE_CURVE_WITH_KNOTS ( 'NONE', 3,
 ( #2041, #5660, #6100, #34, #7438, #2287, #2885 ),
 .UNSPECIFIED., .F., .F.,
 ( 4, 1, 1, 1, 4 ),
 ( 0.000000000000000000, 0.3159216954261022114, 0.4145593308126008791, 0.6249102315689413212, 1.000000000000000000 ),
 .UNSPECIFIED. ) ;
#1216 = ORIENTED_EDGE ( 'NONE', *, *, #1766, .F. ) ;
#1217 = CARTESIAN_POINT ( 'NONE',  ( -21.46891667162000061, 0.9065826581408000795, -0.9476516178795000300 ) ) ;
#1218 = DIRECTION ( 'NONE',  ( -0.6192105459717149873, -0.2566360699670059975, 0.7421025719867171411 ) ) ;
#1219 = CARTESIAN_POINT ( 'NONE',  ( 18.64497117117999991, 10.31378077808999905, 1.702075832662000021 ) ) ;
#1220 = CARTESIAN_POINT ( 'NONE',  ( -9.929824691467000974, -16.73088297038999883, -2.461109427967000052 ) ) ;
#1221 = CARTESIAN_POINT ( 'NONE',  ( -12.83389350020070552, 15.56771332305148015, 0.5960800630358358276 ) ) ;
#1222 = CARTESIAN_POINT ( 'NONE',  ( -21.24092371802000301, -1.694731843171999985, -1.030226611485000054 ) ) ;
#1223 = CARTESIAN_POINT ( 'NONE',  ( 19.50535938195265828, 7.073516379322305703, -0.8617312683891882319 ) ) ;
#1224 = VECTOR ( 'NONE', #333, 1000.000000000000000 ) ;
#1225 = VERTEX_POINT ( 'NONE', #6990 ) ;
#1226 = CARTESIAN_POINT ( 'NONE',  ( -20.63869486750071047, -2.151172098196577842, 1.260978081188413924 ) ) ;
#1227 = CARTESIAN_POINT ( 'NONE',  ( 9.780592763924000010, -18.26889846886999536, 1.646726381004999906 ) ) ;
#1228 =( GEOMETRIC_REPRESENTATION_CONTEXT ( 3 ) GLOBAL_UNCERTAINTY_ASSIGNED_CONTEXT ( ( #85 ) ) GLOBAL_UNIT_ASSIGNED_CONTEXT ( ( #5885, #466, #5142 ) ) REPRESENTATION_CONTEXT ( 'NONE', 'WORKASPACE' ) );
#1229 = CARTESIAN_POINT ( 'NONE',  ( -9.949797277245567173, -16.28168629177469029, -2.349465106791384539 ) ) ;
#1230 = CARTESIAN_POINT ( 'NONE',  ( -10.05061819752461894, -22.05771294614062938, -2.216602874827221736 ) ) ;
#1231 = ORIENTED_EDGE ( 'NONE', *, *, #4875, .F. ) ;
#1232 = LINE ( 'NONE', #5659, #3345 ) ;
#1233 = CARTESIAN_POINT ( 'NONE',  ( 16.66799956760709733, -11.03289759502327705, 0.3237553682311437031 ) ) ;
#1234 = CARTESIAN_POINT ( 'NONE',  ( -10.03337596223014572, 21.06990594796000238, -3.068331160266999369 ) ) ;
#1235 = CARTESIAN_POINT ( 'NONE',  ( 19.69566497686144046, -6.530212858363843687, -0.07596577568278217729 ) ) ;
#1236 = CARTESIAN_POINT ( 'NONE',  ( 10.03337596223035710, -21.06990594796000238, -1.068331160267000257 ) ) ;
#1237 = ORIENTED_EDGE ( 'NONE', *, *, #6421, .T. ) ;
#1238 = DIRECTION ( 'NONE',  ( -1.000000000000000000, 0.000000000000000000, 0.000000000000000000 ) ) ;
#1239 = ORIENTED_EDGE ( 'NONE', *, *, #2617, .F. ) ;
#1240 = CARTESIAN_POINT ( 'NONE',  ( 4.757156897279000057E-05, -0.0002177015306296000146, -1.001306167644000045 ) ) ;
#1241 = CARTESIAN_POINT ( 'NONE',  ( 21.55643795587999634, -1.138250695965000059, 1.487477280759999854 ) ) ;
#1242 = ORIENTED_EDGE ( 'NONE', *, *, #3981, .F. ) ;
#1243 = B_SPLINE_CURVE_WITH_KNOTS ( 'NONE', 3,
 ( #6745, #3495, #8102, #2048, #1337, #5509, #2742, #4165, #7447, #6849, #2019, #4796, #4087, #760, #67, #5479, #2710, #6137 ),
 .UNSPECIFIED., .F., .F.,
 ( 4, 2, 2, 2, 2, 2, 2, 2, 4 ),
 ( 0.5000000000000000000, 0.5624999999999998890, 0.6249999999999997780, 0.6874999999999998890, 0.7499999999999998890, 0.8124999999999998890, 0.8750000000000000000, 0.9375000000000000000, 1.000000000000000000 ),
 .UNSPECIFIED. ) ;
#1244 = CARTESIAN_POINT ( 'NONE',  ( 20.69029949251457623, 1.502607264567102474, -0.6125915642990281684 ) ) ;
#1245 = CARTESIAN_POINT ( 'NONE',  ( -12.59953345184000106, -12.00842320707999988, -2.068331805961999947 ) ) ;
#1246 = CARTESIAN_POINT ( 'NONE',  ( 0.8816825145961326715, 17.18999690506863942, -2.066306154244998972 ) ) ;
#1247 = EDGE_LOOP ( 'NONE', ( #3154, #8021, #8142, #1482, #7185, #6154 ) ) ;
#1248 = EDGE_CURVE ( 'NONE', #4845, #1357, #4361, .T. ) ;
#1249 = CARTESIAN_POINT ( 'NONE',  ( -20.68121284856961140, -1.502450389037727652, 0.6359434484253237985 ) ) ;
#1250 = EDGE_CURVE ( 'NONE', #3995, #7918, #571, .T. ) ;
#1251 = CARTESIAN_POINT ( 'NONE',  ( -18.27648254185466925, -7.699359782769684024, 0.1131933713854521295 ) ) ;
#1252 = ORIENTED_EDGE ( 'NONE', *, *, #8472, .F. ) ;
#1253 = CARTESIAN_POINT ( 'NONE',  ( -16.72277141745725615, -4.113122735791278295, -2.066306154244998083 ) ) ;
#1254 = CARTESIAN_POINT ( 'NONE',  ( -12.72068527400966786, 17.46734580351840194, 1.311646292134844405 ) ) ;
#1255 = CARTESIAN_POINT ( 'NONE',  ( 9.979789438313000360, -19.24869998001999960, -3.528296550013000132 ) ) ;
#1256 = EDGE_LOOP ( 'NONE', ( #1874, #8663, #7717, #7792, #8630 ) ) ;
#1257 = ADVANCED_FACE ( 'NONE', ( #3727 ), #1708, .T. ) ;
#1258 = DIRECTION ( 'NONE',  ( -0.000000000000000000, 1.000000000000000000, 0.000000000000000000 ) ) ;
#1259 = CARTESIAN_POINT ( 'NONE',  ( 17.95642121761112620, -10.39522708712859256, -0.8617791757960887589 ) ) ;
#1260 = ORIENTED_EDGE ( 'NONE', *, *, #6359, .F. ) ;
#1261 = EDGE_CURVE ( 'NONE', #4146, #1588, #5221, .T. ) ;
#1262 = AXIS2_PLACEMENT_3D ( 'NONE', #3677, #1717, #5076 ) ;
#1263 = CARTESIAN_POINT ( 'NONE',  ( -20.57412849443182168, 2.697853906789522416, -0.7011482343492865255 ) ) ;
#1264 = CARTESIAN_POINT ( 'NONE',  ( 19.14356946179999852, -9.960848134297000556, 1.493645897823999924 ) ) ;
#1265 = B_SPLINE_CURVE_WITH_KNOTS ( 'NONE', 3,
 ( #6222, #8271, #6953, #161 ),
 .UNSPECIFIED., .F., .F.,
 ( 4, 4 ),
 ( 7.688270178149865693E-17, 0.001849804854100988967 ),
 .UNSPECIFIED. ) ;
#1266 = CARTESIAN_POINT ( 'NONE',  ( 19.42872302283317509, -7.286708463727844531, -1.049813055224465774 ) ) ;
#1267 = ORIENTED_EDGE ( 'NONE', *, *, #1882, .F. ) ;
#1268 = CARTESIAN_POINT ( 'NONE',  ( 11.87251786564999989, 20.98838775487000063, -3.067035872123000217 ) ) ;
#1269 = CARTESIAN_POINT ( 'NONE',  ( -11.88207834698899212, 21.59909734574549134, -1.773351844074263717 ) ) ;
#1270 = CARTESIAN_POINT ( 'NONE',  ( 15.74420331093354797, 8.362346251393079299, -1.706371855699990059 ) ) ;
#1271 = CYLINDRICAL_SURFACE ( 'NONE', #885, 2.030002735958999605 ) ;
#1272 = B_SPLINE_CURVE_WITH_KNOTS ( 'NONE', 3,
 ( #6509, #4536, #3128, #3238 ),
 .UNSPECIFIED., .F., .F.,
 ( 4, 4 ),
 ( 0.000000000000000000, 1.000000000000000000 ),
 .UNSPECIFIED. ) ;
#1273 = CARTESIAN_POINT ( 'NONE',  ( -10.75209839333999895, -18.95437703009000074, -3.410700398173000192 ) ) ;
#1274 = ORIENTED_EDGE ( 'NONE', *, *, #7576, .F. ) ;
#1275 = CARTESIAN_POINT ( 'NONE',  ( 21.55712675355000130, -1.126860529587000004, -0.8432522292420999710 ) ) ;
#1276 = CARTESIAN_POINT ( 'NONE',  ( 20.75339933480073640, -0.5006782257102516676, -0.6128597364377393886 ) ) ;
#1277 = CARTESIAN_POINT ( 'NONE',  ( -9.979633437811999741, -19.25933928273000006, -3.534241654325000148 ) ) ;
#1278 = VECTOR ( 'NONE', #7012, 1000.000000000000000 ) ;
#1279 = CARTESIAN_POINT ( 'NONE',  ( -12.12715260530545969, 18.37746048870040028, -3.168951149722860183 ) ) ;
#1280 = CARTESIAN_POINT ( 'NONE',  ( -21.26548274954999940, -1.163714100823999953, -1.167442039183000047 ) ) ;
#1281 = CARTESIAN_POINT ( 'NONE',  ( -20.60635816066928427, -2.504038253328180197, 1.260322157046453118 ) ) ;
#1282 = CARTESIAN_POINT ( 'NONE',  ( -18.38544629170934996, -7.824422312712572491, 0.3126158769145672145 ) ) ;
#1283 = CARTESIAN_POINT ( 'NONE',  ( -6.685974912116249058, -19.69021666986738950, 3.633693845754968788 ) ) ;
#1284 = DIRECTION ( 'NONE',  ( 0.000000000000000000, 1.000000000000000000, 0.000000000000000000 ) ) ;
#1285 = EDGE_LOOP ( 'NONE', ( #5461, #5720, #4198, #622 ) ) ;
#1286 = CARTESIAN_POINT ( 'NONE',  ( 10.46404522628000144, -21.19013892736000315, -0.04276349049746999698 ) ) ;
#1287 = CONICAL_SURFACE ( 'NONE', #69, 2.050000000000004707, 0.7853981633974539411 ) ;
#1288 = CARTESIAN_POINT ( 'NONE',  ( -3.811713162346301880E-15, 20.75000000000089884, 4.523749079003891893 ) ) ;
#1289 = CARTESIAN_POINT ( 'NONE',  ( -11.76509142493000049, 19.94643666134999904, -3.561745186825000076 ) ) ;
#1290 = CARTESIAN_POINT ( 'NONE',  ( 12.29391870722388802, 17.15011557831040179, -2.669671443532152466 ) ) ;
#1291 = AXIS2_PLACEMENT_3D ( 'NONE', #3820, #1781, #4385 ) ;
#1292 = VERTEX_POINT ( 'NONE', #5020 ) ;
#1293 = CARTESIAN_POINT ( 'NONE',  ( 18.42428313566000142, -10.72418506286000017, 1.409251108209000014 ) ) ;
#1294 = DIRECTION ( 'NONE',  ( -0.9998476951563913806, 0.01745240643727985833, 0.000000000000000000 ) ) ;
#1295 = CARTESIAN_POINT ( 'NONE',  ( 11.06970209114999903, 20.52936981799000193, -3.596439639511999964 ) ) ;
#1296 = CARTESIAN_POINT ( 'NONE',  ( -11.92098838401514449, 20.11184025943108367, -3.509672120102623083 ) ) ;
#1297 = CARTESIAN_POINT ( 'NONE',  ( 10.71577982906865856, -19.01267378971940403, -3.438817792900965564 ) ) ;
#1298 = ADVANCED_FACE ( 'NONE', ( #7947, #4460 ), #4994, .T. ) ;
#1299 = ORIENTED_EDGE ( 'NONE', *, *, #3518, .F. ) ;
#1300 = EDGE_CURVE ( 'NONE', #6697, #3783, #235, .T. ) ;
#1301 = CARTESIAN_POINT ( 'NONE',  ( -9.981293481868000583, -19.32604396717999862, -3.571015432478999774 ) ) ;
#1302 = B_SPLINE_CURVE_WITH_KNOTS ( 'NONE', 3,
 ( #6562, #1105, #3153, #5845, #7862, #1130, #8529, #2526, #3202, #3817, #7949, #7919, #453, #5192, #1803, #3877, #8583, #4558, #5251, #1187, #5928, #1860, #6590, #2641 ),
 .UNSPECIFIED., .F., .F.,
 ( 4, 1, 1, 1, 1, 1, 1, 1, 1, 1, 1, 1, 1, 1, 1, 1, 1, 1, 1, 1, 1, 4 ),
 ( 0.000000000000000000, 0.04761904761904999644, 0.09523809523809999289, 0.1428571428570999946, 0.1904761904761999858, 0.2380952380951999736, 0.2857142857143000203, 0.3333333333333000081, 0.3809523809523999716, 0.4285714285713999594, 0.4761904761904999783, 0.5238095238095000772, 0.5714285714286000406, 0.6190476190476000840, 0.6666666666667000474, 0.7142857142856999797, 0.7619047619048000541, 0.8095238095237999865, 0.8571428571429000609, 0.9047619047618999932, 0.9523809523809999567, 1.000000000000000000 ),
 .UNSPECIFIED. ) ;
#1303 = CARTESIAN_POINT ( 'NONE',  ( -16.71788187486035682, -7.443280568286192889, 0.08369384575500000978 ) ) ;
#1304 = CARTESIAN_POINT ( 'NONE',  ( -12.53554286898000036, -12.78948261564999989, -2.076865272544999641 ) ) ;
#1305 = CARTESIAN_POINT ( 'NONE',  ( 12.14615479462417191, 18.23982376616793033, -3.107569333807212786 ) ) ;
#1306 = CARTESIAN_POINT ( 'NONE',  ( -20.73690531605366516, 0.5008407165636361569, 0.6357585061522762482 ) ) ;
#1307 = FACE_BOUND ( 'NONE', #7606, .T. ) ;
#1308 = ORIENTED_EDGE ( 'NONE', *, *, #7414, .F. ) ;
#1309 = CARTESIAN_POINT ( 'NONE',  ( -18.40152381707999041, -7.879885060667437990, 0.3637561452142954455 ) ) ;
#1310 = CARTESIAN_POINT ( 'NONE',  ( 11.94008641365000045, -20.13402082974999985, -3.525397872752999984 ) ) ;
#1311 = EDGE_CURVE ( 'NONE', #7680, #1775, #8462, .T. ) ;
#1312 = EDGE_CURVE ( 'NONE', #8224, #2084, #6400, .T. ) ;
#1313 = CARTESIAN_POINT ( 'NONE',  ( -18.07485318254938633, -1.862115738928669995, -1.478030173859472551 ) ) ;
#1314 = CARTESIAN_POINT ( 'NONE',  ( -10.00187517968853257, -19.26522732454414921, -3.538746416106800741 ) ) ;
#1315 = CARTESIAN_POINT ( 'NONE',  ( 9.940241115320562315, -15.73421414201048663, -1.209916326901943950 ) ) ;
#1316 = CIRCLE ( 'NONE', #1627, 1.049999999999999822 ) ;
#1317 = EDGE_LOOP ( 'NONE', ( #3224, #399, #2993, #4213 ) ) ;
#1318 = CARTESIAN_POINT ( 'NONE',  ( -21.27127377102999972, -1.145615951661000054, 1.788554861838000054 ) ) ;
#1319 = CARTESIAN_POINT ( 'NONE',  ( 17.36537602582155060, 11.35809094768892002, 0.3236510879290830367 ) ) ;
#1320 = CIRCLE ( 'NONE', #37, 21.29999998902999891 ) ;
#1321 = ORIENTED_EDGE ( 'NONE', *, *, #7388, .T. ) ;
#1322 = CARTESIAN_POINT ( 'NONE',  ( -11.85055257562284226, 21.20069866681036430, -2.820913808854485616 ) ) ;
#1323 = PLANE ( 'NONE',  #1909 ) ;
#1324 = B_SPLINE_CURVE_WITH_KNOTS ( 'NONE', 3,
 ( #657, #4678, #1297, #2665 ),
 .UNSPECIFIED., .F., .F.,
 ( 4, 4 ),
 ( 0.000000000000000000, 1.000000000000000000 ),
 .UNSPECIFIED. ) ;
#1325 = FACE_OUTER_BOUND ( 'NONE', #6232, .T. ) ;
#1326 = CARTESIAN_POINT ( 'NONE',  ( 21.54452783077928757, -1.244720124495498403, -0.8167331089668833366 ) ) ;
#1327 = ORIENTED_EDGE ( 'NONE', *, *, #7754, .T. ) ;
#1328 = CARTESIAN_POINT ( 'NONE',  ( -20.74961182454622133, 4.529070993825146320E-10, -1.206320699158265564 ) ) ;
#1329 = DIRECTION ( 'NONE',  ( -0.9063077870366409439, -0.4226182617407188702, 0.000000000000000000 ) ) ;
#1330 = CARTESIAN_POINT ( 'NONE',  ( -12.91866586447999943, -11.27745566816999911, -2.066286224938000071 ) ) ;
#1331 = DIRECTION ( 'NONE',  ( 0.000000000000000000, 1.000000000000000000, -0.000000000000000000 ) ) ;
#1332 = CARTESIAN_POINT ( 'NONE',  ( 19.00069704856907649, 10.23173239936746270, -0.8166061887104192341 ) ) ;
#1333 = EDGE_LOOP ( 'NONE', ( #676, #275, #6982, #7292, #7030, #8239 ) ) ;
#1334 = CARTESIAN_POINT ( 'NONE',  ( -10.60789669779000022, -20.56990594796000238, -2.068331160266999813 ) ) ;
#1335 = DIRECTION ( 'NONE',  ( 0.000000000000000000, 0.000000000000000000, 1.000000000000000000 ) ) ;
#1336 = CARTESIAN_POINT ( 'NONE',  ( 11.47017529656999990, -20.34931671594999969, -3.562874343425999957 ) ) ;
#1337 = CARTESIAN_POINT ( 'NONE',  ( 6.685974912643845691, 19.69021666967916673, 3.383693845753999785 ) ) ;
#1338 = EDGE_LOOP ( 'NONE', ( #5804, #3351, #4783, #3900 ) ) ;
#1339 = AXIS2_PLACEMENT_3D ( 'NONE', #458, #3885, #3940 ) ;
#1340 = CARTESIAN_POINT ( 'NONE',  ( -18.69695656286053875, -2.528134092566176161, -0.9242860057517849892 ) ) ;
#1341 = ORIENTED_EDGE ( 'NONE', *, *, #7302, .F. ) ;
#1342 = CARTESIAN_POINT ( 'NONE',  ( -12.14434731184846861, -18.25288802014994616, -3.113394479320455766 ) ) ;
#1343 = CARTESIAN_POINT ( 'NONE',  ( 20.35017854868910447, -7.181026432506824264, 0.6291684483389186067 ) ) ;
#1344 = CARTESIAN_POINT ( 'NONE',  ( -11.77477583788999915, -19.87099763101999983, -3.570755859841000301 ) ) ;
#1345 = VERTEX_POINT ( 'NONE', #4388 ) ;
#1346 = EDGE_LOOP ( 'NONE', ( #7076, #3400, #1437, #4771 ) ) ;
#1347 = CARTESIAN_POINT ( 'NONE',  ( 18.94264839622798746, -8.492299607515198190, -1.206319085105999944 ) ) ;
#1348 = CARTESIAN_POINT ( 'NONE',  ( 18.55178041543999967, -10.48888832737999977, 1.606489891116999802 ) ) ;
#1349 = CARTESIAN_POINT ( 'NONE',  ( 2.734703676277049578, 12.34999999999999964, -1.478875005813947041 ) ) ;
#1350 = VERTEX_POINT ( 'NONE', #6656 ) ;
#1351 = CARTESIAN_POINT ( 'NONE',  ( 20.22708441707999683, 6.778413483278000307, 0.3605555795020999876 ) ) ;
#1352 = CARTESIAN_POINT ( 'NONE',  ( 18.68162307207625616, 9.052070335433340276, -1.706306646535999949 ) ) ;
#1353 = CARTESIAN_POINT ( 'NONE',  ( -11.85104678537509137, 21.17936990944490461, -2.847896273639177522 ) ) ;
#1354 = ORIENTED_EDGE ( 'NONE', *, *, #7361, .F. ) ;
#1355 = CARTESIAN_POINT ( 'NONE',  ( -21.19664973181999912, 2.405006333912000027, 0.3236938352879000225 ) ) ;
#1356 = ORIENTED_EDGE ( 'NONE', *, *, #1982, .F. ) ;
#1357 = VERTEX_POINT ( 'NONE', #6021 ) ;
#1358 = CARTESIAN_POINT ( 'NONE',  ( 18.39411122154722378, -9.597967734621281721, -1.156354102137704176 ) ) ;
#1359 = CARTESIAN_POINT ( 'NONE',  ( 1.300000000000000044, 12.34999999999999964, -1.816306154244996973 ) ) ;
#1360 = CARTESIAN_POINT ( 'NONE',  ( 18.98895438601000052, -9.847957595425000932, -1.055449595899999871 ) ) ;
#1361 = B_SPLINE_CURVE_WITH_KNOTS ( 'NONE', 3,
 ( #5700, #3014, #8449, #7721 ),
 .UNSPECIFIED., .F., .F.,
 ( 4, 4 ),
 ( 0.000000000000000000, 1.000000000000000000 ),
 .UNSPECIFIED. ) ;
#1362 = CARTESIAN_POINT ( 'NONE',  ( 0.000000000000000000, 0.000000000000000000, 5.346123950409299219 ) ) ;
#1363 = CARTESIAN_POINT ( 'NONE',  ( 19.54874283816127800, -6.962117486320963167, -1.448006230670236594 ) ) ;
#1364 = CARTESIAN_POINT ( 'NONE',  ( -20.70036896223549761, -1.455729741277026923, -1.653724844721642384 ) ) ;
#1365 = CARTESIAN_POINT ( 'NONE',  ( -11.97156639847000115, -19.84964831628999704, -3.537864583134999741 ) ) ;
#1366 = EDGE_CURVE ( 'NONE', #4348, #8739, #401, .T. ) ;
#1367 = CARTESIAN_POINT ( 'NONE',  ( -20.69031925536538452, -1.502392766003303626, 1.260229686049174624 ) ) ;
#1368 = EDGE_CURVE ( 'NONE', #3442, #2354, #3510, .T. ) ;
#1369 = CARTESIAN_POINT ( 'NONE',  ( -18.08490795989363420, -8.435340440908170478, 0.2773608633673823043 ) ) ;
#1370 = CARTESIAN_POINT ( 'NONE',  ( 11.86491189322999951, -20.99127702260000206, -3.067001939177999681 ) ) ;
#1371 = ORIENTED_EDGE ( 'NONE', *, *, #7708, .F. ) ;
#1372 = CARTESIAN_POINT ( 'NONE',  ( 2.736228704146482560, 12.34999999999999964, -1.496306154244909203 ) ) ;
#1373 = CARTESIAN_POINT ( 'NONE',  ( -17.88324715145856558, -1.470904337537707551, -1.631708043184459278 ) ) ;
#1374 = CARTESIAN_POINT ( 'NONE',  ( -12.13045742992506781, -18.35334444994148839, -3.158219787351666863 ) ) ;
#1375 = ORIENTED_EDGE ( 'NONE', *, *, #7143, .T. ) ;
#1376 = LINE ( 'NONE', #122, #8348 ) ;
#1377 = AXIS2_PLACEMENT_3D ( 'NONE', #6929, #8372, #4338 ) ;
#1378 = CARTESIAN_POINT ( 'NONE',  ( 21.21535639412999785, 2.149946656536999789, 1.156736095664999908 ) ) ;
#1379 = CARTESIAN_POINT ( 'NONE',  ( -11.64208986544406343, 20.04938942022908321, -3.570544406079885658 ) ) ;
#1380 = CARTESIAN_POINT ( 'NONE',  ( 16.87835503884069155, -6.165563731552833104, -1.615370543957467042 ) ) ;
#1381 = CARTESIAN_POINT ( 'NONE',  ( 10.01373161931999967, 20.99158109909999936, -3.689144151828999796 ) ) ;
#1382 = ORIENTED_EDGE ( 'NONE', *, *, #8371, .T. ) ;
#1383 = CARTESIAN_POINT ( 'NONE',  ( -11.92616350552860283, 20.03731476880532014, -3.523284813652048708 ) ) ;
#1384 = CARTESIAN_POINT ( 'NONE',  ( 15.92557622957375330, 10.28497150222515089, -0.8427331525308361382 ) ) ;
#1385 = FACE_OUTER_BOUND ( 'NONE', #4391, .T. ) ;
#1386 = B_SPLINE_CURVE_WITH_KNOTS ( 'NONE', 3,
 ( #803, #2175, #6930, #2114, #1556, #2809, #4123, #2871, #6965, #5611, #7541, #146, #7570, #8255, #4182, #8225, #7486, #8167 ),
 .UNSPECIFIED., .F., .F.,
 ( 4, 2, 2, 2, 2, 2, 2, 2, 4 ),
 ( 0.000000000000000000, 0.1249999999999999445, 0.2499999999999998890, 0.3749999999999998335, 0.4999999999999997780, 0.6249999999999997780, 0.7499999999999996669, 0.8749999999999997780, 1.000000000000000000 ),
 .UNSPECIFIED. ) ;
#1387 = CARTESIAN_POINT ( 'NONE',  ( 12.16239729858999929, 18.26605128174999848, -3.119507670506000085 ) ) ;
#1388 = CARTESIAN_POINT ( 'NONE',  ( 11.93071771368999912, 18.38786351494000115, -3.171244791678000219 ) ) ;
#1389 = CARTESIAN_POINT ( 'NONE',  ( 18.77457607634000070, -10.05460358973000012, 1.810740573452999991 ) ) ;
#1390 = CARTESIAN_POINT ( 'NONE',  ( 19.86303400928398233, -6.001864706155998874, 0.05552165226345533167 ) ) ;
#1391 = CARTESIAN_POINT ( 'NONE',  ( -20.75000000000000000, 2.541142108230757874E-15, 0.7886893706604999332 ) ) ;
#1392 = EDGE_LOOP ( 'NONE', ( #3160, #3131, #472, #7134 ) ) ;
#1393 = CARTESIAN_POINT ( 'NONE',  ( 18.19548962452000040, 11.13527700764000095, 0.2131167947373999727 ) ) ;
#1394 = CARTESIAN_POINT ( 'NONE',  ( 19.71151172816647090, -6.482839708762032416, 0.3235980823524421401 ) ) ;
#1395 = DIRECTION ( 'NONE',  ( 0.6226968101835099745, 0.7824632144348119267, -2.536973539433041297E-05 ) ) ;
#1396 = CARTESIAN_POINT ( 'NONE',  ( 10.01729434531999985, 21.33962286782000106, -0.04671387699983999692 ) ) ;
#1397 = VERTEX_POINT ( 'NONE', #5934 ) ;
#1398 = CARTESIAN_POINT ( 'NONE',  ( -18.31758689851857014, -2.179594835703710931, -1.273500036213865316 ) ) ;
#1399 = CARTESIAN_POINT ( 'NONE',  ( -11.74192750064000101, 20.22540308326999892, -3.540784956916999793 ) ) ;
#1400 = CARTESIAN_POINT ( 'NONE',  ( 20.75000000000000000, 0.000000000000000000, 0.7886893706604999332 ) ) ;
#1401 = CARTESIAN_POINT ( 'NONE',  ( 12.80195642229420372, 13.76545918380211297, -1.002077843923459666 ) ) ;
#1402 = AXIS2_PLACEMENT_3D ( 'NONE', #7483, #48, #4778 ) ;
#1403 = DIRECTION ( 'NONE',  ( 8.125432176206449220E-14, 1.193175486402990124E-13, -1.000000000000000000 ) ) ;
#1404 = DIRECTION ( 'NONE',  ( -0.7071067811865515695, 0.000000000000000000, 0.7071067811865435759 ) ) ;
#1405 = CARTESIAN_POINT ( 'NONE',  ( 10.26715194083999982, 21.79192245905000291, -2.753694517856999813 ) ) ;
#1406 = CARTESIAN_POINT ( 'NONE',  ( 19.68207726867283114, -6.565810221293645554, 0.7090983660356172669 ) ) ;
#1407 = CARTESIAN_POINT ( 'NONE',  ( 16.66824216647484747, 11.03301654913689944, 0.3235838568996294851 ) ) ;
#1408 = ADVANCED_FACE ( 'NONE', ( #2127, #344 ), #7308, .T. ) ;
#1409 = FACE_OUTER_BOUND ( 'NONE', #15, .T. ) ;
#1410 = ORIENTED_EDGE ( 'NONE', *, *, #1933, .T. ) ;
#1411 = EDGE_CURVE ( 'NONE', #5674, #6932, #7234, .T. ) ;
#1412 = CARTESIAN_POINT ( 'NONE',  ( 10.25589390758000086, 19.20982349534000022, -3.522064963762999934 ) ) ;
#1413 = CARTESIAN_POINT ( 'NONE',  ( 10.85683307052999957, 17.06961686812000067, -2.615671902371000002 ) ) ;
#1414 = CARTESIAN_POINT ( 'NONE',  ( 18.50390620596999725, -10.94353267916000050, -0.3401172217471999937 ) ) ;
#1415 = B_SPLINE_CURVE_WITH_KNOTS ( 'NONE', 3,
 ( #2972, #8284, #888, #4246 ),
 .UNSPECIFIED., .F., .F.,
 ( 4, 4 ),
 ( 0.000000000000000000, 1.000000000000000000 ),
 .UNSPECIFIED. ) ;
#1416 = CARTESIAN_POINT ( 'NONE',  ( 18.07060664330051836, -10.19924438536840938, 1.697163422547100620 ) ) ;
#1417 = DIRECTION ( 'NONE',  ( 0.000000000000000000, 0.000000000000000000, 1.000000000000000000 ) ) ;
#1418 = CIRCLE ( 'NONE', #7159, 21.29999997526001110 ) ;
#1419 = CARTESIAN_POINT ( 'NONE',  ( 19.61002454592376765, 6.783250413995280503, -0.6121499149737763545 ) ) ;
#1420 = CARTESIAN_POINT ( 'NONE',  ( -18.07507904308329927, -8.437393261321025406, 0.2663843104753211843 ) ) ;
#1421 = CIRCLE ( 'NONE', #393, 0.4000000000000002998 ) ;
#1422 = DIRECTION ( 'NONE',  ( 0.000000000000000000, 0.000000000000000000, -1.000000000000000000 ) ) ;
#1423 = VERTEX_POINT ( 'NONE', #5400 ) ;
#1424 = CARTESIAN_POINT ( 'NONE',  ( 19.17813561918450205, -7.922224390327420096, -1.706307346201854980 ) ) ;
#1425 = AXIS2_PLACEMENT_3D ( 'NONE', #3082, #6468, #7135 ) ;
#1426 = CARTESIAN_POINT ( 'NONE',  ( -18.97783266207619945, -2.713754788871737933, -0.6365015854351059321 ) ) ;
#1427 = CARTESIAN_POINT ( 'NONE',  ( 14.31186932656789779, -10.97976413653302785, 5.710772084629347489 ) ) ;
#1428 = CARTESIAN_POINT ( 'NONE',  ( -10.65362073166000023, 21.92743569981000107, -1.256123317327000111 ) ) ;
#1429 = CARTESIAN_POINT ( 'NONE',  ( 15.25806199061200097, -7.984514227025303335, -2.066306154244998528 ) ) ;
#1430 = CARTESIAN_POINT ( 'NONE',  ( 19.67699888206000125, -8.154948308885998642, 1.803645904724999971 ) ) ;
#1431 = FACE_OUTER_BOUND ( 'NONE', #7025, .T. ) ;
#1432 = ORIENTED_EDGE ( 'NONE', *, *, #2348, .T. ) ;
#1433 = CARTESIAN_POINT ( 'NONE',  ( 21.27984739121999880, 0.9249914955079000523, 1.803693852574999923 ) ) ;
#1434 = DIRECTION ( 'NONE',  ( 1.000000000000000000, 0.000000000000000000, 0.000000000000000000 ) ) ;
#1435 = CARTESIAN_POINT ( 'NONE',  ( 17.39991456012002402, 2.130874967148841078E-15, 5.752848945473099107 ) ) ;
#1436 = CARTESIAN_POINT ( 'NONE',  ( -17.40531213950000122, -7.749344241253000476, 0.08369384575500000978 ) ) ;
#1437 = ORIENTED_EDGE ( 'NONE', *, *, #5971, .F. ) ;
#1438 = CARTESIAN_POINT ( 'NONE',  ( -12.83831114311582411, -15.62797135925809222, 0.6709256422400774467 ) ) ;
#1439 = CARTESIAN_POINT ( 'NONE',  ( 18.90349362438999847, 9.801054569604000122, 1.810549209590000208 ) ) ;
#1440 = B_SPLINE_CURVE_WITH_KNOTS ( 'NONE', 3,
 ( #2294, #8448, #7013, #7805, #5730 ),
 .UNSPECIFIED., .F., .F.,
 ( 4, 1, 4 ),
 ( 0.000000000000000000, 1.051434495787555878, 2.102868991575111757 ),
 .UNSPECIFIED. ) ;
#1441 = LINE ( 'NONE', #6075, #4188 ) ;
#1442 = CARTESIAN_POINT ( 'NONE',  ( 21.49771259706387383, -1.885772710274667752, -0.3941042191216811985 ) ) ;
#1443 = CARTESIAN_POINT ( 'NONE',  ( 10.28198232945000079, 16.52191201009999943, -2.433870409409000235 ) ) ;
#1444 = CARTESIAN_POINT ( 'NONE',  ( 18.41341051795999917, -11.09764864893999992, 0.3312914877920999923 ) ) ;
#1445 = CARTESIAN_POINT ( 'NONE',  ( 19.86305092276954909, -6.001802798468930611, 0.3236934379953549934 ) ) ;
#1446 = CARTESIAN_POINT ( 'NONE',  ( -9.983116879605359983, -18.19064498783019701, 1.633718684347605032 ) ) ;
#1447 = VERTEX_POINT ( 'NONE', #4769 ) ;
#1448 = CARTESIAN_POINT ( 'NONE',  ( -3.064011465150167979, 16.92156008802772860, -2.066306154244998528 ) ) ;
#1449 = CARTESIAN_POINT ( 'NONE',  ( -9.995943751472315952, 18.90894374362513730, -3.342470335240690371 ) ) ;
#1450 = ORIENTED_EDGE ( 'NONE', *, *, #5745, .F. ) ;
#1451 = CARTESIAN_POINT ( 'NONE',  ( 10.27100219426999850, -21.94092828325999989, -2.402722549995000012 ) ) ;
#1452 = CARTESIAN_POINT ( 'NONE',  ( 9.988898217402999435, 20.51401756026000101, 0.5579078632785999803 ) ) ;
#1453 = ORIENTED_EDGE ( 'NONE', *, *, #8315, .F. ) ;
#1454 = AXIS2_PLACEMENT_3D ( 'NONE', #2577, #5189, #7202 ) ;
#1455 = VERTEX_POINT ( 'NONE', #3348 ) ;
#1456 = CARTESIAN_POINT ( 'NONE',  ( 10.29478249537999979, -14.68436743014999912, -2.101308553431000092 ) ) ;
#1457 = ADVANCED_FACE ( 'NONE', ( #6047 ), #6768, .T. ) ;
#1458 = CARTESIAN_POINT ( 'NONE',  ( 10.97976413653306516, -14.31186932656786581, 5.710772084629345713 ) ) ;
#1459 = CARTESIAN_POINT ( 'NONE',  ( -11.43724161398999861, 21.40057698115999685, -2.757718967211000294 ) ) ;
#1460 = DIRECTION ( 'NONE',  ( 0.6795693539319744847, -0.7336112684497687608, 0.000000000000000000 ) ) ;
#1461 = CARTESIAN_POINT ( 'NONE',  ( 12.19949379238000020, 17.01734331129999589, -3.934229928965999434 ) ) ;
#1462 = CARTESIAN_POINT ( 'NONE',  ( -11.52011982229000076, -19.73236214245000042, -3.615172201557000253 ) ) ;
#1463 = ADVANCED_FACE ( 'NONE', ( #6260 ), #6911, .T. ) ;
#1464 = ORIENTED_EDGE ( 'NONE', *, *, #1850, .T. ) ;
#1465 = ORIENTED_EDGE ( 'NONE', *, *, #3027, .F. ) ;
#1466 = CARTESIAN_POINT ( 'NONE',  ( 19.22890256754999783, 2.354861398046643052E-15, 5.638832967551000053 ) ) ;
#1467 = EDGE_CURVE ( 'NONE', #4720, #1588, #7922, .T. ) ;
#1468 = ORIENTED_EDGE ( 'NONE', *, *, #8213, .T. ) ;
#1469 = CARTESIAN_POINT ( 'NONE',  ( 18.11529498612982891, -5.588468461232344531, -0.8426310144293785998 ) ) ;
#1470 = CARTESIAN_POINT ( 'NONE',  ( 20.22625107632000052, 6.781082629841999498, 0.2129481468650999965 ) ) ;
#1471 = CARTESIAN_POINT ( 'NONE',  ( 15.75857229583002628, 9.942784067971352613, -1.126097582595517288 ) ) ;
#1472 = CARTESIAN_POINT ( 'NONE',  ( -10.01400222116451211, 19.95998506566528619, 0.7957110431558336305 ) ) ;
#1473 = CARTESIAN_POINT ( 'NONE',  ( 11.58852666753999827, 17.57877852965000187, -2.808651913952999735 ) ) ;
#1474 = EDGE_LOOP ( 'NONE', ( #1299, #537, #4004, #3979 ) ) ;
#1475 = CARTESIAN_POINT ( 'NONE',  ( 18.62929816036999853, -10.90396021231000034, -0.2838600490185999581 ) ) ;
#1476 = CARTESIAN_POINT ( 'NONE',  ( -12.00933394510999896, -20.83650139460999995, -0.1279799112330999855 ) ) ;
#1477 = CARTESIAN_POINT ( 'NONE',  ( -4.889015000259000124E-05, -0.0002174092057513000087, 1.648693860211999818 ) ) ;
#1478 = EDGE_CURVE ( 'NONE', #8026, #6864, #1917, .T. ) ;
#1479 = FACE_OUTER_BOUND ( 'NONE', #6448, .T. ) ;
#1480 = CARTESIAN_POINT ( 'NONE',  ( 11.64065091077999980, -21.26186800941000143, -0.3957297908026000122 ) ) ;
#1481 = CARTESIAN_POINT ( 'NONE',  ( -12.12715254472680115, -18.37746105957035070, -3.168951404274159778 ) ) ;
#1482 = ORIENTED_EDGE ( 'NONE', *, *, #4933, .T. ) ;
#1483 = FACE_OUTER_BOUND ( 'NONE', #3641, .T. ) ;
#1484 = CARTESIAN_POINT ( 'NONE',  ( -11.51702227235000109, 18.25482219236999981, -3.095589078295000185 ) ) ;
#1485 = CARTESIAN_POINT ( 'NONE',  ( 11.93069650785000135, -18.38787338098999768, -3.171248928349999829 ) ) ;
#1486 = CARTESIAN_POINT ( 'NONE',  ( -12.03965977117867681, 19.03201395747181479, -3.428145658213602065 ) ) ;
#1487 = CARTESIAN_POINT ( 'NONE',  ( -11.94719287778000094, 21.56417269720000363, -1.223705578737999788 ) ) ;
#1488 = CARTESIAN_POINT ( 'NONE',  ( 19.58116233465381839, 6.809995167866936150, 0.6359467760931760694 ) ) ;
#1489 = CARTESIAN_POINT ( 'NONE',  ( 11.82796356314000086, 22.19181404885999953, -1.540905373911999998 ) ) ;
#1490 = CARTESIAN_POINT ( 'NONE',  ( 20.11240476975999769, -7.078670471231999883, 1.245699709472000150 ) ) ;
#1491 = ORIENTED_EDGE ( 'NONE', *, *, #2783, .F. ) ;
#1492 = AXIS2_PLACEMENT_3D ( 'NONE', #4363, #2299, #7214 ) ;
#1493 = LINE ( 'NONE', #2331, #3100 ) ;
#1494 = CARTESIAN_POINT ( 'NONE',  ( 3.350000000000004530, 12.34999999999999787, -2.066306154244998528 ) ) ;
#1495 = CARTESIAN_POINT ( 'NONE',  ( 16.52596241860389981, 6.685878940905900514, -1.706361773817909988 ) ) ;
#1496 = CARTESIAN_POINT ( 'NONE',  ( 19.69393555780247951, -6.529837294086002331, 0.3236458873653511037 ) ) ;
#1497 = ORIENTED_EDGE ( 'NONE', *, *, #2652, .T. ) ;
#1498 = ADVANCED_FACE ( 'NONE', ( #4243 ), #7840, .T. ) ;
#1499 = ADVANCED_FACE ( 'NONE', ( #126 ), #4007, .T. ) ;
#1500 = CARTESIAN_POINT ( 'NONE',  ( 12.92111821736576083, 16.23596230641659943, 1.633702142078530040 ) ) ;
#1501 = CARTESIAN_POINT ( 'NONE',  ( 12.45828661146000016, 16.00724015531000077, -2.360848703274999849 ) ) ;
#1502 = DIRECTION ( 'NONE',  ( -0.9063077870366587074, 0.4226182617406809006, 0.000000000000000000 ) ) ;
#1503 = CARTESIAN_POINT ( 'NONE',  ( -11.93125102175999963, -20.13809762838999973, -3.526082302462999696 ) ) ;
#1504 = CARTESIAN_POINT ( 'NONE',  ( 19.17810011917398683, 7.922309186244992141, -1.206302817663649440 ) ) ;
#1505 = AXIS2_PLACEMENT_3D ( 'NONE', #2563, #7276, #3915 ) ;
#1506 = EDGE_LOOP ( 'NONE', ( #4851, #5949 ) ) ;
#1507 = CARTESIAN_POINT ( 'NONE',  ( 17.66115224568639874, 10.88915445177991081, 0.3236938351429941574 ) ) ;
#1508 = CARTESIAN_POINT ( 'NONE',  ( 12.18534665470000000, -20.54855988899999986, 0.007687163660981000297 ) ) ;
#1509 = CARTESIAN_POINT ( 'NONE',  ( -20.64166666666689665, 2.076261081313920027E-09, 3.525360512421485737 ) ) ;
#1510 = CARTESIAN_POINT ( 'NONE',  ( -9.946909461640000671, 17.58932739986000016, -2.736004421317999924 ) ) ;
#1511 = DIRECTION ( 'NONE',  ( 0.000000000000000000, 0.000000000000000000, -1.000000000000000000 ) ) ;
#1512 = CARTESIAN_POINT ( 'NONE',  ( 1.322983651677707905E-14, -17.99991456011998991, 5.710772084629349266 ) ) ;
#1513 = CARTESIAN_POINT ( 'NONE',  ( -10.28610989871000037, 22.03064077131999809, -1.268639946446999955 ) ) ;
#1514 = CARTESIAN_POINT ( 'NONE',  ( 19.29970630317190938, 7.562810009205562345, -0.6126234643147046022 ) ) ;
#1515 = CIRCLE ( 'NONE', #3508, 21.58000001251999223 ) ;
#1516 = CARTESIAN_POINT ( 'NONE',  ( -20.74999999982716758, 2.064288174388701602, 3.633693845755006979 ) ) ;
#1517 = VERTEX_POINT ( 'NONE', #1372 ) ;
#1518 = CARTESIAN_POINT ( 'NONE',  ( -11.08044751066000089, -20.31941979333999981, -3.630625204434999809 ) ) ;
#1519 = CARTESIAN_POINT ( 'NONE',  ( 18.03369962876795896, -10.28822540930953799, -1.236840979708293986 ) ) ;
#1520 = CARTESIAN_POINT ( 'NONE',  ( -9.955858088196739786, -16.62890991861878121, -0.4230853901031469411 ) ) ;
#1521 = VECTOR ( 'NONE', #651, 1000.000000000000114 ) ;
#1522 = ORIENTED_EDGE ( 'NONE', *, *, #6968, .F. ) ;
#1523 = CARTESIAN_POINT ( 'NONE',  ( -21.55281893333218690, 1.092732556820248613, -0.8463076879241429040 ) ) ;
#1524 = CARTESIAN_POINT ( 'NONE',  ( 19.86303003653238974, 6.001877853869457269, 0.05535485497305996094 ) ) ;
#1525 = DIRECTION ( 'NONE',  ( 0.000000000000000000, 0.000000000000000000, -1.000000000000000000 ) ) ;
#1526 = CARTESIAN_POINT ( 'NONE',  ( 19.08044584664000354, 9.883026997600000030, -0.9472099666151999608 ) ) ;
#1527 = EDGE_CURVE ( 'NONE', #2126, #7259, #1243, .T. ) ;
#1528 = EDGE_CURVE ( 'NONE', #6608, #7642, #1028, .T. ) ;
#1529 = LINE ( 'NONE', #5721, #8607 ) ;
#1530 = CARTESIAN_POINT ( 'NONE',  ( -20.66724313874874142, -1.833041608491036589, -0.8612703001032502304 ) ) ;
#1531 = CARTESIAN_POINT ( 'NONE',  ( -5.380113296845495441, -20.08634546016179456, 4.202389014246000087 ) ) ;
#1532 = VERTEX_POINT ( 'NONE', #3464 ) ;
#1533 = CARTESIAN_POINT ( 'NONE',  ( 20.62647660419166940, 2.262082910180699624, -0.4472846080152114157 ) ) ;
#1534 = CARTESIAN_POINT ( 'NONE',  ( -12.05151939467999966, -20.59277536481999604, 0.007726253207708000739 ) ) ;
#1535 = CARTESIAN_POINT ( 'NONE',  ( 20.32444723457000180, -7.270644514033000050, -0.2968751132990999908 ) ) ;
#1536 = DIRECTION ( 'NONE',  ( 0.000000000000000000, 1.000000000000000000, 0.000000000000000000 ) ) ;
#1537 = CARTESIAN_POINT ( 'NONE',  ( 20.04357128659999532, 7.989315947394000084, 1.803693845753999936 ) ) ;
#1538 = CARTESIAN_POINT ( 'NONE',  ( 11.57344471039000133, -21.54803865705000021, -0.8580190092476999153 ) ) ;
#1539 = CARTESIAN_POINT ( 'NONE',  ( -20.75000000000000000, -0.3084364969685854940, -1.706306746612999969 ) ) ;
#1540 = LINE ( 'NONE', #5321, #389 ) ;
#1541 = VERTEX_POINT ( 'NONE', #6186 ) ;
#1542 = CARTESIAN_POINT ( 'NONE',  ( -10.25629467260000105, 19.14047707009999755, -3.485078892076999946 ) ) ;
#1543 = AXIS2_PLACEMENT_3D ( 'NONE', #4942, #5006, #962 ) ;
#1544 = CARTESIAN_POINT ( 'NONE',  ( 12.31453871179999915, -17.15911888071000391, -2.665433336383999929 ) ) ;
#1545 = CARTESIAN_POINT ( 'NONE',  ( -20.72783903729304811, -0.9249972814888270944, 1.803697669353065303 ) ) ;
#1546 = VERTEX_POINT ( 'NONE', #2132 ) ;
#1547 = CARTESIAN_POINT ( 'NONE',  ( -10.62401873361000071, 21.83414674267000066, -2.401388050496000126 ) ) ;
#1548 = CARTESIAN_POINT ( 'NONE',  ( 19.73551186200067420, 6.439939560526639184, 1.260231896304961019 ) ) ;
#1549 = CARTESIAN_POINT ( 'NONE',  ( -20.72783557760274675, -0.9250001284057209894, -1.156310227835597226 ) ) ;
#1550 = CARTESIAN_POINT ( 'NONE',  ( -11.17267611990999931, -18.79478599540000161, -3.345308961293000038 ) ) ;
#1551 = ADVANCED_FACE ( 'NONE', ( #5849 ), #7099, .F. ) ;
#1552 = VERTEX_POINT ( 'NONE', #2922 ) ;
#1553 = CARTESIAN_POINT ( 'NONE',  ( 17.60626608832387419, -10.97284225164395188, 0.6360813680100215750 ) ) ;
#1554 = CARTESIAN_POINT ( 'NONE',  ( 20.65957384420791243, -1.951171134695725451, -1.448561429409698009 ) ) ;
#1555 = ORIENTED_EDGE ( 'NONE', *, *, #7245, .T. ) ;
#1556 = CARTESIAN_POINT ( 'NONE',  ( -20.66657800158522562, 1.864354708842776542, -0.9009052010589416737 ) ) ;
#1557 = CARTESIAN_POINT ( 'NONE',  ( 19.93569470244999664, 8.262129027628001054, -0.8463061542402999793 ) ) ;
#1558 = CARTESIAN_POINT ( 'NONE',  ( 19.07437994983000351, 9.894834705670000119, -0.9476458669969000104 ) ) ;
#1559 = ORIENTED_EDGE ( 'NONE', *, *, #125, .T. ) ;
#1560 = B_SPLINE_CURVE_WITH_KNOTS ( 'NONE', 3,
 ( #8635, #6084, #3949, #6030 ),
 .UNSPECIFIED., .F., .F.,
 ( 4, 4 ),
 ( 6.928854041376499005E-14, 0.001519325527468672228 ),
 .UNSPECIFIED. ) ;
#1561 = AXIS2_PLACEMENT_3D ( 'NONE', #7338, #7408, #7437 ) ;
#1562 = VERTEX_POINT ( 'NONE', #5599 ) ;
#1563 = CARTESIAN_POINT ( 'NONE',  ( 20.53851007956045294, 2.955001495706969905, 0.3229235927622884916 ) ) ;
#1564 = CARTESIAN_POINT ( 'NONE',  ( 10.29478213680999943, 14.68437886002999981, -2.101309858591999813 ) ) ;
#1565 = CARTESIAN_POINT ( 'NONE',  ( 20.10179568310999798, 7.611381200359999433, -0.8339882087544999711 ) ) ;
#1566 = DIRECTION ( 'NONE',  ( 0.7336112449754647047, 0.6795693792730429506, 8.326672684688676518E-17 ) ) ;
#1567 = CARTESIAN_POINT ( 'NONE',  ( -11.87251786564999989, -20.98838775487000063, -3.067035872123000217 ) ) ;
#1568 = CARTESIAN_POINT ( 'NONE',  ( 20.27382010376999943, -7.149874546304999967, -0.3543375267416999930 ) ) ;
#1569 = EDGE_LOOP ( 'NONE', ( #7617, #1672, #6832, #1785 ) ) ;
#1570 = CARTESIAN_POINT ( 'NONE',  ( -10.65682042294999832, 19.74156824403999977, -3.722015183315000364 ) ) ;
#1571 = DIRECTION ( 'NONE',  ( -0.000000000000000000, -0.000000000000000000, 1.000000000000000000 ) ) ;
#1572 = CARTESIAN_POINT ( 'NONE',  ( 10.72307033950000132, -21.03582433501999915, 0.004166516272677000220 ) ) ;
#1573 = CARTESIAN_POINT ( 'NONE',  ( -20.75000000000000000, 1.324781162739653962E-15, -1.706306342914500007 ) ) ;
#1574 = VERTEX_POINT ( 'NONE', #5630 ) ;
#1575 = CARTESIAN_POINT ( 'NONE',  ( -10.28907698074000088, 15.61912544978999939, -2.237864381964000504 ) ) ;
#1576 = CARTESIAN_POINT ( 'NONE',  ( 12.32102987194000043, -15.07298107796999886, -2.227469077901000016 ) ) ;
#1577 = CARTESIAN_POINT ( 'NONE',  ( -17.78691508424354595, -8.275755512897916333, -0.1515834125284552525 ) ) ;
#1578 = CARTESIAN_POINT ( 'NONE',  ( 19.29966913481323232, 7.562912520296823260, 1.260162187454079818 ) ) ;
#1579 = CARTESIAN_POINT ( 'NONE',  ( 11.82796356314000086, 20.08314284469999933, -4.950593001179999675 ) ) ;
#1580 = CARTESIAN_POINT ( 'NONE',  ( 20.75000000000000000, -0.3083961933701614977, 1.853686996360000006 ) ) ;
#1581 = ORIENTED_EDGE ( 'NONE', *, *, #874, .T. ) ;
#1582 = EDGE_CURVE ( 'NONE', #3691, #4715, #8586, .T. ) ;
#1583 = CARTESIAN_POINT ( 'NONE',  ( 19.44823391095710008, -7.189934164507890912, 1.259928383116149408 ) ) ;
#1584 = CARTESIAN_POINT ( 'NONE',  ( -11.50227296047000181, 17.27034617708999775, 1.645308295666999987 ) ) ;
#1585 = EDGE_CURVE ( 'NONE', #2627, #5714, #7195, .T. ) ;
#1586 = CARTESIAN_POINT ( 'NONE',  ( -21.55958320529000005, 0.9371520638264999592, -0.8463062152477000000 ) ) ;
#1587 = CARTESIAN_POINT ( 'NONE',  ( 12.05165673973000118, 19.10768430750000135, -3.457401567022000410 ) ) ;
#1588 = VERTEX_POINT ( 'NONE', #6248 ) ;
#1589 = CARTESIAN_POINT ( 'NONE',  ( 12.57103873708999942, -13.90134925661999965, -2.977460540937999944 ) ) ;
#1590 = CARTESIAN_POINT ( 'NONE',  ( 18.91042801984999855, 9.787377132929000467, -1.162642377727000076 ) ) ;
#1591 = FACE_OUTER_BOUND ( 'NONE', #5492, .T. ) ;
#1592 = ADVANCED_FACE ( 'NONE', ( #2458 ), #8454, .T. ) ;
#1593 = ADVANCED_FACE ( 'NONE', ( #443 ), #771, .F. ) ;
#1594 = CARTESIAN_POINT ( 'NONE',  ( -20.60902920374990543, -2.405172622876128319, 0.1284494787494198376 ) ) ;
#1595 = CARTESIAN_POINT ( 'NONE',  ( 1.478704836801399860E-08, 20.74999400032110231, 1.633719033080594851 ) ) ;
#1596 = CARTESIAN_POINT ( 'NONE',  ( 20.17673097083000044, 6.897485499820000143, -0.4525836193550000219 ) ) ;
#1597 = CARTESIAN_POINT ( 'NONE',  ( -9.981293425657000284, 19.32604328951999761, -3.571015058078000237 ) ) ;
#1598 = EDGE_LOOP ( 'NONE', ( #5074, #8307, #8354, #4825 ) ) ;
#1599 = VECTOR ( 'NONE', #7118, 1000.000000000000000 ) ;
#1600 = CARTESIAN_POINT ( 'NONE',  ( 19.65294387692000200, -8.195046738859000257, -1.162690325577000028 ) ) ;
#1601 = AXIS2_PLACEMENT_3D ( 'NONE', #8016, #8741, #4712 ) ;
#1602 = CARTESIAN_POINT ( 'NONE',  ( -9.981384404750000883, 19.31074335085999749, -3.562367486302999708 ) ) ;
#1603 = CARTESIAN_POINT ( 'NONE',  ( -20.57418738486948584, -2.697428888585057027, -0.7023185456828777706 ) ) ;
#1604 = CARTESIAN_POINT ( 'NONE',  ( -20.65000000000020464, 2.064134828520335799E-09, 3.533693845754795504 ) ) ;
#1605 = CARTESIAN_POINT ( 'NONE',  ( 15.70959851097319238, -9.816087250387727892, -1.213509480793645290 ) ) ;
#1606 = CARTESIAN_POINT ( 'NONE',  ( 18.02789710608552554, 10.27444635322031274, -1.003641786736775066 ) ) ;
#1607 = VERTEX_POINT ( 'NONE', #2194 ) ;
#1608 = CARTESIAN_POINT ( 'NONE',  ( 9.912235638101000390, -15.85581063167000160, -2.249206074499999986 ) ) ;
#1609 = DIRECTION ( 'NONE',  ( -0.9063077870366408328, -0.4226182617407188702, 1.741600878878894132E-14 ) ) ;
#1610 = CARTESIAN_POINT ( 'NONE',  ( 19.61809668462764833, 6.827297828414327974, 1.884470543960316657 ) ) ;
#1611 = DIRECTION ( 'NONE',  ( 0.000000000000000000, 0.000000000000000000, -1.000000000000000000 ) ) ;
#1612 = CARTESIAN_POINT ( 'NONE',  ( 18.73632790714594165, -8.847505560293086546, -0.6127259507062450261 ) ) ;
#1613 = CARTESIAN_POINT ( 'NONE',  ( -4.889016010168000220E-05, -0.0002174092057569999847, 0.3236938457685999415 ) ) ;
#1614 = CARTESIAN_POINT ( 'NONE',  ( 11.90854217370999812, 18.58202318131000297, -3.259647677024999801 ) ) ;
#1615 = CARTESIAN_POINT ( 'NONE',  ( 12.94257657594000044, -12.60865448296999958, -0.7481257204185000065 ) ) ;
#1616 = CARTESIAN_POINT ( 'NONE',  ( -19.41054690574454611, 2.901002074038292911, -0.1414139906861236473 ) ) ;
#1617 = B_SPLINE_CURVE_WITH_KNOTS ( 'NONE', 3,
 ( #5826, #6487, #2450, #5763, #2477, #3133, #1061, #7846, #7188, #7103 ),
 .UNSPECIFIED., .F., .F.,
 ( 4, 2, 2, 2, 4 ),
 ( 0.000000000000000000, 0.2499999999999998890, 0.4999999999999998890, 0.7499999999999998890, 1.000000000000000000 ),
 .UNSPECIFIED. ) ;
#1618 = FACE_OUTER_BOUND ( 'NONE', #1118, .T. ) ;
#1619 = B_SPLINE_CURVE_WITH_KNOTS ( 'NONE', 3,
 ( #8749, #590, #675, #5382, #8691, #3329, #4012, #3983, #4672, #4610, #562, #6641, #623, #5409, #8721, #5328, #6724, #5296, #5354, #5973, #1318, #1910, #4695, #6054 ),
 .UNSPECIFIED., .F., .F.,
 ( 4, 1, 1, 1, 1, 1, 1, 1, 1, 1, 1, 1, 1, 1, 1, 1, 1, 1, 1, 1, 1, 4 ),
 ( 0.000000000000000000, 0.04761904761904999644, 0.09523809523809999289, 0.1428571428570999946, 0.1904761904761999858, 0.2380952380951999736, 0.2857142857143000203, 0.3333333333333000081, 0.3809523809523999716, 0.4285714285713999594, 0.4761904761904999783, 0.5238095238095000772, 0.5714285714286000406, 0.6190476190476000840, 0.6666666666667000474, 0.7142857142856999797, 0.7619047619048000541, 0.8095238095237999865, 0.8571428571429000609, 0.9047619047618999932, 0.9523809523809999567, 1.000000000000000000 ),
 .UNSPECIFIED. ) ;
#1620 = ORIENTED_EDGE ( 'NONE', *, *, #5960, .F. ) ;
#1621 = CARTESIAN_POINT ( 'NONE',  ( -20.08634545919452208, 5.380113300415675148, 3.383693845753999341 ) ) ;
#1622 = DIRECTION ( 'NONE',  ( -0.01745240643727985486, 0.9998476951563912696, 0.000000000000000000 ) ) ;
#1623 = CARTESIAN_POINT ( 'NONE',  ( 20.68120085701297128, 1.698751448574889578, -1.011839883272848795 ) ) ;
#1624 = CARTESIAN_POINT ( 'NONE',  ( -2.716135068860138446, -20.61624367627508292, 3.383693845753999785 ) ) ;
#1625 = CARTESIAN_POINT ( 'NONE',  ( -21.55960235419000171, -0.9371463535903000741, 1.493693906632999946 ) ) ;
#1626 = CARTESIAN_POINT ( 'NONE',  ( 20.22697015848000035, -7.018981688653000539, 1.043665155313999948 ) ) ;
#1627 = AXIS2_PLACEMENT_3D ( 'NONE', #2502, #3376, #7309 ) ;
#1628 = CARTESIAN_POINT ( 'NONE',  ( -11.50020564921999977, 19.99870804120000045, -3.605381830389000175 ) ) ;
#1629 = CARTESIAN_POINT ( 'NONE',  ( -20.65000000000020464, 2.064134828520335799E-09, 3.533693845754795504 ) ) ;
#1630 = CONICAL_SURFACE ( 'NONE', #6158, 21.43999998789000827, 0.7345944593390484334 ) ;
#1631 = ORIENTED_EDGE ( 'NONE', *, *, #4569, .T. ) ;
#1632 = CARTESIAN_POINT ( 'NONE',  ( 20.74312172275142530, 0.6168751374331533643, -1.706306745151999982 ) ) ;
#1633 = CARTESIAN_POINT ( 'NONE',  ( -11.50994017448985574, -20.81114180468961550, -0.01687713565265593074 ) ) ;
#1634 = CARTESIAN_POINT ( 'NONE',  ( 19.14356045952999708, 9.960822119174000733, 1.493693845708000012 ) ) ;
#1635 = CARTESIAN_POINT ( 'NONE',  ( 10.00286818446740078, 19.31473378429799936, -3.565986344090485094 ) ) ;
#1636 = FACE_OUTER_BOUND ( 'NONE', #5815, .T. ) ;
#1637 = CARTESIAN_POINT ( 'NONE',  ( -17.75213598540228688, -8.071948252781046662, -0.2863276708630214107 ) ) ;
#1638 = CARTESIAN_POINT ( 'NONE',  ( 20.61345492282042713, -2.366889755242191917, -0.06303056187969971469 ) ) ;
#1639 = CARTESIAN_POINT ( 'NONE',  ( 15.74433664127009713, -8.361553507592979884, -1.706268967830320005 ) ) ;
#1640 = CARTESIAN_POINT ( 'NONE',  ( 20.74312356875891794, -0.6167923664278207596, 1.853686996360000006 ) ) ;
#1641 = ADVANCED_FACE ( 'NONE', ( #872 ), #4452, .F. ) ;
#1642 = LINE ( 'NONE', #4324, #1016 ) ;
#1643 = EDGE_LOOP ( 'NONE', ( #4640, #7891, #5121, #6354, #3166, #6626 ) ) ;
#1644 = CARTESIAN_POINT ( 'NONE',  ( 18.46129015424190101, -9.382291196196010929, 0.01161585929218303739 ) ) ;
#1645 = CARTESIAN_POINT ( 'NONE',  ( 20.71738707980296823, -1.193600549411192313, -1.706311263423288427 ) ) ;
#1646 = CARTESIAN_POINT ( 'NONE',  ( 1.300000002039997771, 13.78470367626227855, -1.478875005751757676 ) ) ;
#1647 = CARTESIAN_POINT ( 'NONE',  ( 10.66811949294999984, 19.36693471921999787, -3.610925060338999959 ) ) ;
#1648 = VECTOR ( 'NONE', #5554, 1000.000000000000114 ) ;
#1649 = ORIENTED_EDGE ( 'NONE', *, *, #2393, .F. ) ;
#1650 = CARTESIAN_POINT ( 'NONE',  ( 3.100000000000000089, 12.34999999999999787, -1.816306154244996973 ) ) ;
#1651 = CARTESIAN_POINT ( 'NONE',  ( -18.82866620443743955, 2.622342367814466169, -0.7927940744998646094 ) ) ;
#1652 = B_SPLINE_SURFACE_WITH_KNOTS ( 'NONE', 3, 3, ( 
 ( #1782, #547, #1980, #1191, #5338, #1277 ),
 ( #3963, #5957, #5932, #6040, #6594, #8617 ),
 ( #7953, #7350, #637, #4593, #5368, #7381 ),
 ( #7296, #8011, #1923, #3314, #3341, #8648 ),
 ( #573, #8066, #2555, #1866, #5280, #1220 ),
 ( #6710, #1896, #6623, #3263, #7981, #8040 ),
 ( #3936, #1304, #8588, #3287, #4624, #2672 ),
 ( #5312, #1245, #5986, #6651, #7323, #3487 ),
 ( #1330, #8095, #662, #62, #7466, #783 ) ),
 .UNSPECIFIED., .F., .F., .F.,
 ( 4, 1, 1, 1, 1, 1, 4 ),
 ( 4, 1, 1, 4 ),
 ( 2.008271835251000059, 3.105396961080000295, 4.140529281440000098, 5.175661601799999900, 6.210793922161000680, 7.245873858800999656, 8.342403177438001194 ),
 ( -0.04110800360917999524, 1.266001362753999882, 2.504219714683999953, 4.048983963602999836 ),
 .UNSPECIFIED. ) ;
#1653 = EDGE_CURVE ( 'NONE', #2008, #72, #5106, .T. ) ;
#1654 = CARTESIAN_POINT ( 'NONE',  ( -12.65728817923173288, 16.49848323268823336, 3.383693845753999785 ) ) ;
#1655 = CARTESIAN_POINT ( 'NONE',  ( -21.23497144476000287, -1.849449011943000043, -0.8338347262172000063 ) ) ;
#1656 = PLANE ( 'NONE',  #3547 ) ;
#1657 = CARTESIAN_POINT ( 'NONE',  ( 21.36199196816999901, 1.164792810200000028, -1.055630403961000052 ) ) ;
#1658 = ORIENTED_EDGE ( 'NONE', *, *, #3405, .F. ) ;
#1659 = ADVANCED_BREP_SHAPE_REPRESENTATION ( 'PTR2 20mm DVT2 - Exterior surfaces', ( #6212, #2027 ), #3228 ) ;
#1660 = CARTESIAN_POINT ( 'NONE',  ( 19.83546621025000078, -8.263889016090001149, 1.594568412393000179 ) ) ;
#1661 = CARTESIAN_POINT ( 'NONE',  ( 19.85843370384621309, -6.606544052006745105, 0.3236458979042000084 ) ) ;
#1662 = CARTESIAN_POINT ( 'NONE',  ( 20.64166666666642058, -1.902989150276249373E-09, 3.525360512421799264 ) ) ;
#1663 = ORIENTED_EDGE ( 'NONE', *, *, #420, .T. ) ;
#1664 = DIRECTION ( 'NONE',  ( 0.000000000000000000, 0.000000000000000000, 1.000000000000000000 ) ) ;
#1665 = CARTESIAN_POINT ( 'NONE',  ( 13.87942284656015524, 14.33399843681923969, 0.2722711086223869037 ) ) ;
#1666 = CARTESIAN_POINT ( 'NONE',  ( -21.56632578997000138, 0.9128981426151998591, 1.487313876280000002 ) ) ;
#1667 = ORIENTED_EDGE ( 'NONE', *, *, #4443, .T. ) ;
#1668 = CARTESIAN_POINT ( 'NONE',  ( 17.79487104596324443, 1.086260907501473083, -1.706315416841924337 ) ) ;
#1669 = CARTESIAN_POINT ( 'NONE',  ( -20.75000000000000000, 1.324781162739653962E-15, -1.706306342914500007 ) ) ;
#1670 = CARTESIAN_POINT ( 'NONE',  ( 18.00898065469180764, 10.27645916858813635, -0.6127977365568653134 ) ) ;
#1671 = CARTESIAN_POINT ( 'NONE',  ( 19.86305092276954909, -6.001802798468930611, 0.3236934379953549934 ) ) ;
#1672 = ORIENTED_EDGE ( 'NONE', *, *, #7872, .F. ) ;
#1673 = FACE_OUTER_BOUND ( 'NONE', #6462, .T. ) ;
#1674 = DIRECTION ( 'NONE',  ( -1.000000000000000000, 0.000000000000000000, 0.000000000000000000 ) ) ;
#1675 = ORIENTED_EDGE ( 'NONE', *, *, #3356, .T. ) ;
#1676 = CARTESIAN_POINT ( 'NONE',  ( -21.55958321111999965, 0.9371533364681999823, 1.493693839113000132 ) ) ;
#1677 = VERTEX_POINT ( 'NONE', #8269 ) ;
#1678 = DIRECTION ( 'NONE',  ( 0.000000000000000000, 0.000000000000000000, -1.000000000000000000 ) ) ;
#1679 = CARTESIAN_POINT ( 'NONE',  ( 12.93543161749999904, -16.25020874614000377, 1.727341286883999905 ) ) ;
#1680 = EDGE_CURVE ( 'NONE', #7051, #3991, #6457, .T. ) ;
#1681 = VERTEX_POINT ( 'NONE', #1481 ) ;
#1682 = ADVANCED_FACE ( 'NONE', ( #4349 ), #159, .T. ) ;
#1683 = CARTESIAN_POINT ( 'NONE',  ( 2.170793554198164535E-09, 20.75000000000024869, 3.383693845754243590 ) ) ;
#1684 = CARTESIAN_POINT ( 'NONE',  ( 21.22519184467000031, -2.011406841017999714, 1.330777726071000089 ) ) ;
#1685 = CARTESIAN_POINT ( 'NONE',  ( -21.27585798585000276, 1.035959999132000098, 1.800919828974999914 ) ) ;
#1686 = CARTESIAN_POINT ( 'NONE',  ( 1.679999999989999937, 10.91377129585293204, -1.496306154243256525 ) ) ;
#1687 = ORIENTED_EDGE ( 'NONE', *, *, #2049, .F. ) ;
#1688 = CARTESIAN_POINT ( 'NONE',  ( 20.60898578026703731, -2.416245345522049615, -0.07358055166353073828 ) ) ;
#1689 = CARTESIAN_POINT ( 'NONE',  ( -1.300000002050499814, 13.78470367626477966, -1.478875005752631200 ) ) ;
#1690 = VERTEX_POINT ( 'NONE', #941 ) ;
#1691 = CARTESIAN_POINT ( 'NONE',  ( 14.01294452094636434, 14.31861511944562615, 0.3873790537460853889 ) ) ;
#1692 = VECTOR ( 'NONE', #439, 1000.000000000000000 ) ;
#1693 = DIRECTION ( 'NONE',  ( -1.000000000000000000, 0.000000000000000000, 0.000000000000000000 ) ) ;
#1694 = DIRECTION ( 'NONE',  ( -0.9063077870366585964, 0.4226182617406808451, -0.000000000000000000 ) ) ;
#1695 = CARTESIAN_POINT ( 'NONE',  ( 16.17891649160964107, 7.976683851838027195, 5.710772084629348377 ) ) ;
#1696 = CARTESIAN_POINT ( 'NONE',  ( 15.74433664127009713, -8.361553507592979884, -1.706268967830320005 ) ) ;
#1697 = CYLINDRICAL_SURFACE ( 'NONE', #1561, 2.030002735962999960 ) ;
#1698 = VERTEX_POINT ( 'NONE', #3680 ) ;
#1699 = VECTOR ( 'NONE', #8323, 1000.000000000000000 ) ;
#1700 = CARTESIAN_POINT ( 'NONE',  ( -10.46404502327999886, 21.19014008866999887, -0.04276425979737000227 ) ) ;
#1701 = EDGE_CURVE ( 'NONE', #1517, #7870, #7618, .T. ) ;
#1702 = EDGE_CURVE ( 'NONE', #1698, #5944, #1082, .T. ) ;
#1703 = CARTESIAN_POINT ( 'NONE',  ( -10.71132003704999924, -21.26642404591000002, -0.1390694708633999910 ) ) ;
#1704 = DIRECTION ( 'NONE',  ( 0.9063077870366588185, -0.4226182617406804010, 0.000000000000000000 ) ) ;
#1705 = CARTESIAN_POINT ( 'NONE',  ( 9.987849285658001008, 19.65653528361000113, -3.741874718311999803 ) ) ;
#1706 = CARTESIAN_POINT ( 'NONE',  ( 21.52591594844470180, 1.532858317138273474, -0.6995496236505200915 ) ) ;
#1707 = VERTEX_POINT ( 'NONE', #8614 ) ;
#1708 = CYLINDRICAL_SURFACE ( 'NONE', #6531, 1.479999999999999982 ) ;
#1709 = CARTESIAN_POINT ( 'NONE',  ( -21.19882525927999950, 2.369337034580000001, -0.005492037758262000025 ) ) ;
#1710 = CARTESIAN_POINT ( 'NONE',  ( 21.26647197122999700, -1.254462554285000087, 1.767973591279999868 ) ) ;
#1711 = CARTESIAN_POINT ( 'NONE',  ( -11.95447489802026020, 21.49549135949785139, -1.037622260126780160 ) ) ;
#1712 = EDGE_CURVE ( 'NONE', #8417, #2849, #1189, .T. ) ;
#1713 = CARTESIAN_POINT ( 'NONE',  ( 14.31537897165864770, 13.69183581835224217, 0.08369384575454007213 ) ) ;
#1714 = B_SPLINE_SURFACE_WITH_KNOTS ( 'NONE', 3, 3, ( 
 ( #5566, #7585, #5691, #7034, #4260, #2227, #1602 ),
 ( #3649, #6978, #8294, #4950, #7552, #904, #7620 ),
 ( #8356, #219, #8267, #2884, #6945, #2917, #3589 ),
 ( #5627, #4228, #3525, #187, #1570, #4323, #2981 ),
 ( #6305, #2255, #6338, #2950, #7651, #3621, #8235 ),
 ( #8330, #4288, #1628, #6367, #4197, #2286, #7008 ),
 ( #251, #6245, #5012, #4983, #967, #938, #155 ) ),
 .UNSPECIFIED., .F., .F., .F.,
 ( 4, 1, 1, 1, 4 ),
 ( 4, 1, 1, 1, 4 ),
 ( -0.01556574117735999921, 0.3902512921481000041, 0.7805025842962000082, 1.170753876443999975, 1.576534406385999842 ),
 ( -0.04394805965638999556, 1.266001362753999882, 1.661274701535999876, 2.504219714683999953, 4.047607603098000162 ),
 .UNSPECIFIED. ) ;
#1715 = ORIENTED_EDGE ( 'NONE', *, *, #1767, .F. ) ;
#1716 = AXIS2_PLACEMENT_3D ( 'NONE', #6391, #4352, #3786 ) ;
#1717 = DIRECTION ( 'NONE',  ( 1.758941575741345151E-12, 1.253024142739150086E-14, 1.000000000000000000 ) ) ;
#1718 = DIRECTION ( 'NONE',  ( 0.9999999999731110645, -7.333334859668079534E-06, -2.317492708556025032E-09 ) ) ;
#1719 = CARTESIAN_POINT ( 'NONE',  ( 11.89482504949490149, 13.56089824298377877, 5.710772084629348377 ) ) ;
#1720 = CARTESIAN_POINT ( 'NONE',  ( -9.940229310806932617, 15.73353786188939907, -1.210413723381088547 ) ) ;
#1721 = CARTESIAN_POINT ( 'NONE',  ( 20.60906268906922634, -2.404909579054590019, 0.1264907008022800317 ) ) ;
#1722 = CARTESIAN_POINT ( 'NONE',  ( 17.78611680999998157, 10.68893622110147490, -1.301442188588885163 ) ) ;
#1723 = VERTEX_POINT ( 'NONE', #7950 ) ;
#1724 = ADVANCED_FACE ( 'NONE', ( #8664 ), #3392, .F. ) ;
#1725 = DIRECTION ( 'NONE',  ( -0.000000000000000000, -0.000000000000000000, 1.000000000000000000 ) ) ;
#1726 = CARTESIAN_POINT ( 'NONE',  ( 11.91912285281000017, -18.47556444710000179, -3.210823513106999982 ) ) ;
#1727 = FACE_BOUND ( 'NONE', #5443, .T. ) ;
#1728 = ORIENTED_EDGE ( 'NONE', *, *, #6731, .T. ) ;
#1729 = CARTESIAN_POINT ( 'NONE',  ( -10.29190493266000139, -21.92773198941000246, -0.8995440983590999862 ) ) ;
#1730 = FILL_AREA_STYLE ('',( #1789 ) ) ;
#1731 = CARTESIAN_POINT ( 'NONE',  ( 0.000000000000000000, 0.000000000000000000, 0.7886893706604999332 ) ) ;
#1732 = B_SPLINE_SURFACE_WITH_KNOTS ( 'NONE', 3, 3, ( 
 ( #8126, #5447, #33, #3522 ),
 ( #3554, #2186, #183, #4979 ),
 ( #2847, #934, #4159, #152 ),
 ( #4909, #7005, #3614, #6300 ),
 ( #4881, #841, #8262, #7645 ),
 ( #1597, #4284, #5562, #6334 ) ),
 .UNSPECIFIED., .F., .F., .F.,
 ( 4, 1, 1, 4 ),
 ( 4, 4 ),
 ( -0.04014124688429999976, 1.266001362753999882, 2.504219714683999953, 4.048314279146999262 ),
 ( 1.920539088905999892, 2.072961258968999854 ),
 .UNSPECIFIED. ) ;
#1733 = EDGE_CURVE ( 'NONE', #7937, #3579, #3192, .T. ) ;
#1734 = CIRCLE ( 'NONE', #4982, 1.049999999999999822 ) ;
#1735 = DIRECTION ( 'NONE',  ( 0.4226182617406808451, -0.9063077870366587074, 0.000000000000000000 ) ) ;
#1736 = CARTESIAN_POINT ( 'NONE',  ( -21.27144486816999702, -1.146310851656000107, -1.141068593399999997 ) ) ;
#1737 = ORIENTED_EDGE ( 'NONE', *, *, #994, .F. ) ;
#1738 = CARTESIAN_POINT ( 'NONE',  ( 19.65296907899000090, 8.195040028070000204, 1.810031652369999966 ) ) ;
#1739 = CARTESIAN_POINT ( 'NONE',  ( 21.49291194217000012, 2.000066408194000278, -0.2968271654494999412 ) ) ;
#1740 = DIRECTION ( 'NONE',  ( 0.9135454576426007556, 0.4067366430758003748, 0.000000000000000000 ) ) ;
#1741 = AXIS2_PLACEMENT_3D ( 'NONE', #2261, #198, #2959 ) ;
#1742 = DIRECTION ( 'NONE',  ( -0.6696541942875309239, -0.02910202207179134540, 0.7421026427553338856 ) ) ;
#1743 = PLANE ( 'NONE',  #3436 ) ;
#1744 = LINE ( 'NONE', #7831, #3038 ) ;
#1745 = EDGE_LOOP ( 'NONE', ( #5392, #6874, #6167, #5359 ) ) ;
#1746 = CARTESIAN_POINT ( 'NONE',  ( -12.88641205529058098, 11.37688978818809993, -2.066192302877590148 ) ) ;
#1747 = CARTESIAN_POINT ( 'NONE',  ( -17.40531213950000122, -7.749344241253000476, 0.08369384575500000978 ) ) ;
#1748 = CARTESIAN_POINT ( 'NONE',  ( 21.37227039217000168, -0.8858136699916999701, -1.054945632853999893 ) ) ;
#1749 = CARTESIAN_POINT ( 'NONE',  ( 20.75000000000000000, 0.000000000000000000, 0.7886893706604999332 ) ) ;
#1750 = CARTESIAN_POINT ( 'NONE',  ( -9.964666140124609939, 17.13352287587682454, 0.07677607831768012980 ) ) ;
#1751 = CARTESIAN_POINT ( 'NONE',  ( -12.79829612637645120, 14.36203333941721105, -0.5742285811387199956 ) ) ;
#1752 = CARTESIAN_POINT ( 'NONE',  ( 9.925871538785401071, 14.91098165340404869, -1.666326292210503768 ) ) ;
#1753 = EDGE_CURVE ( 'NONE', #3705, #1517, #2994, .T. ) ;
#1754 = CIRCLE ( 'NONE', #6048, 1.800000000000000044 ) ;
#1755 = ORIENTED_EDGE ( 'NONE', *, *, #8044, .T. ) ;
#1756 = CARTESIAN_POINT ( 'NONE',  ( -9.894531297821998805, 13.11550045137999909, -4.531890415220000357 ) ) ;
#1757 = CARTESIAN_POINT ( 'NONE',  ( -11.18524677747999974, 20.95030325960999917, -0.03822275613855000143 ) ) ;
#1758 = B_SPLINE_CURVE_WITH_KNOTS ( 'NONE', 3,
 ( #1181, #6586, #4549, #6527, #1884, #504, #1822, #3225, #7969, #3172, #2601, #8550, #5183, #8604, #7998, #7314, #8577, #563, #4521, #8521 ),
 .UNSPECIFIED., .F., .F.,
 ( 4, 2, 2, 2, 2, 2, 2, 2, 2, 4 ),
 ( 0.000000000000000000, 0.1250000000000000278, 0.1875000000000000555, 0.2500000000000000555, 0.3750000000000000000, 0.5000000000000000000, 0.6249999999999998890, 0.7499999999999997780, 0.8750000000000000000, 1.000000000000000000 ),
 .UNSPECIFIED. ) ;
#1759 = VECTOR ( 'NONE', #394, 1000.000000000000000 ) ;
#1760 = CARTESIAN_POINT ( 'NONE',  ( -11.23444908069000014, -20.86442963703000331, 0.006376196859414999876 ) ) ;
#1761 = CARTESIAN_POINT ( 'NONE',  ( 17.33733020965999927, -9.105154569740999904, 0.3236937134578999897 ) ) ;
#1762 = CARTESIAN_POINT ( 'NONE',  ( 12.78841686987681037, 12.54681918988993594, -2.068857378159798532 ) ) ;
#1763 = DIRECTION ( 'NONE',  ( -1.000000000000000000, 0.000000000000000000, 0.000000000000000000 ) ) ;
#1764 = ORIENTED_EDGE ( 'NONE', *, *, #4036, .F. ) ;
#1765 =( BOUNDED_CURVE ( )  B_SPLINE_CURVE ( 3, ( #4245, #5676, #4932, #2969 ),
 .UNSPECIFIED., .F., .F. ) 
 B_SPLINE_CURVE_WITH_KNOTS ( ( 4, 4 ),
 ( 0.000000000000000000, 3.141592653589793116 ),
 .UNSPECIFIED. ) 
 CURVE ( )  GEOMETRIC_REPRESENTATION_ITEM ( )  RATIONAL_B_SPLINE_CURVE ( ( 1.000000000000000000, 0.3333333333333333703, 0.3333333333333333703, 1.000000000000000000 ) ) 
 REPRESENTATION_ITEM ( '' )  );
#1766 = EDGE_CURVE ( 'NONE', #6942, #4002, #2439, .T. ) ;
#1767 = EDGE_CURVE ( 'NONE', #4649, #5674, #5945, .T. ) ;
#1768 = ADVANCED_FACE ( 'NONE', ( #2657 ), #4564, .T. ) ;
#1769 = ORIENTED_EDGE ( 'NONE', *, *, #7143, .F. ) ;
#1770 = CARTESIAN_POINT ( 'NONE',  ( 21.20743572698999913, 2.260078017631999892, -0.3182214966701000236 ) ) ;
#1771 = CARTESIAN_POINT ( 'NONE',  ( -21.26677072378000233, -1.255393793924999946, -1.120379547269000131 ) ) ;
#1772 = CARTESIAN_POINT ( 'NONE',  ( -21.27984730678999981, 0.9249920979006999167, 1.803693920877000201 ) ) ;
#1773 = CARTESIAN_POINT ( 'NONE',  ( 21.27448979101999882, 0.8938723772048000615, -1.163156363294999718 ) ) ;
#1774 = CARTESIAN_POINT ( 'NONE',  ( 19.86305592283590116, 6.001812467302510612, 1.633772699105149995 ) ) ;
#1775 = VERTEX_POINT ( 'NONE', #8559 ) ;
#1776 = CARTESIAN_POINT ( 'NONE',  ( 20.60424945256226437, -2.455077291729621969, 0.5254112965901173160 ) ) ;
#1777 = ORIENTED_EDGE ( 'NONE', *, *, #2652, .F. ) ;
#1778 = CARTESIAN_POINT ( 'NONE',  ( -21.37122558199000011, 0.9145783540648000365, -1.055629185055999786 ) ) ;
#1779 = AXIS2_PLACEMENT_3D ( 'NONE', #8421, #4411, #3714 ) ;
#1780 = CARTESIAN_POINT ( 'NONE',  ( 17.50633387063238899, -11.14008325168624935, -0.7011620304172430096 ) ) ;
#1781 = DIRECTION ( 'NONE',  ( -1.000000000000000000, -0.000000000000000000, -0.000000000000000000 ) ) ;
#1782 = CARTESIAN_POINT ( 'NONE',  ( -12.16092697844999826, -18.27998155626000099, -3.125936780966000139 ) ) ;
#1783 = CARTESIAN_POINT ( 'NONE',  ( -12.81610840340604973, 13.22895300243594008, -1.293989500221223166 ) ) ;
#1784 = CARTESIAN_POINT ( 'NONE',  ( 10.01592089730214141, -20.06990594796000238, -2.068331160266999813 ) ) ;
#1785 = ORIENTED_EDGE ( 'NONE', *, *, #5289, .T. ) ;
#1786 = CARTESIAN_POINT ( 'NONE',  ( -9.819075773178999711, 19.22618534858000316, 1.242718010331000045 ) ) ;
#1787 = CARTESIAN_POINT ( 'NONE',  ( -11.64065072628000053, -21.26186879503000071, -0.3957310599296999798 ) ) ;
#1788 = CARTESIAN_POINT ( 'NONE',  ( 11.60982972581000006, -18.71704709047000037, -3.318787558627000145 ) ) ;
#1789 = FILL_AREA_STYLE_COLOUR ( '', #4614 ) ;
#1790 = EDGE_LOOP ( 'NONE', ( #615, #7273, #3250 ) ) ;
#1791 = CARTESIAN_POINT ( 'NONE',  ( -10.97976413653301364, -14.31186932656791022, 5.710772084629347489 ) ) ;
#1792 = AXIS2_PLACEMENT_3D ( 'NONE', #1334, #6072, #2737 ) ;
#1793 = DIRECTION ( 'NONE',  ( 0.000000000000000000, -1.000000000000000000, 0.000000000000000000 ) ) ;
#1794 = CARTESIAN_POINT ( 'NONE',  ( 20.20391595303000187, 6.838504913129000329, 0.7597197226058000075 ) ) ;
#1795 = CARTESIAN_POINT ( 'NONE',  ( 18.79415176947000177, -10.02793305273999991, 1.788506851189999969 ) ) ;
#1796 = CARTESIAN_POINT ( 'NONE',  ( 21.56572825277999783, 0.9251677414578001191, -0.8400885783828999642 ) ) ;
#1797 = VERTEX_POINT ( 'NONE', #8418 ) ;
#1798 = DIRECTION ( 'NONE',  ( 0.000000000000000000, -0.9961946980917451011, -0.08715574274766389740 ) ) ;
#1799 = LINE ( 'NONE', #171, #2340 ) ;
#1800 = DIRECTION ( 'NONE',  ( -1.000000000000000000, 0.000000000000000000, 0.000000000000000000 ) ) ;
#1801 = DIRECTION ( 'NONE',  ( -0.000000000000000000, -0.000000000000000000, 1.000000000000000000 ) ) ;
#1802 = CARTESIAN_POINT ( 'NONE',  ( 20.78989926753000361, 2.404999999999999805, 0.3236938457535999958 ) ) ;
#1803 = CARTESIAN_POINT ( 'NONE',  ( 21.24064352084000262, -1.760707096333000043, -0.8994408711893000508 ) ) ;
#1804 = VERTEX_POINT ( 'NONE', #4382 ) ;
#1805 = CARTESIAN_POINT ( 'NONE',  ( -11.99963116357629467, 16.96933510179430371, 1.633709729026999957 ) ) ;
#1806 = CARTESIAN_POINT ( 'NONE',  ( 20.69032291957875458, 1.502356545557841594, 1.260313307861669951 ) ) ;
#1807 = CARTESIAN_POINT ( 'NONE',  ( -18.06389665431619918, -7.678638965948679562, -0.1392722548199555876 ) ) ;
#1808 = FACE_OUTER_BOUND ( 'NONE', #6194, .T. ) ;
#1809 = CARTESIAN_POINT ( 'NONE',  ( -12.80355776284357283, 13.80771526565684937, -0.9562782470778504740 ) ) ;
#1810 = CARTESIAN_POINT ( 'NONE',  ( -10.06886330318999967, -23.10297434965999841, -4.531893034935000841 ) ) ;
#1811 = CARTESIAN_POINT ( 'NONE',  ( 11.00449428062304769, 13.27418540566501903, -2.066306154244998528 ) ) ;
#1812 = CARTESIAN_POINT ( 'NONE',  ( -12.75731223948365667, 17.24859559767159567, 1.375974813754513359 ) ) ;
#1813 = ORIENTED_EDGE ( 'NONE', *, *, #4114, .F. ) ;
#1814 = CARTESIAN_POINT ( 'NONE',  ( 11.47204982232000070, -18.67820720619999975, -3.297048162735999988 ) ) ;
#1815 = EDGE_CURVE ( 'NONE', #769, #2430, #4472, .T. ) ;
#1816 = CARTESIAN_POINT ( 'NONE',  ( -11.43724161398999861, -21.40057698115999685, -2.757718967212000383 ) ) ;
#1817 = CARTESIAN_POINT ( 'NONE',  ( -20.60904882050790832, 2.405006822865432436, 0.5200998087285787497 ) ) ;
#1818 = CARTESIAN_POINT ( 'NONE',  ( -20.53847891962005789, 2.955000000000000071, 0.7603845349178782742 ) ) ;
#1819 = B_SPLINE_SURFACE_WITH_KNOTS ( 'NONE', 3, 3, ( 
 ( #2051, #6773, #1289, #3410, #4776, #6719, #3324, #2682 ),
 ( #8716, #6691, #1399, #2024, #4745, #7390, #6139, #3352 ),
 ( #2078, #2653, #6793, #7363, #8050, #8074, #8160, #4039 ),
 ( #8747, #6749, #7419, #620, #4923, #6224, #7530, #6825 ),
 ( #2166, #8245, #791, #1459, #4861, #4238, #5542, #6955 ),
 ( #2894, #2201, #2798, #851, #3597, #1547, #163, #2135 ),
 ( #2236, #7502, #4830, #3469, #8186, #3567, #881, #5517 ),
 ( #8303, #4207, #3502, #4893, #6885, #5574, #4267, #825 ),
 ( #1487, #4800, #4142, #2104, #104, #1428, #1513, #6255 ),
 ( #6189, #6920, #2926, #2860, #7595, #7630, #7561, #3532 ),
 ( #8216, #765, #5485, #8274, #6280, #6853, #6162, #199 ),
 ( #5604, #2828, #4172, #135, #7691, #5670, #2262, #343 ),
 ( #2988, #6987, #7040, #6373, #3687, #4992, #5083, #976 ) ),
 .UNSPECIFIED., .F., .F., .F.,
 ( 4, 1, 1, 1, 1, 1, 1, 1, 1, 1, 4 ),
 ( 4, 1, 1, 1, 1, 4 ),
 ( 1.514523573993999950, 2.341507752889000038, 2.731759045037000178, 3.122010337185000317, 3.512261629333000013, 3.902512921481000152, 4.292764213628999848, 4.683015505776999987, 5.073266797925000127, 5.463518090074000355, 6.290774205285000420 ),
 ( -0.06750467424979000874, -0.004944176969624000662, 1.266001362753999882, 1.661274701535999876, 2.504219714683999953, 4.045293278793000269 ),
 .UNSPECIFIED. ) ;
#1820 = ORIENTED_EDGE ( 'NONE', *, *, #7650, .T. ) ;
#1821 = CARTESIAN_POINT ( 'NONE',  ( 20.22140498958999899, 6.792466738103000168, 0.5442297667255999727 ) ) ;
#1822 = CARTESIAN_POINT ( 'NONE',  ( -21.51202682420990087, -1.712024742070650696, -0.5643387126611747462 ) ) ;
#1823 = CARTESIAN_POINT ( 'NONE',  ( 18.58184691269191191, -10.97332704022085004, 0.01812914307930905619 ) ) ;
#1824 = CARTESIAN_POINT ( 'NONE',  ( 10.03337596223035710, -21.06990594796000238, -2.068331160266999813 ) ) ;
#1825 = AXIS2_PLACEMENT_3D ( 'NONE', #846, #2159, #909 ) ;
#1826 = CARTESIAN_POINT ( 'NONE',  ( -4.889015000528999669E-05, -0.0002174092057287000041, 1.493693845702000145 ) ) ;
#1827 = DIRECTION ( 'NONE',  ( 3.400573180623999403E-14, -4.102686739163000168E-14, -1.000000000000000000 ) ) ;
#1828 = CIRCLE ( 'NONE', #7011, 21.29999997526000755 ) ;
#1829 = ORIENTED_EDGE ( 'NONE', *, *, #531, .F. ) ;
#1830 = B_SPLINE_CURVE_WITH_KNOTS ( 'NONE', 3,
 ( #6460, #3102, #7299, #6596 ),
 .UNSPECIFIED., .F., .F.,
 ( 4, 4 ),
 ( 0.000000000000000000, 0.8504550283719746195 ),
 .UNSPECIFIED. ) ;
#1831 = CARTESIAN_POINT ( 'NONE',  ( -21.37174992285999764, 0.9002214255457000602, -1.055404082883999894 ) ) ;
#1832 = DIRECTION ( 'NONE',  ( 0.9999999999650978078, 8.354829527256250437E-06, 3.718256062676621968E-08 ) ) ;
#1833 = CARTESIAN_POINT ( 'NONE',  ( -10.03331985809350080, -21.06669174386287224, 0.1451101991601405072 ) ) ;
#1834 = CARTESIAN_POINT ( 'NONE',  ( 18.87838999493000358, 9.864562871196000060, 1.803693967128999764 ) ) ;
#1835 = CARTESIAN_POINT ( 'NONE',  ( 11.85140316236194913, 21.45455186860812091, -2.406521950122277431 ) ) ;
#1836 = CARTESIAN_POINT ( 'NONE',  ( -12.81361769677644702, 13.32501308022379405, -1.241792209806945824 ) ) ;
#1837 = DIRECTION ( 'NONE',  ( -0.000000000000000000, -0.000000000000000000, -1.000000000000000000 ) ) ;
#1838 = CARTESIAN_POINT ( 'NONE',  ( 19.17597491849637592, 7.921279384869663431, -1.156306154287781940 ) ) ;
#1839 = FACE_OUTER_BOUND ( 'NONE', #4326, .T. ) ;
#1840 = VERTEX_POINT ( 'NONE', #4286 ) ;
#1841 = CARTESIAN_POINT ( 'NONE',  ( -20.75000000012571988, -1.358084322330175953, 3.633693845754819129 ) ) ;
#1842 = CARTESIAN_POINT ( 'NONE',  ( 10.04560759161203443, 21.77065552566210727, -2.918794769425788083 ) ) ;
#1843 = CARTESIAN_POINT ( 'NONE',  ( 11.18524052182000084, -20.95030410761999917, -0.03822197220919000549 ) ) ;
#1844 = AXIS2_PLACEMENT_3D ( 'NONE', #7605, #4935, #7730 ) ;
#1845 = CARTESIAN_POINT ( 'NONE',  ( -10.00092465388424046, -19.20260967088714921, -3.504221498009965075 ) ) ;
#1846 = CARTESIAN_POINT ( 'NONE',  ( -11.19987252093000052, 20.56990594796000238, -2.068331160266999813 ) ) ;
#1847 = SURFACE_SIDE_STYLE ('',( #7774 ) ) ;
#1848 = CIRCLE ( 'NONE', #6610, 2.050000000000005151 ) ;
#1849 = ORIENTED_EDGE ( 'NONE', *, *, #4550, .F. ) ;
#1850 = EDGE_CURVE ( 'NONE', #6864, #2841, #4127, .T. ) ;
#1851 = CARTESIAN_POINT ( 'NONE',  ( 13.83666356392333618, 13.70503294838623276, -0.3155847141335813011 ) ) ;
#1852 = CARTESIAN_POINT ( 'NONE',  ( 19.84491477817000060, 7.751578699556000096, 1.739304679463999914 ) ) ;
#1853 = DIRECTION ( 'NONE',  ( 0.000000000000000000, 0.06848787995385242910, 0.9976519484767354395 ) ) ;
#1854 = CARTESIAN_POINT ( 'NONE',  ( -1.300000002050499814, 13.78470367626477966, -1.478875005752631200 ) ) ;
#1855 = FACE_OUTER_BOUND ( 'NONE', #3826, .T. ) ;
#1856 = EDGE_LOOP ( 'NONE', ( #4587, #206, #8538, #2516 ) ) ;
#1857 = CARTESIAN_POINT ( 'NONE',  ( 11.90168504357999879, 20.54128744582000010, -3.396957198161000058 ) ) ;
#1858 = AXIS2_PLACEMENT_3D ( 'NONE', #5114, #1725, #5825 ) ;
#1859 = CARTESIAN_POINT ( 'NONE',  ( -10.03877473375858465, 21.37920136167766572, -0.07811988949424891748 ) ) ;
#1860 = CARTESIAN_POINT ( 'NONE',  ( 21.27587861566999905, -1.035962325785000138, -1.153531842711000177 ) ) ;
#1861 = VERTEX_POINT ( 'NONE', #4376 ) ;
#1862 = CARTESIAN_POINT ( 'NONE',  ( 1.300000000000000266, 12.34999999999999964, -1.496306154244957831 ) ) ;
#1863 = CARTESIAN_POINT ( 'NONE',  ( 18.68025690176149567, 2.517761468005022429, -0.9410259932503211022 ) ) ;
#1864 = B_SPLINE_CURVE_WITH_KNOTS ( 'NONE', 3,
 ( #559, #7965, #5326, #5943 ),
 .UNSPECIFIED., .F., .F.,
 ( 4, 4 ),
 ( 0.000000000000000000, 1.000000000000000000 ),
 .UNSPECIFIED. ) ;
#1865 = CARTESIAN_POINT ( 'NONE',  ( 18.29080386803000025, 10.96588520997999971, 1.063431508855000152 ) ) ;
#1866 = CARTESIAN_POINT ( 'NONE',  ( -10.90642271169000033, -16.12506664253000110, -2.380205876055999870 ) ) ;
#1867 = CARTESIAN_POINT ( 'NONE',  ( -21.39517105453000312, -2.098094611034000412, -0.3400692673960999945 ) ) ;
#1868 = FACE_OUTER_BOUND ( 'NONE', #7695, .T. ) ;
#1869 = CARTESIAN_POINT ( 'NONE',  ( 19.17597296411960883, 7.921283706255267454, 1.803695635631724858 ) ) ;
#1870 = EDGE_CURVE ( 'NONE', #3573, #6781, #8240, .T. ) ;
#1871 = CARTESIAN_POINT ( 'NONE',  ( -12.88648402575664065, -11.37701993475126017, -2.066373589886615125 ) ) ;
#1872 = ORIENTED_EDGE ( 'NONE', *, *, #6408, .F. ) ;
#1873 = CARTESIAN_POINT ( 'NONE',  ( -12.62001302996636021, 18.05515093171306873, 1.119362467616270340 ) ) ;
#1874 = ORIENTED_EDGE ( 'NONE', *, *, #4372, .T. ) ;
#1875 = CARTESIAN_POINT ( 'NONE',  ( 12.48234583661140462, 18.84098074362779940, 0.8288435550034262134 ) ) ;
#1876 = CARTESIAN_POINT ( 'NONE',  ( -9.972420968267719843, -17.57779668238057269, -2.737780142869404632 ) ) ;
#1877 = ORIENTED_EDGE ( 'NONE', *, *, #1753, .F. ) ;
#1878 = CARTESIAN_POINT ( 'NONE',  ( -4.002345807250999772E-14, -4.492992819432999391E-13, 3.508693845755001206 ) ) ;
#1879 = CARTESIAN_POINT ( 'NONE',  ( -12.57102762666999851, -18.55216250919000132, 1.212912444470999995 ) ) ;
#1880 = B_SPLINE_SURFACE_WITH_KNOTS ( 'NONE', 3, 3, ( 
 ( #8723, #653, #6056, #2000, #6726, #5411, #3253, #6917, #5666 ),
 ( #2234, #2292, #7527, #3528, #5601, #4263, #6252, #8270, #194 ),
 ( #6881, #1484, #8333, #226, #2924, #2888, #4202, #3594, #4956 ),
 ( #910, #5631, #2857, #5540, #7556, #6278, #6220, #8211, #2956 ),
 ( #1542, #2161, #7655, #5570, #7626, #1575, #3498, #6984, #4168 ),
 ( #131, #3624, #8242, #1510, #160, #2197, #4889, #4858, #4294 ) ),
 .UNSPECIFIED., .F., .F., .F.,
 ( 4, 1, 1, 4 ),
 ( 4, 1, 1, 1, 1, 1, 4 ),
 ( -0.04107523656145999763, 1.266001362753999882, 2.504219714683999953, 4.048986088210999590 ),
 ( 2.008271205510999913, 3.105396961080000295, 4.140529281440000098, 5.175661601799999900, 6.210793922161000680, 7.245910388785000045, 8.342466060291998886 ),
 .UNSPECIFIED. ) ;
#1881 = ORIENTED_EDGE ( 'NONE', *, *, #1653, .T. ) ;
#1882 = EDGE_CURVE ( 'NONE', #5546, #5044, #2556, .T. ) ;
#1883 = CARTESIAN_POINT ( 'NONE',  ( 21.23558544049999952, 1.848967348631000096, -0.8342289031363000484 ) ) ;
#1884 = CARTESIAN_POINT ( 'NONE',  ( -21.52611648750335505, -1.524919926175918539, -0.6952534844764711730 ) ) ;
#1885 = B_SPLINE_CURVE_WITH_KNOTS ( 'NONE', 3,
 ( #4491, #1209, #8494, #8578, #3869, #7883, #2462, #2545, #6556, #7256, #1823, #3173, #6613, #7855, #7226, #7828, #3782, #1123 ),
 .UNSPECIFIED., .F., .F.,
 ( 4, 2, 2, 2, 2, 2, 2, 2, 4 ),
 ( 0.000000000000000000, 0.1250000000000000000, 0.2500000000000000000, 0.3750000000000000000, 0.5000000000000000000, 0.6250000000000000000, 0.7500000000000000000, 0.8750000000000000000, 1.000000000000000000 ),
 .UNSPECIFIED. ) ;
#1886 = DIRECTION ( 'NONE',  ( 0.03489949670250104552, -4.273955692857151045E-18, 0.9993908270190956511 ) ) ;
#1887 = VERTEX_POINT ( 'NONE', #7679 ) ;
#1888 = CARTESIAN_POINT ( 'NONE',  ( 11.93125102175999963, 20.13809762838999973, -3.526082302462999696 ) ) ;
#1889 = CARTESIAN_POINT ( 'NONE',  ( 16.87898348363833989, 6.165408943397734376, -1.615319192567242323 ) ) ;
#1890 = CARTESIAN_POINT ( 'NONE',  ( 20.60904923735078853, 2.405000011462031129, 0.3236938182002782605 ) ) ;
#1891 = B_SPLINE_CURVE_WITH_KNOTS ( 'NONE', 3,
 ( #1774, #7091, #450, #5154 ),
 .UNSPECIFIED., .F., .F.,
 ( 4, 4 ),
 ( 0.000000000000000000, 0.001519259057059195710 ),
 .UNSPECIFIED. ) ;
#1892 = ORIENTED_EDGE ( 'NONE', *, *, #3393, .T. ) ;
#1893 = CARTESIAN_POINT ( 'NONE',  ( -21.46955793568000104, 0.8933157762808999758, -0.9472178010589999975 ) ) ;
#1894 = CARTESIAN_POINT ( 'NONE',  ( -1.735681298291116725, -20.75001443003356982, 1.633722192034757326 ) ) ;
#1895 = CARTESIAN_POINT ( 'NONE',  ( 18.69391365687000217, 10.22069700641000090, 1.738945747743000148 ) ) ;
#1896 = CARTESIAN_POINT ( 'NONE',  ( -12.43149045222000026, -13.94461870379999979, -2.127787858911999841 ) ) ;
#1897 = CARTESIAN_POINT ( 'NONE',  ( 12.13892652456083177, 18.29207684693522040, -3.130880315406594505 ) ) ;
#1898 = CARTESIAN_POINT ( 'NONE',  ( -21.29910596363999886, -2.176182539377000236, 1.059139061030999862 ) ) ;
#1899 = CARTESIAN_POINT ( 'NONE',  ( 19.59854205645989111, 6.811288977238742604, -0.5848388820427103951 ) ) ;
#1900 = CARTESIAN_POINT ( 'NONE',  ( 20.74999999999979039, -1.358084324248060248, 3.633693845755199270 ) ) ;
#1901 = VERTEX_POINT ( 'NONE', #3145 ) ;
#1902 = VECTOR ( 'NONE', #585, 1000.000000000000114 ) ;
#1903 = CARTESIAN_POINT ( 'NONE',  ( -20.60424344124497864, -2.455127741950854148, 0.1219972537302446980 ) ) ;
#1904 = CARTESIAN_POINT ( 'NONE',  ( -10.01592089730661250, -20.06990594796000238, -2.068331160266999813 ) ) ;
#1905 = CARTESIAN_POINT ( 'NONE',  ( -1.300000000000000044, 12.34999999999999964, -2.066306154244998528 ) ) ;
#1906 = CARTESIAN_POINT ( 'NONE',  ( -12.57102762666999851, -18.52234967713999936, 1.186050422357999956 ) ) ;
#1907 = ORIENTED_EDGE ( 'NONE', *, *, #8104, .F. ) ;
#1908 = LINE ( 'NONE', #1079, #866 ) ;
#1909 = AXIS2_PLACEMENT_3D ( 'NONE', #8729, #2033, #8004 ) ;
#1910 = CARTESIAN_POINT ( 'NONE',  ( -21.27584196061000199, -1.035534704562000252, 1.800943566084000080 ) ) ;
#1911 = CARTESIAN_POINT ( 'NONE',  ( -21.21535974318999962, 2.149895359848000176, 1.156813338393000157 ) ) ;
#1912 = CARTESIAN_POINT ( 'NONE',  ( 19.64597033602136733, -6.678427837460594318, -0.4479954346861134140 ) ) ;
#1913 = DIRECTION ( 'NONE',  ( -1.000000000000000000, 0.000000000000000000, 1.758932235250497003E-12 ) ) ;
#1914 = VERTEX_POINT ( 'NONE', #3584 ) ;
#1915 = CARTESIAN_POINT ( 'NONE',  ( -4.495734977061997206, 12.35000000000000142, -2.066306154244998528 ) ) ;
#1916 = ADVANCED_FACE ( 'NONE', ( #5737 ), #7856, .T. ) ;
#1917 = CIRCLE ( 'NONE', #770, 1.800000000000000044 ) ;
#1918 = EDGE_CURVE ( 'NONE', #3215, #7411, #8703, .T. ) ;
#1919 = CARTESIAN_POINT ( 'NONE',  ( 17.99991456012002189, 2.204353775097682403E-15, 9.334695990327277926 ) ) ;
#1920 = CARTESIAN_POINT ( 'NONE',  ( 21.56574715392000030, -0.9251619375263000489, 1.487476268973999982 ) ) ;
#1921 = B_SPLINE_CURVE_WITH_KNOTS ( 'NONE', 3,
 ( #8465, #7168, #5068, #3056, #3141, #8491, #6496, #2460, #422, #7764, #7854, #3729, #8440, #4399, #2517, #5919, #5412, #6585, #8114, #2030, #6554, #3363, #3834, #2002 ),
 .UNSPECIFIED., .F., .F.,
 ( 4, 1, 1, 1, 1, 1, 1, 1, 1, 1, 1, 1, 1, 1, 1, 1, 1, 1, 1, 1, 1, 4 ),
 ( 0.000000000000000000, 0.04761904761904999644, 0.09523809523809999289, 0.1428571428570999946, 0.1904761904761999858, 0.2380952380951999736, 0.2857142857143000203, 0.3333333333333000081, 0.3809523809523999716, 0.4285714285713999594, 0.4761904761904999783, 0.5238095238095000772, 0.5714285714286000406, 0.6190476190476000840, 0.6666666666667000474, 0.7142857142856999797, 0.7619047619048000541, 0.8095238095237999865, 0.8571428571429000609, 0.9047619047618999932, 0.9523809523809999567, 1.000000000000000000 ),
 .UNSPECIFIED. ) ;
#1922 = CARTESIAN_POINT ( 'NONE',  ( 20.68121364646558291, 1.502440103693793549, 0.6360116837348817054 ) ) ;
#1923 = CARTESIAN_POINT ( 'NONE',  ( -11.69381915704999919, -16.53852711012000043, -2.489501223811000141 ) ) ;
#1924 = CARTESIAN_POINT ( 'NONE',  ( -17.80316888878964932, -0.9249822048187840151, -1.706323152218325090 ) ) ;
#1925 = CARTESIAN_POINT ( 'NONE',  ( 13.75047963847362809, 14.25904592403963100, 0.08369384575501784274 ) ) ;
#1926 = ORIENTED_EDGE ( 'NONE', *, *, #3696, .T. ) ;
#1927 = CARTESIAN_POINT ( 'NONE',  ( -20.59549804731964784, 2.504132052144432130, 0.6355735633901370418 ) ) ;
#1928 = CARTESIAN_POINT ( 'NONE',  ( -18.40910546197862274, -7.925644345232816690, 0.3991343777803065263 ) ) ;
#1929 = CARTESIAN_POINT ( 'NONE',  ( -13.57376398422599983, -10.59828398944552497, -2.066306154244998528 ) ) ;
#1930 = CARTESIAN_POINT ( 'NONE',  ( -12.10417105162378881, 18.54366321722939404, -3.243158096045731131 ) ) ;
#1931 = CARTESIAN_POINT ( 'NONE',  ( 10.03337596223482642, 21.06990594796000238, -2.068331160266999813 ) ) ;
#1932 = ORIENTED_EDGE ( 'NONE', *, *, #5946, .T. ) ;
#1933 = EDGE_CURVE ( 'NONE', #3711, #980, #8149, .T. ) ;
#1934 = CARTESIAN_POINT ( 'NONE',  ( -20.62966353348670268, 2.216962376723958794, -0.4244045913091533118 ) ) ;
#1935 = CARTESIAN_POINT ( 'NONE',  ( 17.75974808020245632, -10.72749475622584647, -0.4247986359042769111 ) ) ;
#1936 = FACE_OUTER_BOUND ( 'NONE', #8483, .T. ) ;
#1937 = CARTESIAN_POINT ( 'NONE',  ( 1.299999999999981837, 14.14999999999999858, -1.496306154245000020 ) ) ;
#1938 = EDGE_LOOP ( 'NONE', ( #544, #4759 ) ) ;
#1939 = CARTESIAN_POINT ( 'NONE',  ( 20.70815847620484007, 1.311245839724940465, -1.118241614310385712 ) ) ;
#1940 = CARTESIAN_POINT ( 'NONE',  ( 2.716135065621481992, -20.61624367670176738, 3.383693845754000229 ) ) ;
#1941 = AXIS2_PLACEMENT_3D ( 'NONE', #4522, #4582, #5948 ) ;
#1942 = CARTESIAN_POINT ( 'NONE',  ( -11.90517470629771246, 21.60038013838074988, -1.478144964607291501 ) ) ;
#1943 = CARTESIAN_POINT ( 'NONE',  ( 10.02389071659322894, -20.52649658935044741, -3.823447619810050657 ) ) ;
#1944 = VECTOR ( 'NONE', #7925, 1000.000000000000000 ) ;
#1945 = B_SPLINE_CURVE_WITH_KNOTS ( 'NONE', 3,
 ( #8067, #3937, #1981, #4709, #4685, #3315, #6624, #7298, #3374, #4625, #5987, #7982, #574, #663, #6739, #608 ),
 .UNSPECIFIED., .F., .F.,
 ( 4, 2, 2, 2, 2, 2, 2, 4 ),
 ( 0.000000000000000000, 0.1250000000000000000, 0.2500000000000000000, 0.3750000000000000000, 0.5000000000000000000, 0.6250000000000000000, 0.7500000000000000000, 1.000000000000000000 ),
 .UNSPECIFIED. ) ;
#1946 = EDGE_LOOP ( 'NONE', ( #3379, #7145, #6240, #4312 ) ) ;
#1947 = CARTESIAN_POINT ( 'NONE',  ( -9.979039422639999657, -19.21016930348000074, -3.507024274852999834 ) ) ;
#1948 = CARTESIAN_POINT ( 'NONE',  ( 21.27451026985000127, -0.8938150471203000214, -1.163154185372999860 ) ) ;
#1949 = CARTESIAN_POINT ( 'NONE',  ( 17.68108680507794261, 10.85694759317880376, 0.7091461223582734563 ) ) ;
#1950 = CARTESIAN_POINT ( 'NONE',  ( 5.495734977061998094, 12.34999999999999964, -1.566306154244998750 ) ) ;
#1951 = CARTESIAN_POINT ( 'NONE',  ( -21.46952624497999906, -0.8932409602466000464, -0.9472287119027000823 ) ) ;
#1952 = CARTESIAN_POINT ( 'NONE',  ( 17.63647022032155220, -10.93278658290223326, 0.3236937131427901626 ) ) ;
#1953 = CARTESIAN_POINT ( 'NONE',  ( -18.38278910918227282, -8.132280930160169063, 0.4836541386562659972 ) ) ;
#1954 = FACE_OUTER_BOUND ( 'NONE', #6229, .T. ) ;
#1955 = CARTESIAN_POINT ( 'NONE',  ( -4.495734977061997206, 12.35000000000000142, -1.566306154244998750 ) ) ;
#1956 = ORIENTED_EDGE ( 'NONE', *, *, #3855, .F. ) ;
#1957 = DIRECTION ( 'NONE',  ( 0.9063077870366588185, 0.4226182617406804010, 0.000000000000000000 ) ) ;
#1958 = DIRECTION ( 'NONE',  ( -1.000000000000000000, 0.000000000000000000, 0.000000000000000000 ) ) ;
#1959 = ADVANCED_FACE ( 'NONE', ( #548 ), #7830, .F. ) ;
#1960 = AXIS2_PLACEMENT_3D ( 'NONE', #405, #2443, #431 ) ;
#1961 = CARTESIAN_POINT ( 'NONE',  ( 6.685974911015623690, 19.69021667023922717, 4.523749079003891893 ) ) ;
#1962 = CARTESIAN_POINT ( 'NONE',  ( -12.12715254472680115, -18.37746105957035070, -3.168951404274159778 ) ) ;
#1963 = CARTESIAN_POINT ( 'NONE',  ( 9.974815649867768030, -17.71498789962125642, 0.8139664314298387104 ) ) ;
#1964 = CARTESIAN_POINT ( 'NONE',  ( 12.41816706882119803, -19.20050184535870130, 0.6802669310721259910 ) ) ;
#1965 = VECTOR ( 'NONE', #8305, 1000.000000000000114 ) ;
#1966 = VERTEX_POINT ( 'NONE', #3117 ) ;
#1967 = B_SPLINE_SURFACE_WITH_KNOTS ( 'NONE', 5, 5, ( 
 ( #2676, #5316, #12, #5372, #7384, #3291 ),
 ( #2645, #8740, #2015, #575, #4057, #4628 ),
 ( #5989, #696, #611, #7353, #5340, #8043 ),
 ( #1927, #4738, #1306, #3999, #1249, #2616 ),
 ( #7325, #8652, #1985, #8015, #1367, #1281 ),
 ( #6104, #7413, #2043, #3967, #8681, #2705 ) ),
 .UNSPECIFIED., .F., .F., .F.,
 ( 6, 6 ),
 ( 6, 6 ),
 ( -1.560737310070859252, 1.560693891237155517 ),
 ( -2.504112860433163501, 2.504115087366399095 ),
 .UNSPECIFIED. ) ;
#1968 = CIRCLE ( 'NONE', #6694, 21.29999997526000044 ) ;
#1969 = CARTESIAN_POINT ( 'NONE',  ( 20.61339573127057889, 2.367423639337602470, -0.06157668905038349294 ) ) ;
#1970 = CARTESIAN_POINT ( 'NONE',  ( 19.25599267425351968, -7.733743361417887208, -1.206350739716483655 ) ) ;
#1971 = CARTESIAN_POINT ( 'NONE',  ( 10.63076552225999905, 21.93252496939000196, -2.026714812420999934 ) ) ;
#1972 = ORIENTED_EDGE ( 'NONE', *, *, #6071, .F. ) ;
#1973 = CARTESIAN_POINT ( 'NONE',  ( 12.88617591070344126, -11.37722449946298120, -2.066257018295830417 ) ) ;
#1974 = DIRECTION ( 'NONE',  ( -1.000000000000000000, 0.000000000000000000, 0.000000000000000000 ) ) ;
#1975 = ORIENTED_EDGE ( 'NONE', *, *, #6969, .F. ) ;
#1976 = CARTESIAN_POINT ( 'NONE',  ( 11.19987252093000052, -20.56990594796000238, -2.068331160266999813 ) ) ;
#1977 = PLANE ( 'NONE',  #6034 ) ;
#1978 = VERTEX_POINT ( 'NONE', #2869 ) ;
#1979 = B_SPLINE_CURVE_WITH_KNOTS ( 'NONE', 3,
 ( #7676, #4346, #5838, #1736, #1771, #7136, #6446, #5182, #6416, #7826, #1655, #3031, #7736, #3780, #4373, #5094, #3085, #7796, #5747, #2367, #7085, #4462, #2396, #3702 ),
 .UNSPECIFIED., .F., .F.,
 ( 4, 1, 1, 1, 1, 1, 1, 1, 1, 1, 1, 1, 1, 1, 1, 1, 1, 1, 1, 1, 1, 4 ),
 ( 0.000000000000000000, 0.04761904761904999644, 0.09523809523809999289, 0.1428571428570999946, 0.1904761904761999858, 0.2380952380951999736, 0.2857142857143000203, 0.3333333333333000081, 0.3809523809523999716, 0.4285714285713999594, 0.4761904761904999783, 0.5238095238095000772, 0.5714285714286000406, 0.6190476190476000840, 0.6666666666667000474, 0.7142857142856999797, 0.7619047619048000541, 0.8095238095237999865, 0.8571428571429000609, 0.9047619047618999932, 0.9523809523809999567, 1.000000000000000000 ),
 .UNSPECIFIED. ) ;
#1980 = CARTESIAN_POINT ( 'NONE',  ( -11.48085919400999977, -18.59584810088999873, -3.258392621995000127 ) ) ;
#1981 = CARTESIAN_POINT ( 'NONE',  ( 19.70818703529759475, 6.492323461132794904, 0.5264546050460713333 ) ) ;
#1982 = EDGE_CURVE ( 'NONE', #8739, #887, #5446, .T. ) ;
#1983 = CARTESIAN_POINT ( 'NONE',  ( -21.27451030647000252, -0.8938150357156999792, -1.163154145085000035 ) ) ;
#1984 = ORIENTED_EDGE ( 'NONE', *, *, #2793, .T. ) ;
#1985 = CARTESIAN_POINT ( 'NONE',  ( -20.75338708803966625, 0.5008983309923542571, 1.260044743794429323 ) ) ;
#1986 = EDGE_CURVE ( 'NONE', #2054, #5477, #2039, .T. ) ;
#1987 = CARTESIAN_POINT ( 'NONE',  ( -4.889014999823000418E-05, -0.0002174092057243999770, -1.156306180014000207 ) ) ;
#1988 = ORIENTED_EDGE ( 'NONE', *, *, #2910, .T. ) ;
#1989 = DIRECTION ( 'NONE',  ( 2.303730267073285059E-05, 1.408945531675379967E-05, 0.9999999996353849951 ) ) ;
#1990 = ORIENTED_EDGE ( 'NONE', *, *, #2906, .F. ) ;
#1991 = CARTESIAN_POINT ( 'NONE',  ( -18.54674593835999374, -2.404200203168225691, -1.066841451978664645 ) ) ;
#1992 = DIRECTION ( 'NONE',  ( 0.000000000000000000, 1.000000000000000000, -4.106629954750993297E-14 ) ) ;
#1993 = CARTESIAN_POINT ( 'NONE',  ( 9.964670917998553534, -17.13379660007954186, 0.07709117299555018343 ) ) ;
#1994 = CARTESIAN_POINT ( 'NONE',  ( 10.40131101659000024, 17.93568670204000171, 1.646304125087000081 ) ) ;
#1995 = VERTEX_POINT ( 'NONE', #368 ) ;
#1996 = EDGE_CURVE ( 'NONE', #3422, #6576, #635, .T. ) ;
#1997 = B_SPLINE_SURFACE_WITH_KNOTS ( 'NONE', 3, 3, ( 
 ( #5262, #4666, #1202, #6604, #2567 ),
 ( #7278, #2623, #3247, #7962, #2594 ),
 ( #3917, #8629, #557, #7332, #5290 ),
 ( #5967, #3946, #735, #3960, #3003 ) ),
 .UNSPECIFIED., .F., .F., .F.,
 ( 4, 4 ),
 ( 4, 1, 4 ),
 ( -0.04099118574538000020, 3.784483697629000165 ),
 ( -0.04658245029841000251, 1.000000000000000000, 2.270635603552999982 ),
 .UNSPECIFIED. ) ;
#1998 = AXIS2_PLACEMENT_3D ( 'NONE', #6011, #8008, #2668 ) ;
#1999 = CARTESIAN_POINT ( 'NONE',  ( 20.66728403328599128, 1.832585887757420595, -0.8616075461576013783 ) ) ;
#2000 = CARTESIAN_POINT ( 'NONE',  ( -12.45825999180999943, 16.00725913687999835, -2.360853323958999717 ) ) ;
#2001 = EDGE_LOOP ( 'NONE', ( #2900, #3587 ) ) ;
#2002 = CARTESIAN_POINT ( 'NONE',  ( 18.89517554438999980, -9.831617865580000171, -1.156354102959000096 ) ) ;
#2003 = CARTESIAN_POINT ( 'NONE',  ( 10.28610988197000076, 22.03064077594999759, -1.268639947174999838 ) ) ;
#2004 = CARTESIAN_POINT ( 'NONE',  ( -11.91086985757613803, 20.22358054345744804, -3.482740780242578715 ) ) ;
#2005 = CARTESIAN_POINT ( 'NONE',  ( -20.74961182454622133, 4.529070993825146320E-10, -1.206320699158265564 ) ) ;
#2006 = B_SPLINE_CURVE_WITH_KNOTS ( 'NONE', 3,
 ( #2606, #4073, #1943, #4018, #8086, #6060, #2694, #8697, #5362, #7318 ),
 .UNSPECIFIED., .F., .F.,
 ( 4, 2, 2, 2, 4 ),
 ( 2.110382192020081086E-17, 0.0003768079370883084794, 0.0007536158741765959252, 0.001130423811264883154, 0.001507231748353170600 ),
 .UNSPECIFIED. ) ;
#2007 = CARTESIAN_POINT ( 'NONE',  ( 19.05709341151430891, -8.206084796874698384, -1.156354102095139336 ) ) ;
#2008 = VERTEX_POINT ( 'NONE', #2376 ) ;
#2009 = CARTESIAN_POINT ( 'NONE',  ( 21.29910594224000064, -2.176182561844999697, 1.059139078168000125 ) ) ;
#2010 = DIRECTION ( 'NONE',  ( 0.000000000000000000, 0.000000000000000000, -1.000000000000000000 ) ) ;
#2011 = CARTESIAN_POINT ( 'NONE',  ( 18.20867632591924590, -9.951997207363461939, 1.814555037866215637 ) ) ;
#2012 = CIRCLE ( 'NONE', #21, 21.58000000000000185 ) ;
#2013 = EDGE_CURVE ( 'NONE', #831, #1914, #6066, .T. ) ;
#2014 = CARTESIAN_POINT ( 'NONE',  ( -21.56574717867000146, -0.9251613951004999947, 1.487476270759999775 ) ) ;
#2015 = CARTESIAN_POINT ( 'NONE',  ( -20.75339656633278551, 0.5007254300014761794, -0.6128139690093095115 ) ) ;
#2016 = AXIS2_PLACEMENT_3D ( 'NONE', #911, #1511, #823 ) ;
#2017 = CARTESIAN_POINT ( 'NONE',  ( -18.25543629127909639, -7.689989388296999628, 0.08369384575629071343 ) ) ;
#2018 = CARTESIAN_POINT ( 'NONE',  ( -4.359232984256766308, -16.65370983838931807, -2.066306154244998528 ) ) ;
#2019 = CARTESIAN_POINT ( 'NONE',  ( 16.49848323136407657, 12.65728818095774955, 3.383693845753999785 ) ) ;
#2020 = ORIENTED_EDGE ( 'NONE', *, *, #5514, .F. ) ;
#2021 = CYLINDRICAL_SURFACE ( 'NONE', #5923, 1.800000000000000044 ) ;
#2022 = CARTESIAN_POINT ( 'NONE',  ( -19.39022971182670929, -2.894958915901378660, -0.1663943250671772456 ) ) ;
#2023 = EDGE_CURVE ( 'NONE', #8426, #4094, #4655, .T. ) ;
#2024 = CARTESIAN_POINT ( 'NONE',  ( -11.47017529566999983, 20.34931673207000102, -3.562874337150999882 ) ) ;
#2025 = CARTESIAN_POINT ( 'NONE',  ( 17.36538055857924689, -11.35808596476272037, 0.3236872503781250132 ) ) ;
#2026 = CARTESIAN_POINT ( 'NONE',  ( -11.92405385921999894, -18.45724965879999857, -3.202501643089000094 ) ) ;
#2027 = AXIS2_PLACEMENT_3D ( 'NONE', #3996, #8065, #8704 ) ;
#2028 = ORIENTED_EDGE ( 'NONE', *, *, #3347, .T. ) ;
#2029 = CARTESIAN_POINT ( 'NONE',  ( 20.60904923735078853, 2.405000011462031129, 0.3236938182002782605 ) ) ;
#2030 = CARTESIAN_POINT ( 'NONE',  ( 18.74367891470999936, -10.12551788617999904, -1.120428523575000002 ) ) ;
#2031 = CARTESIAN_POINT ( 'NONE',  ( 18.94257988750708321, 8.492448714603826332, -1.706306646535999949 ) ) ;
#2032 = CARTESIAN_POINT ( 'NONE',  ( -11.88467999814721132, 21.60142666021020830, -1.736306188708166776 ) ) ;
#2033 = DIRECTION ( 'NONE',  ( -0.000000000000000000, 1.000000000000000000, 0.000000000000000000 ) ) ;
#2034 = ORIENTED_EDGE ( 'NONE', *, *, #5236, .T. ) ;
#2035 = EDGE_CURVE ( 'NONE', #1225, #1574, #6992, .T. ) ;
#2036 = CARTESIAN_POINT ( 'NONE',  ( 11.48708868115000037, 18.53553292908999950, -3.229786074376999938 ) ) ;
#2037 = CARTESIAN_POINT ( 'NONE',  ( 11.80542014779667781, 20.71295790958023630, -0.01603196821813794928 ) ) ;
#2038 = CARTESIAN_POINT ( 'NONE',  ( 18.15075876973000035, -11.20260802335000072, 0.3325874899735000167 ) ) ;
#2039 = B_SPLINE_CURVE_WITH_KNOTS ( 'NONE', 3,
 ( #7146, #2436, #3789, #2406, #3011, #1025, #4444, #7742, #4408, #5132, #1691, #1665, #7776, #311 ),
 .UNSPECIFIED., .F., .F.,
 ( 4, 2, 2, 2, 2, 2, 4 ),
 ( 0.000000000000000000, 0.0003511015907505632525, 0.0005266523861258449058, 0.0007022031815011265049, 0.0008777539768764079956, 0.001053304772251689812, 0.001404406363002252359 ),
 .UNSPECIFIED. ) ;
#2040 = CARTESIAN_POINT ( 'NONE',  ( 10.00092465390540042, -19.20260967298735011, -3.504221499167190057 ) ) ;
#2041 = CARTESIAN_POINT ( 'NONE',  ( -12.16332589783696072, 20.59463211377179803, -0.01560864668693204976 ) ) ;
#2042 = CARTESIAN_POINT ( 'NONE',  ( -21.56687356748999917, -0.9007382241829999803, 1.486872255995000058 ) ) ;
#2043 = CARTESIAN_POINT ( 'NONE',  ( -20.78406602114182888, 0.5009559288555768264, 1.884330981471810329 ) ) ;
#2044 = CIRCLE ( 'NONE', #1741, 17.39991456012002402 ) ;
#2045 = ORIENTED_EDGE ( 'NONE', *, *, #2321, .T. ) ;
#2046 = CARTESIAN_POINT ( 'NONE',  ( 10.02813962910347989, -20.76965849733570124, -3.754900568629930380 ) ) ;
#2047 = CARTESIAN_POINT ( 'NONE',  ( 10.62037197712000136, -21.45672748484999914, -3.071422368945000425 ) ) ;
#2048 = CARTESIAN_POINT ( 'NONE',  ( 5.380113298314304515, 20.08634545975737140, 3.383693845753999341 ) ) ;
#2049 = EDGE_CURVE ( 'NONE', #7042, #4139, #6784, .T. ) ;
#2050 = CARTESIAN_POINT ( 'NONE',  ( -18.18662684573400057, -2.022128134925238019, -1.385423402268483706 ) ) ;
#2051 = CARTESIAN_POINT ( 'NONE',  ( -11.97156639481999996, 19.84964830112000200, -3.537864584564999859 ) ) ;
#2052 = CARTESIAN_POINT ( 'NONE',  ( -9.557911071371043121, 18.53294692195894200, 4.523749079003889229 ) ) ;
#2053 = FACE_OUTER_BOUND ( 'NONE', #5693, .T. ) ;
#2054 = VERTEX_POINT ( 'NONE', #1713 ) ;
#2055 = CARTESIAN_POINT ( 'NONE',  ( 18.39629175039620179, -9.598902194449372871, -1.206312348357676978 ) ) ;
#2056 = CARTESIAN_POINT ( 'NONE',  ( 18.35157040238999926, -10.85655332940000051, 1.246706800657000125 ) ) ;
#2057 = VERTEX_POINT ( 'NONE', #7113 ) ;
#2058 = DIRECTION ( 'NONE',  ( 0.9999999999730789790, 7.337717991162840180E-06, 1.590714393243964852E-09 ) ) ;
#2059 = CARTESIAN_POINT ( 'NONE',  ( 11.57344471039000133, 21.54803865705000021, -0.8580190092476999153 ) ) ;
#2060 = CARTESIAN_POINT ( 'NONE',  ( -11.92292296203179802, 20.08781958979833249, -3.514161509180866449 ) ) ;
#2061 = CYLINDRICAL_SURFACE ( 'NONE', #6714, 21.58000000000000185 ) ;
#2062 = DIRECTION ( 'NONE',  ( 3.400573180623999403E-14, -4.102686739163000168E-14, -1.000000000000000000 ) ) ;
#2063 = CARTESIAN_POINT ( 'NONE',  ( 20.74312236049301461, -0.6168465437285147734, -1.706306329100000241 ) ) ;
#2064 = ORIENTED_EDGE ( 'NONE', *, *, #8253, .T. ) ;
#2065 = CARTESIAN_POINT ( 'NONE',  ( 18.96199951628999969, -10.11271652803000087, 1.595199746424000198 ) ) ;
#2066 = CARTESIAN_POINT ( 'NONE',  ( 20.70837680053419305, -1.502655387992507308, 1.884212673090885692 ) ) ;
#2067 = CARTESIAN_POINT ( 'NONE',  ( -20.75000000000025224, 3.530143683562605094E-09, 3.383693845754244922 ) ) ;
#2068 = CARTESIAN_POINT ( 'NONE',  ( 18.56621989365878989, 10.99949344497975190, 0.4800005393206907556 ) ) ;
#2069 = DIRECTION ( 'NONE',  ( -1.741526312615000136E-14, 1.456472377304000030E-13, -1.000000000000000000 ) ) ;
#2070 = DIRECTION ( 'NONE',  ( 1.741955564604240099E-14, -1.456472377304000030E-13, 1.000000000000000000 ) ) ;
#2071 = CARTESIAN_POINT ( 'NONE',  ( 11.08350390222000037, -20.25885074562000199, -3.642026867059000139 ) ) ;
#2072 = CARTESIAN_POINT ( 'NONE',  ( 12.23174795352999844, 20.60951356474999940, -0.03861123971725999998 ) ) ;
#2073 = ORIENTED_EDGE ( 'NONE', *, *, #2023, .T. ) ;
#2074 = AXIS2_PLACEMENT_3D ( 'NONE', #4836, #1403, #2719 ) ;
#2075 = CARTESIAN_POINT ( 'NONE',  ( 19.71150494995367453, 6.482860258360803485, 0.3236937131912843713 ) ) ;
#2076 = ADVANCED_FACE ( 'NONE', ( #1483 ), #1137, .T. ) ;
#2077 = ORIENTED_EDGE ( 'NONE', *, *, #4756, .T. ) ;
#2078 = CARTESIAN_POINT ( 'NONE',  ( -11.90168503884999929, 20.54128744319000077, -3.396957201862000009 ) ) ;
#2079 = DIRECTION ( 'NONE',  ( -0.000000000000000000, -0.000000000000000000, 1.000000000000000000 ) ) ;
#2080 = CARTESIAN_POINT ( 'NONE',  ( 11.85139807987075677, -21.45446675666363490, -2.406726795907478067 ) ) ;
#2081 = VERTEX_POINT ( 'NONE', #5079 ) ;
#2082 = CARTESIAN_POINT ( 'NONE',  ( 21.19669705904000168, 2.405006334013999769, 0.3606012836463999838 ) ) ;
#2083 = CARTESIAN_POINT ( 'NONE',  ( 10.03749908113080025, -21.30606952527254805, -0.02725576966041375060 ) ) ;
#2084 = VERTEX_POINT ( 'NONE', #3040 ) ;
#2085 = PLANE ( 'NONE',  #5016 ) ;
#2086 = CARTESIAN_POINT ( 'NONE',  ( 11.23444908069000014, 20.86442963704000064, 0.006376196850253999793 ) ) ;
#2087 = CARTESIAN_POINT ( 'NONE',  ( 3.471646186719954397, -20.53102912381179834, 1.633720458599509984 ) ) ;
#2088 = ORIENTED_EDGE ( 'NONE', *, *, #8315, .T. ) ;
#2089 = CARTESIAN_POINT ( 'NONE',  ( 15.71016306656373906, 9.816319423262306998, -1.213536704778083619 ) ) ;
#2090 = ORIENTED_EDGE ( 'NONE', *, *, #4949, .F. ) ;
#2091 = VERTEX_POINT ( 'NONE', #8446 ) ;
#2092 = CARTESIAN_POINT ( 'NONE',  ( 19.17596066940544475, -7.921306205249679877, -1.156355919467012550 ) ) ;
#2093 = CARTESIAN_POINT ( 'NONE',  ( 18.53587960397963386, 9.323836017766788942, -1.156306154239075790 ) ) ;
#2094 = CARTESIAN_POINT ( 'NONE',  ( 20.72954757971804085, 0.9247524092150524178, 1.853681555168173567 ) ) ;
#2095 = B_SPLINE_CURVE_WITH_KNOTS ( 'NONE', 3,
 ( #2902, #6379, #2933, #8311, #3605, #4275, #239, #7604, #7046, #6995, #4969, #5610, #8343, #4309, #267, #922, #7729, #2274, #1523, #1586 ),
 .UNSPECIFIED., .F., .F.,
 ( 4, 2, 2, 2, 2, 2, 2, 2, 2, 4 ),
 ( 0.000000000000000000, 0.1250000000000002776, 0.1875000000000003331, 0.2500000000000003886, 0.3750000000000003331, 0.5000000000000002220, 0.6250000000000001110, 0.7500000000000001110, 0.8750000000000000000, 1.000000000000000000 ),
 .UNSPECIFIED. ) ;
#2096 = CARTESIAN_POINT ( 'NONE',  ( 18.02787347477563884, -10.27448754132898046, 1.650905414968009133 ) ) ;
#2097 = CARTESIAN_POINT ( 'NONE',  ( -21.43519386490999779, -1.595310933819999999, 1.480223572721999892 ) ) ;
#2098 = CARTESIAN_POINT ( 'NONE',  ( 19.71129995850562011, 6.482835332628463121, 0.1190112195309718235 ) ) ;
#2099 = EDGE_CURVE ( 'NONE', #5044, #8479, #1908, .T. ) ;
#2100 = CARTESIAN_POINT ( 'NONE',  ( 18.45112570575000177, 9.624525793211999414, 0.3236938457535999958 ) ) ;
#2101 = CARTESIAN_POINT ( 'NONE',  ( -6.854932022238162226, -15.79217379146774825, -2.066306154244998083 ) ) ;
#2102 = CARTESIAN_POINT ( 'NONE',  ( -19.29661242773487473, -2.863941138373836459, -0.2785068391575966085 ) ) ;
#2103 = CARTESIAN_POINT ( 'NONE',  ( 12.78864290737186948, -12.54414374991125136, -2.068850140205611421 ) ) ;
#2104 = CARTESIAN_POINT ( 'NONE',  ( -11.52929826605999963, 21.68145822788999766, -1.232612179481000103 ) ) ;
#2105 = CARTESIAN_POINT ( 'NONE',  ( 19.99569022154992481, -8.117309564786689080, 1.493647031593954733 ) ) ;
#2106 = CARTESIAN_POINT ( 'NONE',  ( 12.19949379238000020, 20.89916166463999758, 0.6884176696874000356 ) ) ;
#2107 = CARTESIAN_POINT ( 'NONE',  ( -10.68031791381999973, -19.01179248914000297, -3.436854843546000016 ) ) ;
#2108 = ORIENTED_EDGE ( 'NONE', *, *, #8438, .F. ) ;
#2109 = CIRCLE ( 'NONE', #8070, 1.436228704146481849 ) ;
#2110 = AXIS2_PLACEMENT_3D ( 'NONE', #1955, #6686, #2590 ) ;
#2111 = CARTESIAN_POINT ( 'NONE',  ( 21.19697528134999942, 2.402235060390000232, 0.4344399196659000095 ) ) ;
#2112 = CARTESIAN_POINT ( 'NONE',  ( 10.04262981479497263, -21.60005880632374442, -0.2659389580324887370 ) ) ;
#2113 = CARTESIAN_POINT ( 'NONE',  ( -20.32154212597755105, 2.954991054187680710, 1.163742547813253925 ) ) ;
#2114 = CARTESIAN_POINT ( 'NONE',  ( -20.68123152081870231, 1.698426498694776132, -1.011961074674293082 ) ) ;
#2115 = EDGE_LOOP ( 'NONE', ( #1042, #20, #4104, #5333, #2528, #3059, #3651 ) ) ;
#2116 = CARTESIAN_POINT ( 'NONE',  ( 12.81274357705272848, -13.29783781877912929, -1.272382844559893922 ) ) ;
#2117 = CARTESIAN_POINT ( 'NONE',  ( 18.54470423244000088, 11.04513211983999987, 0.3166955176196999955 ) ) ;
#2118 = FACE_OUTER_BOUND ( 'NONE', #5726, .T. ) ;
#2119 = B_SPLINE_CURVE_WITH_KNOTS ( 'NONE', 3,
 ( #4329, #1668, #4530, #5873, #2497, #4590, #7206, #5193, #5930, #1863, #6537, #5160, #430, #4501, #454, #7863 ),
 .UNSPECIFIED., .F., .F.,
 ( 4, 2, 2, 2, 2, 2, 2, 4 ),
 ( 1.331732931214801926E-14, 0.0004772762198974732253, 0.0009545524397816291954, 0.001431828659665785111, 0.001909104879549940919, 0.002386381099434096726, 0.002863657319318253184, 0.003818209759086556992 ),
 .UNSPECIFIED. ) ;
#2120 = ADVANCED_FACE ( 'NONE', ( #118 ), #2407, .T. ) ;
#2121 = ADVANCED_FACE ( 'NONE', ( #6666 ), #3288, .F. ) ;
#2122 = CARTESIAN_POINT ( 'NONE',  ( 21.51621087831095736, -1.661431823612544045, -0.6146881699125049670 ) ) ;
#2123 = CARTESIAN_POINT ( 'NONE',  ( 3.064856587504108276, -16.91761805309950972, -2.066306154244998528 ) ) ;
#2124 = CARTESIAN_POINT ( 'NONE',  ( -20.72953728584387889, 0.9249651083242644845, -1.206303589798189080 ) ) ;
#2125 = CARTESIAN_POINT ( 'NONE',  ( -11.85880539973999959, -21.45434577084000338, -2.409298132119999991 ) ) ;
#2126 = VERTEX_POINT ( 'NONE', #4445 ) ;
#2127 = FACE_OUTER_BOUND ( 'NONE', #3465, .T. ) ;
#2128 = CARTESIAN_POINT ( 'NONE',  ( -0.8845503569395010146, 17.18999690288200100, -2.066306154244998528 ) ) ;
#2129 = AXIS2_PLACEMENT_3D ( 'NONE', #4387, #1611, #5085 ) ;
#2130 = CARTESIAN_POINT ( 'NONE',  ( -9.946464032646659348, 16.09064367109602145, -2.313551054794614092 ) ) ;
#2131 = CARTESIAN_POINT ( 'NONE',  ( 12.07749905101999843, -21.12269569171999706, -0.3875120233555999771 ) ) ;
#2132 = CARTESIAN_POINT ( 'NONE',  ( 18.39629175039620179, -9.598902194449372871, -1.206312348357676978 ) ) ;
#2133 = ORIENTED_EDGE ( 'NONE', *, *, #7343, .F. ) ;
#2134 = CARTESIAN_POINT ( 'NONE',  ( 12.88410534591000101, -11.69026546979000081, -2.066894984680999858 ) ) ;
#2135 = CARTESIAN_POINT ( 'NONE',  ( -10.03200090203000094, 22.01284228173999935, -2.404345232402000043 ) ) ;
#2136 = CARTESIAN_POINT ( 'NONE',  ( 19.43581170356283394, 7.184247028225120957, 0.01166165588657360266 ) ) ;
#2137 = CARTESIAN_POINT ( 'NONE',  ( 15.71033485665433638, 7.053660016430401747, -2.066306154244998528 ) ) ;
#2138 = CARTESIAN_POINT ( 'NONE',  ( -17.39991456012002402, 0.000000000000000000, 9.334695990327277926 ) ) ;
#2139 = VERTEX_POINT ( 'NONE', #1634 ) ;
#2140 = CARTESIAN_POINT ( 'NONE',  ( 10.04023757824544383, -21.46300766619735612, -0.1364084617181506587 ) ) ;
#2141 = CARTESIAN_POINT ( 'NONE',  ( -17.18983122531615138, -8.823102617437179887E-06, -2.066310809802729853 ) ) ;
#2142 = CARTESIAN_POINT ( 'NONE',  ( 17.61778962953365735, -5.724657532599013443, -1.213455921811594562 ) ) ;
#2143 = DIRECTION ( 'NONE',  ( -0.000000000000000000, -0.000000000000000000, -1.000000000000000000 ) ) ;
#2144 = CARTESIAN_POINT ( 'NONE',  ( 1.735967457637417777, -20.74998556902147229, 1.633720420338148793 ) ) ;
#2145 = CARTESIAN_POINT ( 'NONE',  ( 15.57276363557913612, 9.118733341467205378, -1.564732128294299640 ) ) ;
#2146 = EDGE_CURVE ( 'NONE', #2054, #2506, #6251, .T. ) ;
#2147 = CONICAL_SURFACE ( 'NONE', #8359, 20.67499999999999716, 0.7853981633972997312 ) ;
#2148 = VERTEX_POINT ( 'NONE', #2986 ) ;
#2149 = EDGE_CURVE ( 'NONE', #2841, #7956, #4873, .T. ) ;
#2150 = DIRECTION ( 'NONE',  ( -0.9063077870366585964, 0.4226182617406807895, -2.322134505067882137E-14 ) ) ;
#2151 = CARTESIAN_POINT ( 'NONE',  ( 11.48086126464999879, 18.59584835875000053, -3.258392804884000071 ) ) ;
#2152 = CARTESIAN_POINT ( 'NONE',  ( 19.06830035280000146, -9.906686466248000755, 1.595198638557000059 ) ) ;
#2153 = CARTESIAN_POINT ( 'NONE',  ( -11.76509142551000053, -19.94643667788000130, -3.561745185274999947 ) ) ;
#2154 = CARTESIAN_POINT ( 'NONE',  ( 18.29082529053999906, 10.96579924765000058, -0.4162336386341999872 ) ) ;
#2155 = CARTESIAN_POINT ( 'NONE',  ( -9.919634592545135021, 14.56105895403123540, -2.072737545367230538 ) ) ;
#2156 = FACE_OUTER_BOUND ( 'NONE', #1038, .T. ) ;
#2157 = CARTESIAN_POINT ( 'NONE',  ( 11.04772084750000083, -21.70460125472000001, -2.402433736543000187 ) ) ;
#2158 = VERTEX_POINT ( 'NONE', #3713 ) ;
#2159 = DIRECTION ( 'NONE',  ( 1.000000000000000000, 0.000000000000000000, 0.000000000000000000 ) ) ;
#2160 = EDGE_CURVE ( 'NONE', #1397, #2148, #6867, .T. ) ;
#2161 = CARTESIAN_POINT ( 'NONE',  ( -10.25902735304000046, 18.85290414861000130, -3.330110594906000365 ) ) ;
#2162 = EDGE_CURVE ( 'NONE', #4088, #3462, #5098, .T. ) ;
#2163 = CARTESIAN_POINT ( 'NONE',  ( 11.19987252093000052, -21.06990594796000238, -2.068331160266999813 ) ) ;
#2164 = ADVANCED_FACE ( 'NONE', ( #762 ), #3090, .F. ) ;
#2165 = CARTESIAN_POINT ( 'NONE',  ( 9.020669316464605458, -15.62089463499597208, 5.710772084629347489 ) ) ;
#2166 = CARTESIAN_POINT ( 'NONE',  ( -11.86276226356999963, 21.25571304041999809, -2.763309695493000095 ) ) ;
#2167 = CARTESIAN_POINT ( 'NONE',  ( 15.71034345916497799, -7.053283000694789528, -2.066306154244998972 ) ) ;
#2168 = CARTESIAN_POINT ( 'NONE',  ( -10.00891433001999964, -20.79238084412000021, -3.752071150736999705 ) ) ;
#2169 = ADVANCED_FACE ( 'NONE', ( #3497 ), #4090, .T. ) ;
#2170 = FACE_OUTER_BOUND ( 'NONE', #3578, .T. ) ;
#2171 = ORIENTED_EDGE ( 'NONE', *, *, #3574, .T. ) ;
#2172 = CARTESIAN_POINT ( 'NONE',  ( 21.21960446886999918, 2.084440960200999893, 1.245747657320999791 ) ) ;
#2173 = PLANE ( 'NONE',  #4000 ) ;
#2174 = CARTESIAN_POINT ( 'NONE',  ( 17.74579292131246788, -5.680461633973885149, -1.126011698068250633 ) ) ;
#2175 = CARTESIAN_POINT ( 'NONE',  ( -20.72032327748470948, 1.127796941662109642, -1.206301599724738161 ) ) ;
#2176 = FACE_OUTER_BOUND ( 'NONE', #7267, .T. ) ;
#2177 = ORIENTED_EDGE ( 'NONE', *, *, #4876, .T. ) ;
#2178 = CARTESIAN_POINT ( 'NONE',  ( 12.84316627850195758, -12.36273064939370236, -1.719952451565156970 ) ) ;
#2179 = CARTESIAN_POINT ( 'NONE',  ( 19.76920065682735128, -2.954987829666224641, 0.3236817951431419926 ) ) ;
#2180 = FACE_OUTER_BOUND ( 'NONE', #7491, .T. ) ;
#2181 = B_SPLINE_CURVE_WITH_KNOTS ( 'NONE', 3,
 ( #7808, #3764, #7065, #3715, #5758, #8475, #7180, #2440, #402, #5848 ),
 .UNSPECIFIED., .F., .F.,
 ( 4, 3, 3, 4 ),
 ( 0.000000000000000000, 4.325361998603491706E-05, 8.563919259371685123E-05, 0.0001280247647086261401 ),
 .UNSPECIFIED. ) ;
#2182 = AXIS2_PLACEMENT_3D ( 'NONE', #3695, #8342, #7635 ) ;
#2183 = CARTESIAN_POINT ( 'NONE',  ( -10.03749905366534101, 21.30606878218540245, -0.02725523396778005078 ) ) ;
#2184 = CARTESIAN_POINT ( 'NONE',  ( -20.28209162469666893, -2.955000000000000071, 0.3236532897700065692 ) ) ;
#2185 = CARTESIAN_POINT ( 'NONE',  ( 20.70857912689996638, 1.323848902659212179, -1.167413733701081702 ) ) ;
#2186 = CARTESIAN_POINT ( 'NONE',  ( -11.92563140488999984, 18.42487804481999802, -3.187902599665000114 ) ) ;
#2187 = CARTESIAN_POINT ( 'NONE',  ( -11.71155547693999921, -21.50003004759000191, -2.407281046772000277 ) ) ;
#2188 = ORIENTED_EDGE ( 'NONE', *, *, #8530, .T. ) ;
#2189 = CARTESIAN_POINT ( 'NONE',  ( 18.35154687593999867, 10.85651446638999928, -0.5993666707339000421 ) ) ;
#2190 = CARTESIAN_POINT ( 'NONE',  ( 20.53851709976883200, -2.954964524774748025, 1.197143853630466603 ) ) ;
#2191 = DIRECTION ( 'NONE',  ( 0.000000000000000000, 0.000000000000000000, -1.000000000000000000 ) ) ;
#2192 = EDGE_LOOP ( 'NONE', ( #2709, #4058, #5662, #5993 ) ) ;
#2193 = CARTESIAN_POINT ( 'NONE',  ( 12.05152006762000028, -20.59277146438999750, 0.007728425377448000511 ) ) ;
#2194 = CARTESIAN_POINT ( 'NONE',  ( 17.36524395393250231, -11.35797072955442033, 1.633951922507050014 ) ) ;
#2195 = ORIENTED_EDGE ( 'NONE', *, *, #702, .T. ) ;
#2196 = AXIS2_PLACEMENT_3D ( 'NONE', #7752, #3721, #8429 ) ;
#2197 = CARTESIAN_POINT ( 'NONE',  ( -9.912234008095001769, 15.85582522810999961, -2.249209364925000010 ) ) ;
#2198 = ORIENTED_EDGE ( 'NONE', *, *, #1092, .T. ) ;
#2199 = CARTESIAN_POINT ( 'NONE',  ( 12.43147294621000043, -13.94460645502000062, -2.127786484581999815 ) ) ;
#2200 = CARTESIAN_POINT ( 'NONE',  ( 18.95150618826000155, -5.576750718628000314, 1.884908613936999933 ) ) ;
#2201 = CARTESIAN_POINT ( 'NONE',  ( -11.85880539692999847, 21.45434577171999990, -2.409298132082000166 ) ) ;
#2202 = CARTESIAN_POINT ( 'NONE',  ( 19.47305086339966707, 7.201532033269208988, -1.236862111937851116 ) ) ;
#2203 = CARTESIAN_POINT ( 'NONE',  ( 16.44524856271329227, -5.110463979261004930, -2.066306154244998528 ) ) ;
#2204 = CARTESIAN_POINT ( 'NONE',  ( 20.21454366784000101, -6.812146529179999632, 0.6536391085966000158 ) ) ;
#2205 = ORIENTED_EDGE ( 'NONE', *, *, #5616, .T. ) ;
#2206 = ORIENTED_EDGE ( 'NONE', *, *, #2013, .F. ) ;
#2207 = CARTESIAN_POINT ( 'NONE',  ( 19.61818905679186287, -6.827042233912783864, 1.884167110847170923 ) ) ;
#2208 = CARTESIAN_POINT ( 'NONE',  ( 10.02813962910347989, -20.76965849733570124, -3.754900568629930380 ) ) ;
#2209 = EDGE_CURVE ( 'NONE', #2889, #8310, #1302, .T. ) ;
#2210 = VERTEX_POINT ( 'NONE', #369 ) ;
#2211 = CARTESIAN_POINT ( 'NONE',  ( -20.53851172945632086, -2.955001850927566842, 0.7603547659529331648 ) ) ;
#2212 = PLANE ( 'NONE',  #1844 ) ;
#2213 = CARTESIAN_POINT ( 'NONE',  ( 19.99505639709586902, 8.118899475826195200, 1.493695079269834691 ) ) ;
#2214 = CARTESIAN_POINT ( 'NONE',  ( -19.04312302179955907, 2.749870305455285990, -0.5659030705144967310 ) ) ;
#2215 = ADVANCED_FACE ( 'NONE', ( #7499 ), #4204, .T. ) ;
#2216 = ADVANCED_FACE ( 'NONE', ( #2118 ), #6770, .T. ) ;
#2217 = CARTESIAN_POINT ( 'NONE',  ( -12.92097108093750002, 16.23577618015760038, 1.633914089293755145 ) ) ;
#2218 = CARTESIAN_POINT ( 'NONE',  ( 12.53555443462999897, 12.78940900657999968, -2.076862697031999883 ) ) ;
#2219 = ORIENTED_EDGE ( 'NONE', *, *, #6304, .T. ) ;
#2220 = CARTESIAN_POINT ( 'NONE',  ( -9.910588506443309242, 14.04916630692904178, -2.065599973720539939 ) ) ;
#2221 = CARTESIAN_POINT ( 'NONE',  ( 10.03331986522445440, 21.06669215239524462, 0.1451099049964743593 ) ) ;
#2222 = CARTESIAN_POINT ( 'NONE',  ( 16.58010384109848445, 12.58962252586874797, 3.633693845755089580 ) ) ;
#2223 = DIRECTION ( 'NONE',  ( 0.000000000000000000, 0.000000000000000000, -1.000000000000000000 ) ) ;
#2224 = EDGE_CURVE ( 'NONE', #2841, #786, #332, .T. ) ;
#2225 = CARTESIAN_POINT ( 'NONE',  ( 19.84579225435999916, -8.239305181935000277, -0.9479068429415999919 ) ) ;
#2226 = EDGE_CURVE ( 'NONE', #3832, #6706, #7726, .T. ) ;
#2227 = CARTESIAN_POINT ( 'NONE',  ( -10.25620428258999972, 19.19431774532000290, -3.513562921804000094 ) ) ;
#2228 = DIRECTION ( 'NONE',  ( 8.659560562353647261E-17, -0.7071067811864425456, -0.7071067811866525998 ) ) ;
#2229 = FACE_BOUND ( 'NONE', #8103, .T. ) ;
#2230 = CARTESIAN_POINT ( 'NONE',  ( 10.69275281326999938, -21.56571702126000289, -0.4175250621655999805 ) ) ;
#2231 = DIRECTION ( 'NONE',  ( -0.000000000000000000, 0.000000000000000000, -1.000000000000000000 ) ) ;
#2232 = EDGE_LOOP ( 'NONE', ( #2790, #6657, #829, #7861 ) ) ;
#2233 = CYLINDRICAL_SURFACE ( 'NONE', #3106, 2.030000390841001590 ) ;
#2234 = CARTESIAN_POINT ( 'NONE',  ( -11.93070184250999866, 18.38787019007999746, -3.171247559882999667 ) ) ;
#2235 = CARTESIAN_POINT ( 'NONE',  ( 10.99753856936000140, -14.17432792694999932, -2.100089329790999937 ) ) ;
#2236 = CARTESIAN_POINT ( 'NONE',  ( -11.88062539995999956, 21.57397488263999819, -2.023678358205000194 ) ) ;
#2237 = CARTESIAN_POINT ( 'NONE',  ( 12.57102402161999954, 18.55217367834000086, 1.212896899653000071 ) ) ;
#2238 = CARTESIAN_POINT ( 'NONE',  ( -10.63649603123999832, -20.51862859388999993, -3.680259225026000003 ) ) ;
#2239 = ORIENTED_EDGE ( 'NONE', *, *, #569, .T. ) ;
#2240 = VECTOR ( 'NONE', #7694, 1000.000000000000000 ) ;
#2241 = CARTESIAN_POINT ( 'NONE',  ( 19.28666614255390854, -7.556808070742363270, 0.01140969474962795667 ) ) ;
#2242 = CARTESIAN_POINT ( 'NONE',  ( -12.75377513922000006, 17.57233789073999830, 1.352341495172999952 ) ) ;
#2243 = DIRECTION ( 'NONE',  ( 0.000000000000000000, -1.000000000000000000, 0.000000000000000000 ) ) ;
#2244 = CARTESIAN_POINT ( 'NONE',  ( 1.299999999999981837, 14.40000000000000568, -2.066306154244998528 ) ) ;
#2245 = CARTESIAN_POINT ( 'NONE',  ( 12.57103873708999942, -17.00185348046999678, -0.1838601243452000211 ) ) ;
#2246 = ORIENTED_EDGE ( 'NONE', *, *, #6182, .T. ) ;
#2247 = B_SPLINE_CURVE_WITH_KNOTS ( 'NONE', 3,
 ( #119, #8289, #4254, #4975, #4846, #212, #811, #4941, #2248, #1594, #5590, #4907, #6971, #1530, #5530, #6868, #898, #5654 ),
 .UNSPECIFIED., .F., .F.,
 ( 4, 2, 2, 2, 2, 2, 2, 2, 4 ),
 ( 0.005860746539085171479, 0.1293967314525067136, 0.2529327163659282340, 0.3764687012793498933, 0.5000046861927713859, 0.6235406711061930451, 0.7470766560196143713, 0.8706126409330356974, 0.9941486258464570236 ),
 .UNSPECIFIED. ) ;
#2248 = CARTESIAN_POINT ( 'NONE',  ( -20.60906946733425471, -2.404826229450700570, 0.5215448010226085840 ) ) ;
#2249 = CARTESIAN_POINT ( 'NONE',  ( 10.29683964500999949, 14.04770352035999892, -2.065672262599000053 ) ) ;
#2250 = CARTESIAN_POINT ( 'NONE',  ( 19.84065707308000270, 8.251597096981001300, -0.9476491107284999993 ) ) ;
#2251 = CARTESIAN_POINT ( 'NONE',  ( 10.60789669779000022, -21.06990594796000238, -2.068331160266999813 ) ) ;
#2252 = PLANE ( 'NONE',  #5652 ) ;
#2253 = CARTESIAN_POINT ( 'NONE',  ( 19.93146112173999995, -8.286945886505000303, 1.487234827006999938 ) ) ;
#2254 = ORIENTED_EDGE ( 'NONE', *, *, #1199, .T. ) ;
#2255 = CARTESIAN_POINT ( 'NONE',  ( -11.79693203873000051, 19.60294821259000031, -3.571602740876000048 ) ) ;
#2256 = DIRECTION ( 'NONE',  ( -1.000000000000000000, 0.000000000000000000, 0.000000000000000000 ) ) ;
#2257 = CARTESIAN_POINT ( 'NONE',  ( 10.62401872841000028, -21.83414674425999991, -2.401388050481000125 ) ) ;
#2258 = CARTESIAN_POINT ( 'NONE',  ( 19.88458905427999923, -7.654685338248999216, -1.055370188087000116 ) ) ;
#2259 = CARTESIAN_POINT ( 'NONE',  ( 17.94553264589979236, 10.41763792746483830, -0.8935711017080449903 ) ) ;
#2260 = CARTESIAN_POINT ( 'NONE',  ( 12.58676218783000067, -14.85101375286999925, -2.193831373922999983 ) ) ;
#2261 = CARTESIAN_POINT ( 'NONE',  ( 0.000000000000000000, 0.000000000000000000, 5.752848945473099107 ) ) ;
#2262 = CARTESIAN_POINT ( 'NONE',  ( -10.30407801406000168, 21.40313937715000137, -0.1449895191712000098 ) ) ;
#2263 = CARTESIAN_POINT ( 'NONE',  ( 18.85050870952531810, 8.679515579562433913, -1.236955057097943511 ) ) ;
#2264 = FACE_OUTER_BOUND ( 'NONE', #6328, .T. ) ;
#2265 = DIRECTION ( 'NONE',  ( 0.000000000000000000, 0.000000000000000000, -1.000000000000000000 ) ) ;
#2266 = ORIENTED_EDGE ( 'NONE', *, *, #8154, .F. ) ;
#2267 = CARTESIAN_POINT ( 'NONE',  ( 19.86298427294375202, -6.001737178664590111, 1.633923059950979972 ) ) ;
#2268 = ADVANCED_FACE ( 'NONE', ( #8563 ), #6365, .F. ) ;
#2269 = CARTESIAN_POINT ( 'NONE',  ( 18.73641024713175796, -8.847331289239789953, 1.260113931202081705 ) ) ;
#2270 = CARTESIAN_POINT ( 'NONE',  ( 20.53852384009089604, -2.954917676594383646, 0.05531292795499330450 ) ) ;
#2271 = B_SPLINE_CURVE_WITH_KNOTS ( 'NONE', 3,
 ( #5212, #1152, #2544, #1122 ),
 .UNSPECIFIED., .F., .F.,
 ( 4, 4 ),
 ( 0.000000000000000000, 1.000000000000000000 ),
 .UNSPECIFIED. ) ;
#2272 = FACE_OUTER_BOUND ( 'NONE', #1065, .T. ) ;
#2273 = ORIENTED_EDGE ( 'NONE', *, *, #6839, .T. ) ;
#2274 = CARTESIAN_POINT ( 'NONE',  ( -21.54457490399719433, 1.243573063023611258, -0.8166693383293782693 ) ) ;
#2275 = CARTESIAN_POINT ( 'NONE',  ( 11.08044751066000089, 20.31941979333999981, -3.630625204434999809 ) ) ;
#2276 = CARTESIAN_POINT ( 'NONE',  ( 12.93543161749999904, -12.66332653845999978, -0.7641360014231000086 ) ) ;
#2277 = CARTESIAN_POINT ( 'NONE',  ( -18.90778920862566537, 2.674706708605871786, -0.7115993053642625243 ) ) ;
#2278 = EDGE_CURVE ( 'NONE', #3362, #7399, #2769, .T. ) ;
#2279 = EDGE_CURVE ( 'NONE', #2725, #6046, #2730, .T. ) ;
#2280 = CARTESIAN_POINT ( 'NONE',  ( -10.02830451188213345, 20.77936275211020245, 0.3307089784860001158 ) ) ;
#2281 = CARTESIAN_POINT ( 'NONE',  ( 12.04598717472999958, 12.22508740330999899, -2.065550274435000055 ) ) ;
#2282 = ORIENTED_EDGE ( 'NONE', *, *, #1527, .F. ) ;
#2283 = CARTESIAN_POINT ( 'NONE',  ( 20.60892899816858304, 2.416733693281893913, -0.07226656428392062848 ) ) ;
#2284 = CARTESIAN_POINT ( 'NONE',  ( 17.99991456012002189, 1.929366633139120045E-14, 5.710772084629346601 ) ) ;
#2285 = CARTESIAN_POINT ( 'NONE',  ( 19.77080199266000093, -7.918031167195000108, 1.810740459750000086 ) ) ;
#2286 = CARTESIAN_POINT ( 'NONE',  ( -10.25704845677999977, 20.55916471467000051, -3.764596369186000047 ) ) ;
#2287 = CARTESIAN_POINT ( 'NONE',  ( -10.31913677735424351, 21.21056539550020759, -0.02425548741324452112 ) ) ;
#2288 = CARTESIAN_POINT ( 'NONE',  ( 19.95975967803000017, -7.469393860363999771, -0.9591979141162000344 ) ) ;
#2289 = FACE_OUTER_BOUND ( 'NONE', #6497, .T. ) ;
#2290 = VERTEX_POINT ( 'NONE', #8675 ) ;
#2291 = CARTESIAN_POINT ( 'NONE',  ( 15.62018501776142720, -8.656040178681688957, -1.687126026924866018 ) ) ;
#2292 = CARTESIAN_POINT ( 'NONE',  ( -11.97776206319999837, 18.02486437754000193, -3.004337273415000009 ) ) ;
#2293 = AXIS2_PLACEMENT_3D ( 'NONE', #1000, #1664, #6395 ) ;
#2294 = CARTESIAN_POINT ( 'NONE',  ( 18.39632327694581093, 9.598843829680948403, 1.853685253762354268 ) ) ;
#2295 = CARTESIAN_POINT ( 'NONE',  ( 11.93863281331129933, -19.91139406426555070, -3.538233549208344986 ) ) ;
#2296 = CARTESIAN_POINT ( 'NONE',  ( -17.77389288152927094, -8.240369567358529324, -0.1828668943211940734 ) ) ;
#2297 = CARTESIAN_POINT ( 'NONE',  ( -9.910538454117620688, -14.05042365475923916, -2.065365822652360350 ) ) ;
#2298 = CARTESIAN_POINT ( 'NONE',  ( 20.29995110984000206, -0.9249983539256000364, 1.803693845750999891 ) ) ;
#2299 = DIRECTION ( 'NONE',  ( 0.000000000000000000, -1.000000000000000000, 0.000000000000000000 ) ) ;
#2300 = ORIENTED_EDGE ( 'NONE', *, *, #5388, .T. ) ;
#2301 = CARTESIAN_POINT ( 'NONE',  ( 19.47308531517807850, -7.201451641367708767, 1.884208343754051995 ) ) ;
#2302 = CARTESIAN_POINT ( 'NONE',  ( -12.98829327672999945, 16.14245011414000075, 1.643101165208999959 ) ) ;
#2303 = VERTEX_POINT ( 'NONE', #8733 ) ;
#2304 = CARTESIAN_POINT ( 'NONE',  ( -17.07304465008418148, 2.067113437921705987, -2.066306154244998528 ) ) ;
#2305 = CARTESIAN_POINT ( 'NONE',  ( 11.17267611990999931, 18.79478599540999895, -3.345308961295000216 ) ) ;
#2306 = CARTESIAN_POINT ( 'NONE',  ( -12.81350237955633098, -15.28606546493012885, 0.2462637541758828097 ) ) ;
#2307 = EDGE_LOOP ( 'NONE', ( #6523, #1184, #3064, #8443 ) ) ;
#2308 = CARTESIAN_POINT ( 'NONE',  ( 18.89648817361999988, 9.814861714481999400, -1.163399528510999925 ) ) ;
#2309 = ORIENTED_EDGE ( 'NONE', *, *, #2811, .T. ) ;
#2310 = B_SPLINE_CURVE_WITH_KNOTS ( 'NONE', 3,
 ( #4237, #5603, #6343, #4330 ),
 .UNSPECIFIED., .F., .F.,
 ( 4, 4 ),
 ( 0.000000000000000000, 1.000000000000000000 ),
 .UNSPECIFIED. ) ;
#2311 = PRESENTATION_LAYER_ASSIGNMENT (  '', '', ( #6214 ) ) ;
#2312 = ORIENTED_EDGE ( 'NONE', *, *, #8044, .F. ) ;
#2313 = CARTESIAN_POINT ( 'NONE',  ( 20.59337426324383458, 2.551898643710099446, -0.9196795083588682473 ) ) ;
#2314 = CARTESIAN_POINT ( 'NONE',  ( -19.69021667068589210, -6.685974909712094849, 4.202389014246000087 ) ) ;
#2315 = CARTESIAN_POINT ( 'NONE',  ( -11.99892676508139999, 12.38332379160623731, -2.066306154244998528 ) ) ;
#2316 = CARTESIAN_POINT ( 'NONE',  ( 21.56676403737999692, 0.9006549956480000008, 1.486896837704000163 ) ) ;
#2317 = VERTEX_POINT ( 'NONE', #6619 ) ;
#2318 = CARTESIAN_POINT ( 'NONE',  ( 19.93528759336999912, -8.025438661076000457, -0.9479079372524999991 ) ) ;
#2319 = ORIENTED_EDGE ( 'NONE', *, *, #2452, .T. ) ;
#2320 = CARTESIAN_POINT ( 'NONE',  ( 20.62499999999962697, -2.013281666494783789E-09, 3.508693845755001206 ) ) ;
#2321 = EDGE_CURVE ( 'NONE', #3442, #6697, #7297, .T. ) ;
#2322 = CARTESIAN_POINT ( 'NONE',  ( 20.62499999999962697, -2.013281666494783789E-09, 3.508693845755001206 ) ) ;
#2323 = CARTESIAN_POINT ( 'NONE',  ( 2.735466190207000103, 12.34999999999999964, -1.487590579974951366 ) ) ;
#2324 = ORIENTED_EDGE ( 'NONE', *, *, #8546, .T. ) ;
#2325 = CARTESIAN_POINT ( 'NONE',  ( 19.69393555780247951, -6.529837294086002331, 0.3236458873653511037 ) ) ;
#2326 = AXIS2_PLACEMENT_3D ( 'NONE', #7127, #4420, #1674 ) ;
#2327 = CARTESIAN_POINT ( 'NONE',  ( -11.82796350477999958, 23.24614291771999675, 0.1639268737812999976 ) ) ;
#2328 = CARTESIAN_POINT ( 'NONE',  ( 20.22707749383999953, -6.778438485712000805, 0.3236458874384999795 ) ) ;
#2329 = ORIENTED_EDGE ( 'NONE', *, *, #112, .T. ) ;
#2330 = CARTESIAN_POINT ( 'NONE',  ( 20.62968517580948813, -2.216782076009382152, -0.4247709537781035882 ) ) ;
#2331 = CARTESIAN_POINT ( 'NONE',  ( 0.000000000000000000, 10.91529632374168024, -1.478875005695142075 ) ) ;
#2332 = EDGE_CURVE ( 'NONE', #3017, #7224, #60, .T. ) ;
#2333 = DIRECTION ( 'NONE',  ( 0.000000000000000000, 0.000000000000000000, -1.000000000000000000 ) ) ;
#2334 = EDGE_CURVE ( 'NONE', #3666, #4395, #6014, .T. ) ;
#2335 = CARTESIAN_POINT ( 'NONE',  ( -4.138477165733999819, 14.92847716572999950, -1.496306154245000020 ) ) ;
#2336 = CARTESIAN_POINT ( 'NONE',  ( 10.25747447744999974, 20.68487836685999781, -3.723432768118999814 ) ) ;
#2337 = EDGE_LOOP ( 'NONE', ( #4069, #1308, #8692, #1687, #6037 ) ) ;
#2338 = CARTESIAN_POINT ( 'NONE',  ( 12.94257657594000044, -14.40686399842000043, 0.4946509322814000020 ) ) ;
#2339 = CARTESIAN_POINT ( 'NONE',  ( -18.60453891284153016, 2.453476532944700139, -1.012219510821980917 ) ) ;
#2340 = VECTOR ( 'NONE', #3417, 1000.000000000000000 ) ;
#2341 = CARTESIAN_POINT ( 'NONE',  ( 21.27860084289000042, -0.9618274986477000077, 1.803694051941000076 ) ) ;
#2342 = CARTESIAN_POINT ( 'NONE',  ( 19.83553216957999865, 8.263784950966000409, 1.594592199478999994 ) ) ;
#2343 = CARTESIAN_POINT ( 'NONE',  ( -18.65078393021799386, -9.195387529634974300, 3.383693845753999785 ) ) ;
#2344 = ORIENTED_EDGE ( 'NONE', *, *, #3639, .T. ) ;
#2345 = EDGE_CURVE ( 'NONE', #8369, #5674, #3397, .T. ) ;
#2346 = VECTOR ( 'NONE', #6941, 1000.000000000000114 ) ;
#2347 = CARTESIAN_POINT ( 'NONE',  ( 20.33714384622999916, -6.972083883547999683, 0.3159995001648999713 ) ) ;
#2348 = EDGE_CURVE ( 'NONE', #8053, #6942, #6736, .T. ) ;
#2349 = CARTESIAN_POINT ( 'NONE',  ( -21.27986591843999875, -0.9250002213522000583, -1.156306218934999963 ) ) ;
#2350 = CARTESIAN_POINT ( 'NONE',  ( -4.495734977061997206, 12.35000000000000142, -1.566306154244998750 ) ) ;
#2351 = CARTESIAN_POINT ( 'NONE',  ( -20.75000000000090239, -1.358084324208148841, 4.523749079003891005 ) ) ;
#2352 = CARTESIAN_POINT ( 'NONE',  ( 15.60229343129905288, -9.411862919415847628, -1.442165322595347243 ) ) ;
#2353 = CARTESIAN_POINT ( 'NONE',  ( -11.82796350477999958, 21.13745533754000050, -3.245787407593000218 ) ) ;
#2354 = VERTEX_POINT ( 'NONE', #3424 ) ;
#2355 = FACE_OUTER_BOUND ( 'NONE', #833, .T. ) ;
#2356 = CARTESIAN_POINT ( 'NONE',  ( 20.72783842756054185, -0.9249972981454316345, 1.803697640704318150 ) ) ;
#2357 = CARTESIAN_POINT ( 'NONE',  ( 11.99899674790083104, -12.38373979091561239, -2.066306154244998528 ) ) ;
#2358 = CARTESIAN_POINT ( 'NONE',  ( 20.78989926753000361, 0.9250000000000000444, 0.3236938457535999958 ) ) ;
#2359 = ADVANCED_FACE ( 'NONE', ( #1385 ), #4038, .T. ) ;
#2360 = CARTESIAN_POINT ( 'NONE',  ( 18.89517309965000180, 9.831579109901998237, 1.803693852574999923 ) ) ;
#2361 = CARTESIAN_POINT ( 'NONE',  ( 20.57412974630939573, -2.697844754570095205, -0.7011674371642853121 ) ) ;
#2362 = CARTESIAN_POINT ( 'NONE',  ( 11.92258927128000146, -18.45791343794999761, -3.202782872346999987 ) ) ;
#2363 = DIRECTION ( 'NONE',  ( 0.000000000000000000, 0.000000000000000000, -1.000000000000000000 ) ) ;
#2364 = CARTESIAN_POINT ( 'NONE',  ( -17.99991456012002189, -1.929366633139120045E-14, 5.710772084629346601 ) ) ;
#2365 = ORIENTED_EDGE ( 'NONE', *, *, #8427, .F. ) ;
#2366 = CARTESIAN_POINT ( 'NONE',  ( 12.92111821736576083, 16.23596230641659943, 1.633702142078530040 ) ) ;
#2367 = CARTESIAN_POINT ( 'NONE',  ( -21.19957860810999861, -2.369154770624000150, -0.006320969001332000549 ) ) ;
#2368 = CARTESIAN_POINT ( 'NONE',  ( 12.13434767985088669, -18.32519509116187351, -3.145660372372616642 ) ) ;
#2369 = CARTESIAN_POINT ( 'NONE',  ( 21.27448811941999907, 0.8938104612367999691, 1.810549209590000208 ) ) ;
#2370 = CARTESIAN_POINT ( 'NONE',  ( 17.36537606330373862, 11.35809025232840774, 1.197008639907933381 ) ) ;
#2371 = CARTESIAN_POINT ( 'NONE',  ( 11.93853199940901888, 19.91177410060315012, -3.538182448970395022 ) ) ;
#2372 = CARTESIAN_POINT ( 'NONE',  ( 20.32533069124911407, 2.955000000000000071, 1.171660073349682030 ) ) ;
#2373 = CARTESIAN_POINT ( 'NONE',  ( 20.75000000000000000, -1.095281579767929791E-13, -1.706306345687000015 ) ) ;
#2374 = FACE_OUTER_BOUND ( 'NONE', #4340, .T. ) ;
#2375 = ORIENTED_EDGE ( 'NONE', *, *, #3089, .T. ) ;
#2376 = CARTESIAN_POINT ( 'NONE',  ( -20.75000000000000000, 1.324781162739653962E-15, -1.706306342914500007 ) ) ;
#2377 = B_SPLINE_CURVE_WITH_KNOTS ( 'NONE', 3,
 ( #509, #7228, #540, #5894 ),
 .UNSPECIFIED., .F., .F.,
 ( 4, 4 ),
 ( 0.000000000000000000, 1.000000000000000000 ),
 .UNSPECIFIED. ) ;
#2378 = CARTESIAN_POINT ( 'NONE',  ( 17.88388552904326545, 2.356154175500538628, 5.710772084629347489 ) ) ;
#2379 = CARTESIAN_POINT ( 'NONE',  ( 18.03381877817230006, 10.28800142475187762, -1.237059620465496446 ) ) ;
#2380 = CARTESIAN_POINT ( 'NONE',  ( 0.000000000000000000, 0.000000000000000000, 3.868041429999999892 ) ) ;
#2381 = FACE_BOUND ( 'NONE', #1138, .T. ) ;
#2382 = EDGE_LOOP ( 'NONE', ( #8601, #4135, #6775, #2344 ) ) ;
#2383 = EDGE_CURVE ( 'NONE', #428, #4937, #3455, .T. ) ;
#2384 = PLANE ( 'NONE',  #1126 ) ;
#2385 = CARTESIAN_POINT ( 'NONE',  ( 17.17219669246161828, 11.26800857557703850, 1.171592442042100890 ) ) ;
#2386 = CARTESIAN_POINT ( 'NONE',  ( -11.73000467946999947, -20.69930337884000338, 0.007556598619106999482 ) ) ;
#2387 = CARTESIAN_POINT ( 'NONE',  ( 11.90709088847000174, -18.58267867585000133, -3.259934779271000060 ) ) ;
#2388 = CARTESIAN_POINT ( 'NONE',  ( 10.00193422674999866, 20.41499467603999562, -3.853754258538000244 ) ) ;
#2389 = FACE_OUTER_BOUND ( 'NONE', #2909, .T. ) ;
#2390 = ORIENTED_EDGE ( 'NONE', *, *, #4756, .F. ) ;
#2391 = CARTESIAN_POINT ( 'NONE',  ( 21.49767429002385910, 1.885774659421883825, 1.041496835400599785 ) ) ;
#2392 = EDGE_CURVE ( 'NONE', #1541, #7885, #7406, .T. ) ;
#2393 = EDGE_CURVE ( 'NONE', #2817, #2546, #7939, .T. ) ;
#2394 = ADVANCED_FACE ( 'NONE', ( #8041 ), #1178, .T. ) ;
#2395 = CARTESIAN_POINT ( 'NONE',  ( -18.65078392733115820, 9.195387535466888806, 3.383693845754000229 ) ) ;
#2396 = CARTESIAN_POINT ( 'NONE',  ( -21.19674003140000451, -2.405006333617000003, 0.2867887369513000273 ) ) ;
#2397 = CARTESIAN_POINT ( 'NONE',  ( 12.14129486161630034, -18.27495051180774510, -3.123236774112013947 ) ) ;
#2398 = CARTESIAN_POINT ( 'NONE',  ( -10.39887649052164065, -18.00750567865301122, 3.383693845753999785 ) ) ;
#2399 = VECTOR ( 'NONE', #7961, 1000.000000000000114 ) ;
#2400 = ORIENTED_EDGE ( 'NONE', *, *, #5499, .T. ) ;
#2401 = CARTESIAN_POINT ( 'NONE',  ( -12.52865568040548183, -15.16619980658026989, -2.243190113722840273 ) ) ;
#2402 = CARTESIAN_POINT ( 'NONE',  ( -20.07793977665999918, -1.229999999999999982, -1.156306154246000029 ) ) ;
#2403 = CARTESIAN_POINT ( 'NONE',  ( -10.03344034018140896, 21.07359415831776062, -3.613278383540074579 ) ) ;
#2404 = FACE_OUTER_BOUND ( 'NONE', #955, .T. ) ;
#2405 = CARTESIAN_POINT ( 'NONE',  ( 11.50227459857000056, 17.27033670904000218, 1.645311033133000089 ) ) ;
#2406 = CARTESIAN_POINT ( 'NONE',  ( 14.38703301062040651, 13.94504449246519151, 0.3896865044297980751 ) ) ;
#2407 = PLANE ( 'NONE',  #6798 ) ;
#2408 = EDGE_LOOP ( 'NONE', ( #732, #5751, #1450, #3283, #5232, #3878 ) ) ;
#2409 = AXIS2_PLACEMENT_3D ( 'NONE', #5403, #703, #6049 ) ;
#2410 = CARTESIAN_POINT ( 'NONE',  ( 10.03337596223482642, 21.06990594796000238, -2.068331160266999813 ) ) ;
#2411 = CARTESIAN_POINT ( 'NONE',  ( 5.545734977061997029, 12.34999999999999964, -1.566306154244998750 ) ) ;
#2412 = CARTESIAN_POINT ( 'NONE',  ( -9.974813546968194444, 17.71486742459761743, 0.8137819528139170755 ) ) ;
#2413 = CARTESIAN_POINT ( 'NONE',  ( 18.03373503078440265, 10.28816211100909683, 1.884249799149131155 ) ) ;
#2414 = CARTESIAN_POINT ( 'NONE',  ( 17.89902178477855088, 10.49997346311765867, -1.448051727448081527 ) ) ;
#2415 = VERTEX_POINT ( 'NONE', #1595 ) ;
#2416 = ORIENTED_EDGE ( 'NONE', *, *, #569, .F. ) ;
#2417 = CARTESIAN_POINT ( 'NONE',  ( 19.75984638167376062, -6.451025740705246037, 1.884125877940040494 ) ) ;
#2418 = CARTESIAN_POINT ( 'NONE',  ( -10.40131084487000024, 17.93569458335000277, 1.646301150360000021 ) ) ;
#2419 = CARTESIAN_POINT ( 'NONE',  ( -17.00321954534969748, 2.578663646086001293, -2.066306154244998972 ) ) ;
#2420 = CARTESIAN_POINT ( 'NONE',  ( -11.04247352077999977, -21.53377803375999733, -2.754786240745999759 ) ) ;
#2421 = ORIENTED_EDGE ( 'NONE', *, *, #2923, .F. ) ;
#2422 = CARTESIAN_POINT ( 'NONE',  ( 11.96910816712000170, -19.77938844779999883, -3.546494503657000141 ) ) ;
#2423 = DIRECTION ( 'NONE',  ( 0.000000000000000000, 0.000000000000000000, 1.000000000000000000 ) ) ;
#2424 = CARTESIAN_POINT ( 'NONE',  ( 21.55958324560999628, 0.9371524069582999328, 1.493693845708000012 ) ) ;
#2425 = ORIENTED_EDGE ( 'NONE', *, *, #5510, .F. ) ;
#2426 = CARTESIAN_POINT ( 'NONE',  ( -12.68261772211574545, 13.71231503826738063, -2.082454642234946807 ) ) ;
#2427 = CARTESIAN_POINT ( 'NONE',  ( 21.27584201202000003, -1.035534710539999903, 1.800943534856999984 ) ) ;
#2428 = CARTESIAN_POINT ( 'NONE',  ( -21.25169861831000162, 1.569393693592999961, 1.657576544757999981 ) ) ;
#2429 = CARTESIAN_POINT ( 'NONE',  ( -16.49848323239506698, -12.65728817963085540, 3.383693845754000229 ) ) ;
#2430 = VERTEX_POINT ( 'NONE', #899 ) ;
#2431 = CARTESIAN_POINT ( 'NONE',  ( 18.65078392877347468, -9.195387532564867072, 3.383693845753999785 ) ) ;
#2432 = CARTESIAN_POINT ( 'NONE',  ( 1.187146660667790017E-16, -20.75000000000000000, 4.202389014246000087 ) ) ;
#2433 = CARTESIAN_POINT ( 'NONE',  ( -10.03529680778697575, 21.17995111620939497, -3.544730077423144721 ) ) ;
#2434 = CARTESIAN_POINT ( 'NONE',  ( 12.83869695175611270, 15.70435529130128494, 0.7349355793485002897 ) ) ;
#2435 = ORIENTED_EDGE ( 'NONE', *, *, #4034, .T. ) ;
#2436 = CARTESIAN_POINT ( 'NONE',  ( 14.36894992525568071, 13.74146043549078833, 0.1772056484594448367 ) ) ;
#2437 = CARTESIAN_POINT ( 'NONE',  ( -21.47508439596999708, 2.172958582526999916, 0.3166955165223999669 ) ) ;
#2438 = CARTESIAN_POINT ( 'NONE',  ( 21.46952623275000249, -0.8932409771429999923, -0.9472287252572999527 ) ) ;
#2439 = B_SPLINE_CURVE_WITH_KNOTS ( 'NONE', 3,
 ( #7205, #7892, #1632, #3845 ),
 .UNSPECIFIED., .F., .F.,
 ( 4, 4 ),
 ( 0.000000000000000000, 1.000000000000000000 ),
 .UNSPECIFIED. ) ;
#2440 = CARTESIAN_POINT ( 'NONE',  ( 10.00121424485208976, -19.22736239338148323, -3.517848699849207339 ) ) ;
#2441 = CARTESIAN_POINT ( 'NONE',  ( -9.983114246104920042, 18.19064690975329768, 1.633711975696015006 ) ) ;
#2442 = CARTESIAN_POINT ( 'NONE',  ( 10.39887648863376413, -18.00750567973914329, 4.523749079003892781 ) ) ;
#2443 = DIRECTION ( 'NONE',  ( 0.000000000000000000, 0.000000000000000000, -1.000000000000000000 ) ) ;
#2444 = ADVANCED_FACE ( 'NONE', ( #6463, #8355 ), #5620, .T. ) ;
#2445 = CYLINDRICAL_SURFACE ( 'NONE', #5415, 0.5000000000000004441 ) ;
#2446 = ORIENTED_EDGE ( 'NONE', *, *, #2954, .F. ) ;
#2447 = FACE_OUTER_BOUND ( 'NONE', #4091, .T. ) ;
#2448 = EDGE_CURVE ( 'NONE', #4193, #2889, #6130, .T. ) ;
#2449 = DIRECTION ( 'NONE',  ( 0.000000000000000000, 0.000000000000000000, -1.000000000000000000 ) ) ;
#2450 = CARTESIAN_POINT ( 'NONE',  ( -20.04378772243345708, -5.524187121412311718, 1.633734447273558876 ) ) ;
#2451 = EDGE_CURVE ( 'NONE', #1292, #5250, #1979, .T. ) ;
#2452 = EDGE_CURVE ( 'NONE', #3021, #5035, #1921, .T. ) ;
#2453 = CARTESIAN_POINT ( 'NONE',  ( -10.63830786989999844, -20.45925561326000164, -3.695109002439999735 ) ) ;
#2454 = CARTESIAN_POINT ( 'NONE',  ( 19.93566505096999819, -8.262148351110999656, -0.8463541020206000187 ) ) ;
#2455 = CARTESIAN_POINT ( 'NONE',  ( -17.88388552904327611, 2.356154175500508874, 5.710772084629348377 ) ) ;
#2456 = CARTESIAN_POINT ( 'NONE',  ( 21.54459665547435776, 1.243057189798364659, -0.8166061887477996661 ) ) ;
#2457 = ORIENTED_EDGE ( 'NONE', *, *, #4252, .T. ) ;
#2458 = FACE_OUTER_BOUND ( 'NONE', #6803, .T. ) ;
#2459 = CARTESIAN_POINT ( 'NONE',  ( -21.25154500338000219, 1.567713456748000000, -1.011004588427000028 ) ) ;
#2460 = CARTESIAN_POINT ( 'NONE',  ( 18.26583096697000030, -11.01090989883999960, -0.3188608268262000389 ) ) ;
#2461 = CARTESIAN_POINT ( 'NONE',  ( -21.22430710397999931, 2.012067018230000226, 1.330076594896999920 ) ) ;
#2462 = CARTESIAN_POINT ( 'NONE',  ( 18.64274580587598251, -10.86954133340824136, 0.9145239155968036826 ) ) ;
#2463 = CARTESIAN_POINT ( 'NONE',  ( 10.39887648769279771, -18.00750568028660226, 3.383693845753999785 ) ) ;
#2464 = ORIENTED_EDGE ( 'NONE', *, *, #7312, .T. ) ;
#2465 = PLANE ( 'NONE',  #4774 ) ;
#2466 = CARTESIAN_POINT ( 'NONE',  ( -10.04366191829111088, 21.65918797602843071, -0.3453157399656289761 ) ) ;
#2467 = B_SPLINE_CURVE_WITH_KNOTS ( 'NONE', 3,
 ( #1162, #8615, #3791, #1081 ),
 .UNSPECIFIED., .F., .F.,
 ( 4, 4 ),
 ( 5.823406435726525262E-16, 0.001519336895153007745 ),
 .UNSPECIFIED. ) ;
#2468 = B_SPLINE_CURVE_WITH_KNOTS ( 'NONE', 3,
 ( #2951, #252, #1364, #4984, #188, #875, #1603, #8471, #6425, #5156 ),
 .UNSPECIFIED., .F., .F.,
 ( 4, 2, 2, 2, 4 ),
 ( 0.000000000000000000, 0.2500000000000000000, 0.5000000000000000000, 0.7500000000000000000, 1.000000000000000000 ),
 .UNSPECIFIED. ) ;
#2469 = CARTESIAN_POINT ( 'NONE',  ( -13.57381030940963029, 10.59835732208620662, -2.066306154244998528 ) ) ;
#2470 = CARTESIAN_POINT ( 'NONE',  ( -21.28139924010999806, 2.379081498137000317, 0.3153993779410000364 ) ) ;
#2471 = CARTESIAN_POINT ( 'NONE',  ( -10.01592089730193003, 20.06990594796000238, -2.068331160266999813 ) ) ;
#2472 = CARTESIAN_POINT ( 'NONE',  ( 18.21333377799782482, 9.939623083692920247, 1.765688318212374819 ) ) ;
#2473 = CARTESIAN_POINT ( 'NONE',  ( -12.85155210005185289, 15.77989018570998070, 0.8733067171032835585 ) ) ;
#2474 = ORIENTED_EDGE ( 'NONE', *, *, #5755, .T. ) ;
#2475 = CARTESIAN_POINT ( 'NONE',  ( -18.10621399238734597, 1.914878913956015172, -1.452527287964874736 ) ) ;
#2476 = CARTESIAN_POINT ( 'NONE',  ( -20.68123592516245424, -1.698373639132340962, 1.659337110638309465 ) ) ;
#2477 = CARTESIAN_POINT ( 'NONE',  ( -18.64967105198096675, -9.190203439927479678, 1.633731559951300705 ) ) ;
#2478 = FACE_OUTER_BOUND ( 'NONE', #4838, .T. ) ;
#2479 = AXIS2_PLACEMENT_3D ( 'NONE', #7999, #1294, #8751 ) ;
#2480 = VERTEX_POINT ( 'NONE', #1044 ) ;
#2481 = CARTESIAN_POINT ( 'NONE',  ( -10.69275274525000086, -21.56571770845999936, -0.4175263470403999810 ) ) ;
#2482 = CARTESIAN_POINT ( 'NONE',  ( 10.67613242737999890, -19.12934559865000139, -3.498968279915999791 ) ) ;
#2483 = CARTESIAN_POINT ( 'NONE',  ( -20.60904962013806951, 2.405000011470307175, 0.3236938754526818007 ) ) ;
#2484 = CARTESIAN_POINT ( 'NONE',  ( -15.62089463499596853, -9.020669316464609011, 5.710772084629347489 ) ) ;
#2485 = EDGE_CURVE ( 'NONE', #5385, #7042, #2610, .T. ) ;
#2486 = FACE_OUTER_BOUND ( 'NONE', #6185, .T. ) ;
#2487 = CARTESIAN_POINT ( 'NONE',  ( 14.26070825749844140, 13.64119245517265533, -0.01173766503657684007 ) ) ;
#2488 = CARTESIAN_POINT ( 'NONE',  ( 20.15744139677000035, 6.962922211691999763, 1.063621740575999786 ) ) ;
#2489 = EDGE_LOOP ( 'NONE', ( #6435, #8516, #3123, #4743, #4661 ) ) ;
#2490 = CARTESIAN_POINT ( 'NONE',  ( 18.87846496207000158, -9.864460241927998752, 1.803646104090999902 ) ) ;
#2491 = CARTESIAN_POINT ( 'NONE',  ( -12.05479324534920771, 21.12490956348631599, -0.4354023536320210663 ) ) ;
#2492 = CARTESIAN_POINT ( 'NONE',  ( 20.75000000000000000, -1.358084324276002119, 3.383693845753999341 ) ) ;
#2493 = CARTESIAN_POINT ( 'NONE',  ( -10.04289151901114430, 21.61505183083884063, -0.2953580757697137904 ) ) ;
#2494 = ORIENTED_EDGE ( 'NONE', *, *, #2980, .F. ) ;
#2495 = CARTESIAN_POINT ( 'NONE',  ( -21.27458317410999911, 0.8938601929507000721, -1.163156547887999936 ) ) ;
#2496 = DIRECTION ( 'NONE',  ( -9.058742547244837111E-16, 1.000000000000000000, -4.106629954750993297E-14 ) ) ;
#2497 = CARTESIAN_POINT ( 'NONE',  ( 17.96727860493255235, 1.682935294898896927, -1.564776565545014320 ) ) ;
#2498 = CARTESIAN_POINT ( 'NONE',  ( 20.70841602024249184, 1.502273002096866428, 1.884614932060733272 ) ) ;
#2499 = CARTESIAN_POINT ( 'NONE',  ( 18.39412662999150783, 9.597942116931688972, 1.803695377369846975 ) ) ;
#2500 = CARTESIAN_POINT ( 'NONE',  ( -12.79991948242055422, 14.59128218098994090, -0.3865946719099615514 ) ) ;
#2501 = CARTESIAN_POINT ( 'NONE',  ( -11.64303009842596026, -20.04947273709743527, -3.570354318545696959 ) ) ;
#2502 = CARTESIAN_POINT ( 'NONE',  ( -4.495734977061997206, 12.35000000000000142, -1.566306154244998750 ) ) ;
#2503 = EDGE_CURVE ( 'NONE', #4834, #511, #6569, .T. ) ;
#2504 = CYLINDRICAL_SURFACE ( 'NONE', #4853, 20.75000000000000000 ) ;
#2505 = DIRECTION ( 'NONE',  ( 1.000000000000000000, 0.000000000000000000, 0.000000000000000000 ) ) ;
#2506 = VERTEX_POINT ( 'NONE', #5269 ) ;
#2507 = CARTESIAN_POINT ( 'NONE',  ( -20.70858991972513508, -1.323685164248269874, -1.167461175446368404 ) ) ;
#2508 = CARTESIAN_POINT ( 'NONE',  ( 10.74977378890000068, -18.99747844894000082, -3.432411252160000092 ) ) ;
#2509 = B_SPLINE_SURFACE_WITH_KNOTS ( 'NONE', 5, 5, ( 
 ( #3262, #4656, #606, #5874, #3935, #8647 ),
 ( #4623, #1244, #5985, #1922, #1806, #2498 ),
 ( #7207, #7894, #3848, #8561, #4734, #2760 ),
 ( #3426, #1276, #8150, #4107, #7465, #7436 ),
 ( #636, #4789, #3340, #5397, #2701, #2066 ),
 ( #5367, #6709, #61, #4762, #8094, #692 ) ),
 .UNSPECIFIED., .F., .F., .F.,
 ( 6, 6 ),
 ( 6, 6 ),
 ( -2.504097448418828087, 2.504116579824141375 ),
 ( -1.560795775647690675, 1.560712372588872965 ),
 .UNSPECIFIED. ) ;
#2510 = CARTESIAN_POINT ( 'NONE',  ( -11.04373659804999974, -21.29992928292000087, -3.068238428328999845 ) ) ;
#2511 = CARTESIAN_POINT ( 'NONE',  ( -10.04268807587622447, -21.60339658117727168, -0.2698129291308526412 ) ) ;
#2512 = CARTESIAN_POINT ( 'NONE',  ( 12.43137247006553281, 16.02906720222630099, -2.384742393765392876 ) ) ;
#2513 = CARTESIAN_POINT ( 'NONE',  ( 20.72952532936656667, 0.9252514524115981187, -1.206352983185925432 ) ) ;
#2514 = EDGE_LOOP ( 'NONE', ( #879, #3660, #1154, #519 ) ) ;
#2515 = EDGE_CURVE ( 'NONE', #1698, #2415, #8093, .T. ) ;
#2516 = ORIENTED_EDGE ( 'NONE', *, *, #55, .F. ) ;
#2517 = CARTESIAN_POINT ( 'NONE',  ( 18.50644283861000261, -10.57244958475000196, -0.8994888190386999272 ) ) ;
#2518 = B_SPLINE_CURVE_WITH_KNOTS ( 'NONE', 3,
 ( #3808, #4552, #4464, #7170 ),
 .UNSPECIFIED., .F., .F.,
 ( 4, 4 ),
 ( 0.000000000000000000, 1.000000000000000000 ),
 .UNSPECIFIED. ) ;
#2519 = VERTEX_POINT ( 'NONE', #7881 ) ;
#2520 = CARTESIAN_POINT ( 'NONE',  ( 11.99183363411000158, 21.42466290556999908, -0.8473906710608000159 ) ) ;
#2521 = ORIENTED_EDGE ( 'NONE', *, *, #5483, .F. ) ;
#2522 = CARTESIAN_POINT ( 'NONE',  ( 4.495734977061997206, 12.34999999999999964, -1.566306154244998750 ) ) ;
#2523 = CARTESIAN_POINT ( 'NONE',  ( -10.04941337373062638, 21.98868863747942015, -0.9114632314777145750 ) ) ;
#2524 = ORIENTED_EDGE ( 'NONE', *, *, #8596, .T. ) ;
#2525 = B_SPLINE_CURVE_WITH_KNOTS ( 'NONE', 3,
 ( #417, #500, #1315, #647, #1993, #1963, #2568, #7964 ),
 .UNSPECIFIED., .F., .F.,
 ( 4, 2, 2, 4 ),
 ( 0.000000000000000000, 0.002822995478703797540, 0.004234493218055692190, 0.005645990957407587274 ),
 .UNSPECIFIED. ) ;
#2526 = CARTESIAN_POINT ( 'NONE',  ( 21.20787644369999825, -2.259774064246999892, -0.3188128789767999960 ) ) ;
#2527 = CARTESIAN_POINT ( 'NONE',  ( -16.49848323081796408, -12.65728818168077652, 4.523749079003891893 ) ) ;
#2528 = ORIENTED_EDGE ( 'NONE', *, *, #3707, .F. ) ;
#2529 = CARTESIAN_POINT ( 'NONE',  ( -11.92963756889913007, -21.56576199495439283, -1.228029164416513108 ) ) ;
#2530 = CARTESIAN_POINT ( 'NONE',  ( 17.95621990589273764, 10.39556440476020782, 1.508672341810150641 ) ) ;
#2531 = CARTESIAN_POINT ( 'NONE',  ( 12.65728818168078362, -16.49848323081794987, 4.523749079003891893 ) ) ;
#2532 = CARTESIAN_POINT ( 'NONE',  ( 4.352907995633972682, 16.63205404307195678, -2.066306154244998528 ) ) ;
#2533 = ORIENTED_EDGE ( 'NONE', *, *, #6684, .F. ) ;
#2534 = CARTESIAN_POINT ( 'NONE',  ( 19.68192452747231869, 6.566257350510539048, -0.06302355661758632377 ) ) ;
#2535 = ORIENTED_EDGE ( 'NONE', *, *, #5835, .T. ) ;
#2536 = CARTESIAN_POINT ( 'NONE',  ( -20.60427279011871349, -2.454881423970868060, 0.5259924830006352803 ) ) ;
#2537 = CARTESIAN_POINT ( 'NONE',  ( 10.01729457178999994, -21.33962037322999805, -0.04671212304334999843 ) ) ;
#2538 = VERTEX_POINT ( 'NONE', #7426 ) ;
#2539 = CARTESIAN_POINT ( 'NONE',  ( -10.03939966029384756, -21.41500337863670822, -3.364023404807602979 ) ) ;
#2540 = CARTESIAN_POINT ( 'NONE',  ( 17.94589375669164610, 10.41701807885896613, 1.541359919666972056 ) ) ;
#2541 = CARTESIAN_POINT ( 'NONE',  ( 17.74435392361412411, -10.75655394001278964, -0.4484608367671439888 ) ) ;
#2542 = CARTESIAN_POINT ( 'NONE',  ( 14.04078868320892681, 13.61900631525891825, -0.2185552607827661309 ) ) ;
#2543 = CARTESIAN_POINT ( 'NONE',  ( 20.21402374724999973, 6.811680474440000133, 0.6528819684291000680 ) ) ;
#2544 = CARTESIAN_POINT ( 'NONE',  ( -17.81915947938977141, 0.6168437399526939258, -1.706337816419876807 ) ) ;
#2545 = CARTESIAN_POINT ( 'NONE',  ( 18.58165560513106129, -10.97365182920553295, 0.6255570755577304354 ) ) ;
#2546 = VERTEX_POINT ( 'NONE', #4045 ) ;
#2547 = LINE ( 'NONE', #5089, #5841 ) ;
#2548 = CARTESIAN_POINT ( 'NONE',  ( -17.56800679673031951, -7.383926058195959818, 0.08369384575499995427 ) ) ;
#2549 = CARTESIAN_POINT ( 'NONE',  ( -12.12715254472680115, -18.37746105957035070, -3.168951404274159778 ) ) ;
#2550 = CARTESIAN_POINT ( 'NONE',  ( -12.16332626746135936, -20.59462969788540221, -0.01560723530122649916 ) ) ;
#2551 = CARTESIAN_POINT ( 'NONE',  ( -21.39598858181000196, 2.088125209742000443, -0.3542895728967999647 ) ) ;
#2552 = ORIENTED_EDGE ( 'NONE', *, *, #6693, .T. ) ;
#2553 = CARTESIAN_POINT ( 'NONE',  ( 17.36542002712269905, -11.35802303600231689, 0.05533305341333603217 ) ) ;
#2554 = CARTESIAN_POINT ( 'NONE',  ( 18.31903598592999671, 10.91451043802999976, 1.156736095664999908 ) ) ;
#2555 = CARTESIAN_POINT ( 'NONE',  ( -11.79157857206000060, -15.49269683730999958, -2.289894084503000027 ) ) ;
#2556 = LINE ( 'NONE', #1625, #2346 ) ;
#2557 = CARTESIAN_POINT ( 'NONE',  ( -12.85620420007172982, 12.01615203353079586, -1.863994209758149223 ) ) ;
#2558 = CARTESIAN_POINT ( 'NONE',  ( 17.80324119370739666, 0.9249159382469460677, -1.706312762357374835 ) ) ;
#2559 = CARTESIAN_POINT ( 'NONE',  ( -18.01111007705604550, 1.755554500410184016, -1.529563120816299415 ) ) ;
#2560 = CARTESIAN_POINT ( 'NONE',  ( -15.25833789103321614, -7.984651260586860033, -2.066306154244998972 ) ) ;
#2561 = CARTESIAN_POINT ( 'NONE',  ( -20.66658230590565992, -1.864307652477706689, 1.548285745014868375 ) ) ;
#2562 = ORIENTED_EDGE ( 'NONE', *, *, #1032, .F. ) ;
#2563 = CARTESIAN_POINT ( 'NONE',  ( 11.19987252093000052, -20.56990594796000238, -2.068331160266999813 ) ) ;
#2564 = EDGE_CURVE ( 'NONE', #1532, #434, #981, .T. ) ;
#2565 = LINE ( 'NONE', #5253, #3212 ) ;
#2566 = EDGE_CURVE ( 'NONE', #2303, #6109, #6149, .T. ) ;
#2567 = CARTESIAN_POINT ( 'NONE',  ( -9.780593625855999562, -18.26893052713000287, 1.646712946347999917 ) ) ;
#2568 = CARTESIAN_POINT ( 'NONE',  ( 9.979294711594919320, -17.97159317411162149, 1.209099782496378728 ) ) ;
#2569 = CARTESIAN_POINT ( 'NONE',  ( 20.75000000000000000, 0.3085194461584100933, -1.206338451848000037 ) ) ;
#2570 = VERTEX_POINT ( 'NONE', #4580 ) ;
#2571 = PLANE ( 'NONE',  #733 ) ;
#2572 = DIRECTION ( 'NONE',  ( -0.6696538347444659367, -0.02911209910523854597, -0.7421025719519628305 ) ) ;
#2573 = CARTESIAN_POINT ( 'NONE',  ( 21.55641467039999881, 1.138256437858999881, -0.8400895748433999666 ) ) ;
#2574 = CARTESIAN_POINT ( 'NONE',  ( 11.97156639847000115, 19.84964831628999704, -3.537864583134999741 ) ) ;
#2575 = AXIS2_PLACEMENT_3D ( 'NONE', #4417, #1168, #241 ) ;
#2576 = CARTESIAN_POINT ( 'NONE',  ( 16.52596241860389981, 6.685878940905900514, -1.706361773817909988 ) ) ;
#2577 = CARTESIAN_POINT ( 'NONE',  ( -1.300000000000000044, 12.34999999999999964, -1.296306154244999842 ) ) ;
#2578 = VERTEX_POINT ( 'NONE', #8753 ) ;
#2579 = B_SPLINE_CURVE_WITH_KNOTS ( 'NONE', 3,
 ( #3016, #5052, #3599, #7068, #7632, #6316 ),
 .UNSPECIFIED., .F., .F.,
 ( 4, 2, 4 ),
 ( 0.000000000000000000, 0.0007506471927778561896, 0.001501294385555712379 ),
 .UNSPECIFIED. ) ;
#2580 = CARTESIAN_POINT ( 'NONE',  ( -11.47704170181999928, -18.63055128378000092, -3.274664955876000150 ) ) ;
#2581 = CARTESIAN_POINT ( 'NONE',  ( 21.46901762697999771, -0.9065372995359000097, -0.9476491107284999993 ) ) ;
#2582 = CARTESIAN_POINT ( 'NONE',  ( 18.89517309965000180, 9.831579109901998237, 1.803693852574999923 ) ) ;
#2583 = CARTESIAN_POINT ( 'NONE',  ( 9.942073899717817298, 15.83921428955055433, -2.250645440650818951 ) ) ;
#2584 = CARTESIAN_POINT ( 'NONE',  ( -17.81917754894237049, -0.6167986281912655189, -1.706306154247999807 ) ) ;
#2585 = CARTESIAN_POINT ( 'NONE',  ( 6.889877396632295259, 15.85061727222238481, -2.066306154244998972 ) ) ;
#2586 = DIRECTION ( 'NONE',  ( -1.000000000000000000, 0.000000000000000000, 0.000000000000000000 ) ) ;
#2587 = TOROIDAL_SURFACE ( 'NONE', #444, 13.70278120166000058, 7.746238289320999115 ) ;
#2588 = VERTEX_POINT ( 'NONE', #679 ) ;
#2589 = DIRECTION ( 'NONE',  ( 1.000000000000000000, 0.000000000000000000, 0.000000000000000000 ) ) ;
#2590 = DIRECTION ( 'NONE',  ( 1.000000000000000000, 0.000000000000000000, 0.000000000000000000 ) ) ;
#2591 = CARTESIAN_POINT ( 'NONE',  ( 10.03749910602851969, 21.30607164644560214, -0.02725726600457449925 ) ) ;
#2592 = CARTESIAN_POINT ( 'NONE',  ( 10.75444312778999922, -18.91142177955000037, -3.388844244972999853 ) ) ;
#2593 = AXIS2_PLACEMENT_3D ( 'NONE', #3147, #3060, #6529 ) ;
#2594 = CARTESIAN_POINT ( 'NONE',  ( -9.819073036326001258, -19.22616492749000017, 1.242728932334000058 ) ) ;
#2595 = CARTESIAN_POINT ( 'NONE',  ( 10.00286817499362080, -19.31473330077410111, -3.565986074861074773 ) ) ;
#2596 = CARTESIAN_POINT ( 'NONE',  ( -12.57102762666999851, -15.45162797599000015, -1.580737855278999904 ) ) ;
#2597 = VECTOR ( 'NONE', #8477, 1000.000000000000000 ) ;
#2598 = ORIENTED_EDGE ( 'NONE', *, *, #2850, .F. ) ;
#2599 = EDGE_CURVE ( 'NONE', #5019, #629, #5, .T. ) ;
#2600 = CARTESIAN_POINT ( 'NONE',  ( 20.72783556731357635, 0.9249961706080984669, -1.156309894423348750 ) ) ;
#2601 = CARTESIAN_POINT ( 'NONE',  ( -21.47532054481531816, -2.122694184541737084, 0.1695938718643172083 ) ) ;
#2602 = VECTOR ( 'NONE', #7661, 1000.000000000000114 ) ;
#2603 = VERTEX_POINT ( 'NONE', #1435 ) ;
#2604 = CARTESIAN_POINT ( 'NONE',  ( 11.43709982803999914, 21.15302449018999909, -3.066458808388000001 ) ) ;
#2605 = CARTESIAN_POINT ( 'NONE',  ( -11.90749238580267821, 20.26134339737077283, -3.471840243305904128 ) ) ;
#2606 = CARTESIAN_POINT ( 'NONE',  ( 10.02813962910347989, -20.76965849733570124, -3.754900568629930380 ) ) ;
#2607 = CONICAL_SURFACE ( 'NONE', #2941, 2.050000000000005151, 0.7853981633974548293 ) ;
#2608 = ORIENTED_EDGE ( 'NONE', *, *, #7822, .F. ) ;
#2609 = CARTESIAN_POINT ( 'NONE',  ( 21.24099419516000253, -1.692620725869000031, 1.676266682053999979 ) ) ;
#2610 = B_SPLINE_CURVE_WITH_KNOTS ( 'NONE', 3,
 ( #711, #7910, #1180, #7254, #3897, #1852, #8549, #8083, #3388, #5889, #6727, #5864, #471, #23, #1151, #2488, #1207, #5437, #1794, #2543, #1821, #6088, #1351, #3223 ),
 .UNSPECIFIED., .F., .F.,
 ( 4, 1, 1, 1, 1, 1, 1, 1, 1, 1, 1, 1, 1, 1, 1, 1, 1, 1, 1, 1, 1, 4 ),
 ( 0.000000000000000000, 0.04761904761904999644, 0.09523809523809999289, 0.1428571428570999946, 0.1904761904761999858, 0.2380952380951999736, 0.2857142857143000203, 0.3333333333333000081, 0.3809523809523999716, 0.4285714285713999594, 0.4761904761904999783, 0.5238095238095000772, 0.5714285714286000406, 0.6190476190476000840, 0.6666666666667000474, 0.7142857142856999797, 0.7619047619048000541, 0.8095238095237999865, 0.8571428571429000609, 0.9047619047618999932, 0.9523809523809999567, 1.000000000000000000 ),
 .UNSPECIFIED. ) ;
#2611 = CARTESIAN_POINT ( 'NONE',  ( 18.55110051299000062, 10.49006089873999947, 1.605734874993999917 ) ) ;
#2612 = CARTESIAN_POINT ( 'NONE',  ( 9.910045494192710080, 14.04777557890004047, -2.066184245846950152 ) ) ;
#2613 = DIRECTION ( 'NONE',  ( 1.000000000000000000, -0.000000000000000000, -0.000000000000000000 ) ) ;
#2614 = CARTESIAN_POINT ( 'NONE',  ( 4.889015070433999968E-05, -0.0002174092056680999873, 1.803693859559999835 ) ) ;
#2615 = ORIENTED_EDGE ( 'NONE', *, *, #6236, .F. ) ;
#2616 = CARTESIAN_POINT ( 'NONE',  ( -20.59550784973446724, -2.504095874327786131, 0.6360359194182744202 ) ) ;
#2617 = EDGE_CURVE ( 'NONE', #6813, #2578, #691, .T. ) ;
#2618 = CARTESIAN_POINT ( 'NONE',  ( -18.41060728064761420, -7.948155082671264360, 0.4138408247908348381 ) ) ;
#2619 = CARTESIAN_POINT ( 'NONE',  ( -17.09641446785293795, -2.069544686355214491, -2.066306154244998528 ) ) ;
#2620 = CARTESIAN_POINT ( 'NONE',  ( 17.91547284290999542, 7.333497465107000401, 0.3236937134549999762 ) ) ;
#2621 = ORIENTED_EDGE ( 'NONE', *, *, #8052, .T. ) ;
#2622 = CARTESIAN_POINT ( 'NONE',  ( 10.25702200406999864, -19.08945208049999920, -3.457705664200999784 ) ) ;
#2623 = CARTESIAN_POINT ( 'NONE',  ( -12.33394183329999905, -17.86027236881999869, 1.329429453316999910 ) ) ;
#2624 = ORIENTED_EDGE ( 'NONE', *, *, #4180, .T. ) ;
#2625 = CARTESIAN_POINT ( 'NONE',  ( -10.03415656521654853, -21.11462666283169654, -3.598940574825693961 ) ) ;
#2626 = CARTESIAN_POINT ( 'NONE',  ( -12.94255971197000221, -12.60871577362000018, -0.7482103325249999104 ) ) ;
#2627 = VERTEX_POINT ( 'NONE', #5553 ) ;
#2628 = AXIS2_PLACEMENT_3D ( 'NONE', #5039, #334, #4405 ) ;
#2629 = CARTESIAN_POINT ( 'NONE',  ( -20.71738526591869700, 1.193633014066338927, -1.706307534876901899 ) ) ;
#2630 = CARTESIAN_POINT ( 'NONE',  ( 19.86298427294375202, -6.001737178664590111, 1.633923059950979972 ) ) ;
#2631 = DIRECTION ( 'NONE',  ( 2.321955077837239995E-14, 1.424779488999676149E-13, -1.000000000000000000 ) ) ;
#2632 = VERTEX_POINT ( 'NONE', #2779 ) ;
#2633 = CARTESIAN_POINT ( 'NONE',  ( 19.92386264056000300, 7.559010650507999252, -1.010187818431999895 ) ) ;
#2634 = CARTESIAN_POINT ( 'NONE',  ( -11.88598220994814980, 20.52581196081182568, -3.369668581790853601 ) ) ;
#2635 = ORIENTED_EDGE ( 'NONE', *, *, #8154, .T. ) ;
#2636 = CARTESIAN_POINT ( 'NONE',  ( 15.66863273323999550, 8.505135681852499019, -1.706302171399680434 ) ) ;
#2637 = ADVANCED_FACE ( 'NONE', ( #7090 ), #7931, .T. ) ;
#2638 = B_SPLINE_CURVE_WITH_KNOTS ( 'NONE', 3,
 ( #4400, #3086, #3142, #5150, #2368, #3730, #8441, #2397, #358, #6476 ),
 .UNSPECIFIED., .F., .F.,
 ( 4, 3, 3, 4 ),
 ( 0.000000000000000000, 4.325358779881537292E-05, 8.650717033475028238E-05, 0.0001663742445509496979 ),
 .UNSPECIFIED. ) ;
#2639 = B_SPLINE_CURVE_WITH_KNOTS ( 'NONE', 3,
 ( #5790, #5760, #5701, #404, #7692, #5821, #2330, #1638, #1721, #6345, #7781, #3015, #3688, #8396, #317, #5051, #5084, #2356 ),
 .UNSPECIFIED., .F., .F.,
 ( 4, 2, 2, 2, 2, 2, 2, 2, 4 ),
 ( 0.000000000000000000, 0.1242637560078026782, 0.2485275120156053563, 0.3727912680234079512, 0.4970550240312106016, 0.6213187800390131965, 0.7455825360468156804, 0.8698462920546182753, 0.9941100480624207592 ),
 .UNSPECIFIED. ) ;
#2640 = ORIENTED_EDGE ( 'NONE', *, *, #125, .F. ) ;
#2641 = CARTESIAN_POINT ( 'NONE',  ( 21.27986598576000077, -0.9249999999661000505, -1.156306155109999789 ) ) ;
#2642 = CARTESIAN_POINT ( 'NONE',  ( 21.43519384226999946, -1.595310933186999902, 1.480223575080999998 ) ) ;
#2643 = APPLICATION_PROTOCOL_DEFINITION ( 'draft international standard', 'automotive_design', 1998, #6678 ) ;
#2644 = CARTESIAN_POINT ( 'NONE',  ( 17.66115605024862845, 10.88914872065851114, 0.5203131679324911607 ) ) ;
#2645 = CARTESIAN_POINT ( 'NONE',  ( -20.60636230662568025, 2.504016772147944714, -0.6129989117854115488 ) ) ;
#2646 = AXIS2_PLACEMENT_3D ( 'NONE', #2778, #4807, #1434 ) ;
#2647 = CARTESIAN_POINT ( 'NONE',  ( -18.34286451690509878, -8.218493450441309633, 0.4816512970305086849 ) ) ;
#2648 = CARTESIAN_POINT ( 'NONE',  ( 18.61440856384000142, 0.000000000000000000, 5.674802526090000576 ) ) ;
#2649 = ORIENTED_EDGE ( 'NONE', *, *, #4651, .T. ) ;
#2650 = CARTESIAN_POINT ( 'NONE',  ( 5.799854320452177525, -17.08058880648393085, 5.710772084629347489 ) ) ;
#2651 = CARTESIAN_POINT ( 'NONE',  ( 18.65078392898083948, 9.195387532136299669, 4.523749079003893669 ) ) ;
#2652 = EDGE_CURVE ( 'NONE', #8461, #3357, #4996, .T. ) ;
#2653 = CARTESIAN_POINT ( 'NONE',  ( -11.89340882496999896, 20.54485890056999864, -3.397217591723999952 ) ) ;
#2654 = DIRECTION ( 'NONE',  ( -0.9063077870366585964, -0.4226182617406808451, -0.000000000000000000 ) ) ;
#2655 = EDGE_CURVE ( 'NONE', #1350, #7765, #2012, .T. ) ;
#2656 = EDGE_LOOP ( 'NONE', ( #2205, #6394, #5586, #3891 ) ) ;
#2657 = FACE_OUTER_BOUND ( 'NONE', #4154, .T. ) ;
#2658 = AXIS2_PLACEMENT_3D ( 'NONE', #3962, #5337, #7980 ) ;
#2659 = DIRECTION ( 'NONE',  ( 0.000000000000000000, 0.000000000000000000, -1.000000000000000000 ) ) ;
#2660 = CARTESIAN_POINT ( 'NONE',  ( -7.638584468207465505, 19.29286208218105969, 4.227064001253351577 ) ) ;
#2661 = CARTESIAN_POINT ( 'NONE',  ( 12.16332626746019940, 20.59462969790470410, -0.01560723531085294810 ) ) ;
#2662 = CARTESIAN_POINT ( 'NONE',  ( 10.00899576564999904, 20.73453026614000194, -3.771529109289000203 ) ) ;
#2663 = ORIENTED_EDGE ( 'NONE', *, *, #350, .F. ) ;
#2664 = CARTESIAN_POINT ( 'NONE',  ( -11.93397982785496048, 19.94127408043169325, -3.535908427821382816 ) ) ;
#2665 = CARTESIAN_POINT ( 'NONE',  ( 10.00286817499362080, -19.31473330077410111, -3.565986074861074773 ) ) ;
#2666 = FACE_OUTER_BOUND ( 'NONE', #7362, .T. ) ;
#2667 = EDGE_CURVE ( 'NONE', #2546, #6973, #5408, .T. ) ;
#2668 = DIRECTION ( 'NONE',  ( 0.6795693539319744847, -0.7336112684497687608, 0.000000000000000000 ) ) ;
#2669 = CARTESIAN_POINT ( 'NONE',  ( 21.36201504400000317, -1.164791055759000216, 1.703018107788999869 ) ) ;
#2670 = B_SPLINE_CURVE_WITH_KNOTS ( 'NONE', 3,
 ( #5679, #7701, #6964, #1646 ),
 .UNSPECIFIED., .F., .F.,
 ( 4, 4 ),
 ( 0.000000000000000000, 1.000000000000000000 ),
 .UNSPECIFIED. ) ;
#2671 = DIRECTION ( 'NONE',  ( -1.000000000000000000, 0.000000000000000000, 0.000000000000000000 ) ) ;
#2672 = CARTESIAN_POINT ( 'NONE',  ( -9.893949498445000046, -14.94921000953999979, -2.100017758784999966 ) ) ;
#2673 = CARTESIAN_POINT ( 'NONE',  ( 21.27984739121999880, 0.9249914955079000523, 1.803693852574999923 ) ) ;
#2674 = CARTESIAN_POINT ( 'NONE',  ( 19.14356045952999708, 9.960822119174000733, 1.493693845708000012 ) ) ;
#2675 = ORIENTED_EDGE ( 'NONE', *, *, #1089, .T. ) ;
#2676 = CARTESIAN_POINT ( 'NONE',  ( -20.62510969963247831, 2.503959116613217795, -1.237285149340144441 ) ) ;
#2677 = CARTESIAN_POINT ( 'NONE',  ( 1.300000000000000044, 13.58546473664025100, -1.296306154244999842 ) ) ;
#2678 = CARTESIAN_POINT ( 'NONE',  ( 10.25886518271000014, -20.88630252684000155, -3.666880688261999754 ) ) ;
#2679 = PRESENTATION_STYLE_ASSIGNMENT (( #723 ) ) ;
#2680 = EDGE_CURVE ( 'NONE', #2210, #5295, #4079, .T. ) ;
#2681 = CARTESIAN_POINT ( 'NONE',  ( -18.95476891359411908, -2.700348256184430529, -0.6610494907697822553 ) ) ;
#2682 = CARTESIAN_POINT ( 'NONE',  ( -10.00899579165999853, 20.73453023862999700, -3.771529111236000098 ) ) ;
#2683 = CARTESIAN_POINT ( 'NONE',  ( 19.93566508846000218, -8.262148260667999011, 1.493645897858000060 ) ) ;
#2684 = FACE_OUTER_BOUND ( 'NONE', #88, .T. ) ;
#2685 = FACE_OUTER_BOUND ( 'NONE', #4435, .T. ) ;
#2686 = CARTESIAN_POINT ( 'NONE',  ( -20.63715597700422677, 2.169585195888446449, -1.302297956506071275 ) ) ;
#2687 = ORIENTED_EDGE ( 'NONE', *, *, #8470, .T. ) ;
#2688 = CARTESIAN_POINT ( 'NONE',  ( -11.19987252093000052, -20.06990594796000238, -2.068331160266999813 ) ) ;
#2689 = CARTESIAN_POINT ( 'NONE',  ( 19.58972700028447278, -6.841804263646860562, -0.6871933667465350837 ) ) ;
#2690 = DIRECTION ( 'NONE',  ( -0.000000000000000000, -0.000000000000000000, 1.000000000000000000 ) ) ;
#2691 = CARTESIAN_POINT ( 'NONE',  ( 11.12988044115999919, 21.67918000894000130, -0.8708725350319000968 ) ) ;
#2692 = AXIS2_PLACEMENT_3D ( 'NONE', #3703, #8410, #329 ) ;
#2693 = CARTESIAN_POINT ( 'NONE',  ( -11.87443572703063488, 21.58766032146996849, -1.889975531638391937 ) ) ;
#2694 = CARTESIAN_POINT ( 'NONE',  ( 10.01079278570106013, -19.77611663109568241, -3.773489075099995649 ) ) ;
#2695 = LINE ( 'NONE', #7028, #7221 ) ;
#2696 = B_SPLINE_CURVE_WITH_KNOTS ( 'NONE', 3,
 ( #3445, #6291, #4868, #207, #5494 ),
 .UNSPECIFIED., .F., .F.,
 ( 4, 1, 4 ),
 ( 0.000000000000000000, 1.051454838953211679, 2.102909677906423358 ),
 .UNSPECIFIED. ) ;
#2697 = ORIENTED_EDGE ( 'NONE', *, *, #420, .F. ) ;
#2698 = CARTESIAN_POINT ( 'NONE',  ( 9.981293539538999227, 19.32604394277999660, -3.571015422200999545 ) ) ;
#2699 = CARTESIAN_POINT ( 'NONE',  ( -12.15514674897000091, -18.31825985298000248, -3.142831205156000340 ) ) ;
#2700 = CARTESIAN_POINT ( 'NONE',  ( -9.983116879605359983, -18.19064498783019701, 1.633718684347605032 ) ) ;
#2701 = CARTESIAN_POINT ( 'NONE',  ( 20.69029862739347436, -1.502571844507148535, 1.259911048891941165 ) ) ;
#2702 = CARTESIAN_POINT ( 'NONE',  ( 19.78653627657560676, -6.250303279891661568, -0.7022860303315756614 ) ) ;
#2703 = CARTESIAN_POINT ( 'NONE',  ( 12.14434729820147396, 18.25288811879943651, -3.113394523315483831 ) ) ;
#2704 = CARTESIAN_POINT ( 'NONE',  ( 19.07198939522698922, 10.09837016946981869, -0.8463073877622321328 ) ) ;
#2705 = CARTESIAN_POINT ( 'NONE',  ( -20.62510478292230687, -2.503980641542128627, 1.884608394694224254 ) ) ;
#2706 = DIRECTION ( 'NONE',  ( 2.322013401591684863E-14, 1.424779742579434185E-13, -1.000000000000000000 ) ) ;
#2707 = TOROIDAL_SURFACE ( 'NONE', #5939, 13.70278120166000058, 7.746238289320999115 ) ;
#2708 = CARTESIAN_POINT ( 'NONE',  ( 11.48908650158000100, -20.07410870193999841, -3.594041336251000196 ) ) ;
#2709 = ORIENTED_EDGE ( 'NONE', *, *, #3241, .F. ) ;
#2710 = CARTESIAN_POINT ( 'NONE',  ( 20.75000000000000355, 1.358084324117639241, 3.383693845753999341 ) ) ;
#2711 = AXIS2_PLACEMENT_3D ( 'NONE', #5951, #3256, #3930 ) ;
#2712 = CARTESIAN_POINT ( 'NONE',  ( -17.80316888878964932, -0.9249822048187840151, -1.706323152218325090 ) ) ;
#2713 = CARTESIAN_POINT ( 'NONE',  ( 19.17596171721811871, -7.921306497795231216, 1.803647460329242724 ) ) ;
#2714 = CARTESIAN_POINT ( 'NONE',  ( 19.99502801470423563, -8.118907462105070749, -0.8463553356116321202 ) ) ;
#2715 = CARTESIAN_POINT ( 'NONE',  ( -11.87898578997000065, -18.82877106886999741, -3.368631715998000153 ) ) ;
#2716 = VECTOR ( 'NONE', #4392, 1000.000000000000000 ) ;
#2717 = ORIENTED_EDGE ( 'NONE', *, *, #8382, .F. ) ;
#2718 = LINE ( 'NONE', #1686, #929 ) ;
#2719 = DIRECTION ( 'NONE',  ( 0.9063077870366587074, -0.4226182617406804010, 2.321108876648077878E-14 ) ) ;
#2720 = CARTESIAN_POINT ( 'NONE',  ( 18.22541471619999598, -11.08141450774999903, 0.7596717747564000200 ) ) ;
#2721 = CARTESIAN_POINT ( 'NONE',  ( 10.01991956192999922, 21.32876223141999716, -3.475427727914000009 ) ) ;
#2722 = ORIENTED_EDGE ( 'NONE', *, *, #460, .F. ) ;
#2723 = CARTESIAN_POINT ( 'NONE',  ( -11.91239422359147149, 20.20670017931355389, -3.487236647479673657 ) ) ;
#2724 = CARTESIAN_POINT ( 'NONE',  ( 10.00122308971109497, 19.22786911475886029, -3.518128343859838747 ) ) ;
#2725 = VERTEX_POINT ( 'NONE', #6804 ) ;
#2726 = CARTESIAN_POINT ( 'NONE',  ( 10.25702201572000050, 19.08945207506999964, -3.457705661942000130 ) ) ;
#2727 = CARTESIAN_POINT ( 'NONE',  ( 20.75000000000000000, -1.095281579767929791E-13, -1.706306345687000015 ) ) ;
#2728 = CARTESIAN_POINT ( 'NONE',  ( 19.16549285616999754, -9.930821820389999388, -0.8395597655101999512 ) ) ;
#2729 = VERTEX_POINT ( 'NONE', #5464 ) ;
#2730 = B_SPLINE_CURVE_WITH_KNOTS ( 'NONE', 3,
 ( #3259, #5420, #5983, #6648, #7291, #6063 ),
 .UNSPECIFIED., .F., .F.,
 ( 4, 2, 4 ),
 ( 0.000000000000000000, 0.5000000000000000000, 1.000000000000000000 ),
 .UNSPECIFIED. ) ;
#2731 =( NAMED_UNIT ( * ) SI_UNIT ( $, .STERADIAN. ) SOLID_ANGLE_UNIT ( ) );
#2732 = CARTESIAN_POINT ( 'NONE',  ( 19.37615406412428953, -7.428935329454556147, -1.653706827822764014 ) ) ;
#2733 = CARTESIAN_POINT ( 'NONE',  ( 12.13712043113423711, 18.30513943308141833, -3.136709894022080558 ) ) ;
#2734 = CARTESIAN_POINT ( 'NONE',  ( 3.950841617812354212, 20.43989455052126303, 3.633693845755157525 ) ) ;
#2735 = ORIENTED_EDGE ( 'NONE', *, *, #1982, .T. ) ;
#2736 = EDGE_CURVE ( 'NONE', #8641, #2966, #4761, .T. ) ;
#2737 = DIRECTION ( 'NONE',  ( 0.000000000000000000, 1.000000000000000000, 0.000000000000000000 ) ) ;
#2738 = EDGE_CURVE ( 'NONE', #8138, #5909, #1799, .T. ) ;
#2739 = CARTESIAN_POINT ( 'NONE',  ( -9.947977854474892467, 16.17728990679692203, -2.333000167946984948 ) ) ;
#2740 = ORIENTED_EDGE ( 'NONE', *, *, #8319, .T. ) ;
#2741 = CARTESIAN_POINT ( 'NONE',  ( 11.70085819398000027, -21.05357042057000072, -3.066316262175000418 ) ) ;
#2742 = CARTESIAN_POINT ( 'NONE',  ( 10.39887648988592161, 18.00750567900819021, 3.383693845754000673 ) ) ;
#2743 = VERTEX_POINT ( 'NONE', #6145 ) ;
#2744 = CARTESIAN_POINT ( 'NONE',  ( -19.08770339771674074, -2.775148011426862737, -0.5184435546228927105 ) ) ;
#2745 = DIRECTION ( 'NONE',  ( -3.400573180623999403E-14, 4.102686739163000168E-14, 1.000000000000000000 ) ) ;
#2746 = ORIENTED_EDGE ( 'NONE', *, *, #7812, .T. ) ;
#2747 = AXIS2_PLACEMENT_3D ( 'NONE', #5308, #689, #5394 ) ;
#2748 = CARTESIAN_POINT ( 'NONE',  ( -3.100000000000000089, 12.35000000000000320, -1.816306154244996973 ) ) ;
#2749 = ORIENTED_EDGE ( 'NONE', *, *, #6480, .F. ) ;
#2750 = CARTESIAN_POINT ( 'NONE',  ( 4.757156897886000130E-05, -0.0002177015306510999876, -0.8463061542402999793 ) ) ;
#2751 = CARTESIAN_POINT ( 'NONE',  ( 10.26401566180000025, 21.58661543011999839, -3.076181021888999556 ) ) ;
#2752 = DIRECTION ( 'NONE',  ( 1.000000000000000000, 0.000000000000000000, 0.000000000000000000 ) ) ;
#2753 = CARTESIAN_POINT ( 'NONE',  ( 18.86772812152999990, 10.08470059206000080, 1.703018000966000089 ) ) ;
#2754 = B_SPLINE_CURVE_WITH_KNOTS ( 'NONE', 3,
 ( #2094, #3454, #276, #5561, #5007, #182, #6904, #7004, #964, #246, #2283, #1533, #5687, #6333, #1623, #2185, #6271, #933 ),
 .UNSPECIFIED., .F., .F.,
 ( 4, 2, 2, 2, 2, 2, 2, 2, 4 ),
 ( 0.000000000000000000, 0.1250000000000000555, 0.2500000000000001110, 0.3750000000000001665, 0.5000000000000002220, 0.6250000000000001110, 0.7500000000000001110, 0.8750000000000000000, 1.000000000000000000 ),
 .UNSPECIFIED. ) ;
#2755 = ADVANCED_FACE ( 'NONE', ( #650 ), #2085, .T. ) ;
#2756 = CARTESIAN_POINT ( 'NONE',  ( 21.52594745911117258, -1.532850570750944108, 1.346938376914023072 ) ) ;
#2757 = CARTESIAN_POINT ( 'NONE',  ( 11.51703046603999958, 18.25481866543000109, -3.095587703919000067 ) ) ;
#2758 = ORIENTED_EDGE ( 'NONE', *, *, #2738, .F. ) ;
#2759 = CARTESIAN_POINT ( 'NONE',  ( 19.08045003746000390, -9.883063808846998199, 1.594544251629999909 ) ) ;
#2760 = CARTESIAN_POINT ( 'NONE',  ( 20.78409955147465027, 0.5006303290499243275, 1.884480846346437088 ) ) ;
#2761 = CARTESIAN_POINT ( 'NONE',  ( 9.972387468280345502, -17.57587746964470199, -2.737031193676556562 ) ) ;
#2762 = VECTOR ( 'NONE', #6068, 1000.000000000000000 ) ;
#2763 = CARTESIAN_POINT ( 'NONE',  ( 18.79812760119434145, 10.59889807357594727, 1.262080266839159748 ) ) ;
#2764 = CARTESIAN_POINT ( 'NONE',  ( -6.854119405591069025, 15.79171945770558061, -2.066306154244997639 ) ) ;
#2765 = AXIS2_PLACEMENT_3D ( 'NONE', #7849, #7106, #7790 ) ;
#2766 = CARTESIAN_POINT ( 'NONE',  ( 11.97156639788999932, -19.84964827482999894, -3.537864585694999953 ) ) ;
#2767 = CARTESIAN_POINT ( 'NONE',  ( 18.94260596973341038, -8.492392247353393486, -1.706306646252000236 ) ) ;
#2768 = ORIENTED_EDGE ( 'NONE', *, *, #4823, .F. ) ;
#2769 = CIRCLE ( 'NONE', #2747, 0.5000000000000000000 ) ;
#2770 = CARTESIAN_POINT ( 'NONE',  ( -19.33905741103955478, -2.878661477501644139, -0.2280529051771258975 ) ) ;
#2771 = EDGE_CURVE ( 'NONE', #2148, #5503, #325, .T. ) ;
#2772 = CARTESIAN_POINT ( 'NONE',  ( -12.14254024295414958, -18.26595130034007752, -3.119222229104477773 ) ) ;
#2773 = DIRECTION ( 'NONE',  ( -1.000000000000000000, 0.000000000000000000, 0.000000000000000000 ) ) ;
#2774 = CARTESIAN_POINT ( 'NONE',  ( 12.09889328795040875, -20.92720997713054132, -0.2346061727404133435 ) ) ;
#2775 = AXIS2_PLACEMENT_3D ( 'NONE', #2620, #1957, #7501 ) ;
#2776 = VERTEX_POINT ( 'NONE', #774 ) ;
#2777 = CARTESIAN_POINT ( 'NONE',  ( 21.20175238332999967, 2.340473708713999734, 0.7606353915335999361 ) ) ;
#2778 = CARTESIAN_POINT ( 'NONE',  ( 1.300000000000000044, 12.34999999999999964, -1.766306154245000037 ) ) ;
#2779 = CARTESIAN_POINT ( 'NONE',  ( 18.89517314971000062, 9.831578862571001665, -1.156306236724000236 ) ) ;
#2780 = CARTESIAN_POINT ( 'NONE',  ( 10.62401872533000002, 21.83414674520000176, -2.401388050473000302 ) ) ;
#2781 = CARTESIAN_POINT ( 'NONE',  ( 18.98240296053999643, 9.860735595905998352, 1.703016909262000000 ) ) ;
#2782 = VERTEX_POINT ( 'NONE', #956 ) ;
#2783 = EDGE_CURVE ( 'NONE', #6020, #1887, #1415, .T. ) ;
#2784 = CARTESIAN_POINT ( 'NONE',  ( 10.25663733134999944, 19.12947838038000015, -3.479104484987999957 ) ) ;
#2785 = CARTESIAN_POINT ( 'NONE',  ( 11.31483181762116175, 20.87609976890338714, -0.01756493040294726526 ) ) ;
#2786 = CARTESIAN_POINT ( 'NONE',  ( 18.98893174524999594, -9.848002852921000638, 1.702747760859999904 ) ) ;
#2787 = B_SPLINE_CURVE_WITH_KNOTS ( 'NONE', 3,
 ( #6579, #4637, #2625, #2539, #7333, #8687, #5291, #7934, #1230, #7279, #5968, #4667, #5263, #7992, #5941, #5205, #3860, #2511, #7248, #3217 ),
 .UNSPECIFIED., .F., .F.,
 ( 4, 2, 2, 2, 2, 2, 2, 2, 2, 4 ),
 ( 3.705370968959021185E-18, 0.0005656701066020533531, 0.001131340213204103020, 0.001697010319806152578, 0.002262680426408202571, 0.002828350533010252996, 0.003394020639612302555, 0.003676855692913327551, 0.003959690746214351680, 0.004525360852816401672 ),
 .UNSPECIFIED. ) ;
#2788 = CARTESIAN_POINT ( 'NONE',  ( 9.918741966355772988, -14.50252872272307947, -2.065263232976422003 ) ) ;
#2789 = CARTESIAN_POINT ( 'NONE',  ( -21.24099423787000163, -1.692620707814999959, 1.676266659009000071 ) ) ;
#2790 = ORIENTED_EDGE ( 'NONE', *, *, #6909, .F. ) ;
#2791 = CARTESIAN_POINT ( 'NONE',  ( -9.991026243276174057, 18.62718745280979249, -3.198050570739292553 ) ) ;
#2792 = CARTESIAN_POINT ( 'NONE',  ( -12.65728818168074277, -16.49848323081798540, 4.523749079003891005 ) ) ;
#2793 = EDGE_CURVE ( 'NONE', #1541, #4777, #3285, .T. ) ;
#2794 = EDGE_CURVE ( 'NONE', #7870, #8197, #2670, .T. ) ;
#2795 = CARTESIAN_POINT ( 'NONE',  ( -17.99991456012002189, 0.000000000000000000, 5.346123950409299219 ) ) ;
#2796 = ADVANCED_FACE ( 'NONE', ( #7078 ), #7286, .T. ) ;
#2797 = CARTESIAN_POINT ( 'NONE',  ( 11.89482504949492636, -13.56089824298375568, 5.710772084629347489 ) ) ;
#2798 = CARTESIAN_POINT ( 'NONE',  ( -11.71155547498999816, 21.50003004819000196, -2.407281046754000453 ) ) ;
#2799 = FACE_OUTER_BOUND ( 'NONE', #5886, .T. ) ;
#2800 = CARTESIAN_POINT ( 'NONE',  ( -19.76922465422605057, 2.954965490899789771, 0.3236937139960654464 ) ) ;
#2801 = ORIENTED_EDGE ( 'NONE', *, *, #4947, .T. ) ;
#2802 = CARTESIAN_POINT ( 'NONE',  ( 20.19150756824999959, -6.873413437439999996, 0.8650460478413999343 ) ) ;
#2803 = ADVANCED_FACE ( 'NONE', ( #224 ), #3712, .T. ) ;
#2804 = LINE ( 'NONE', #5080, #1015 ) ;
#2805 = CARTESIAN_POINT ( 'NONE',  ( 10.03337596223035710, -21.06990594796000238, -2.068331160266999813 ) ) ;
#2806 = CARTESIAN_POINT ( 'NONE',  ( -9.979302822264664030, -17.97205783381399868, 1.210001810635359831 ) ) ;
#2807 = FACE_OUTER_BOUND ( 'NONE', #261, .T. ) ;
#2808 = ORIENTED_EDGE ( 'NONE', *, *, #984, .T. ) ;
#2809 = CARTESIAN_POINT ( 'NONE',  ( -20.63869167531673909, 2.151202153960030561, -0.6135947692287885280 ) ) ;
#2810 = CARTESIAN_POINT ( 'NONE',  ( 19.16549293956000000, 9.930778964833001154, 1.486896837704000163 ) ) ;
#2811 = EDGE_CURVE ( 'NONE', #4538, #2817, #2095, .T. ) ;
#2812 = B_SPLINE_CURVE_WITH_KNOTS ( 'NONE', 3,
 ( #3097, #2553, #7893, #1780, #6505, #1132, #3846, #3819, #8560, #3234 ),
 .UNSPECIFIED., .F., .F.,
 ( 4, 2, 2, 2, 4 ),
 ( 0.000000000000000000, 0.2500000000000000000, 0.5000000000000000000, 0.7500000000000000000, 1.000000000000000000 ),
 .UNSPECIFIED. ) ;
#2813 = B_SPLINE_CURVE_WITH_KNOTS ( 'NONE', 3,
 ( #7120, #8504, #3098, #1669 ),
 .UNSPECIFIED., .F., .F.,
 ( 4, 4 ),
 ( 0.000000000000000000, 1.000000000000000000 ),
 .UNSPECIFIED. ) ;
#2814 = FACE_OUTER_BOUND ( 'NONE', #6751, .T. ) ;
#2815 = CARTESIAN_POINT ( 'NONE',  ( 11.91912149038000024, 18.47556592113999940, -3.210824164607000153 ) ) ;
#2816 = CARTESIAN_POINT ( 'NONE',  ( 20.75000000000000000, -0.3084232820249697693, -1.706306329100000241 ) ) ;
#2817 = VERTEX_POINT ( 'NONE', #3698 ) ;
#2818 = CARTESIAN_POINT ( 'NONE',  ( 18.86045644062999926, -10.50319875345000042, -0.7359169369578000275 ) ) ;
#2819 = CARTESIAN_POINT ( 'NONE',  ( 10.27040608858513870, 18.10848413040199745, 3.633693845755127327 ) ) ;
#2820 = CARTESIAN_POINT ( 'NONE',  ( 19.45840214698005255, 7.206937846694362548, -1.004196411703970560 ) ) ;
#2821 = CARTESIAN_POINT ( 'NONE',  ( 11.17454726939999965, -21.41097968747000024, -0.4058536708584999930 ) ) ;
#2822 = CARTESIAN_POINT ( 'NONE',  ( 10.37868893085999922, 18.97285011581000091, 1.254842451425999927 ) ) ;
#2823 = ORIENTED_EDGE ( 'NONE', *, *, #4665, .T. ) ;
#2824 = CARTESIAN_POINT ( 'NONE',  ( 18.20863675308572383, 9.952065898987367376, -1.167260988456024773 ) ) ;
#2825 = CARTESIAN_POINT ( 'NONE',  ( 9.979633711349000791, -19.25934023846000187, -3.534242201076000178 ) ) ;
#2826 = CARTESIAN_POINT ( 'NONE',  ( -11.95135550927358459, 19.79603922015402162, -3.547558341037385876 ) ) ;
#2827 = ORIENTED_EDGE ( 'NONE', *, *, #6632, .F. ) ;
#2828 = CARTESIAN_POINT ( 'NONE',  ( -12.13986523432999931, 20.79363227539000292, -0.1273001604244000107 ) ) ;
#2829 = CARTESIAN_POINT ( 'NONE',  ( 18.80554055032203209, 8.658626483972735599, 0.01156871072203011219 ) ) ;
#2830 = CARTESIAN_POINT ( 'NONE',  ( 16.44534953323734783, 5.110882445988401024, -2.066306154244998083 ) ) ;
#2831 = CARTESIAN_POINT ( 'NONE',  ( -10.25557546769999995, -19.91632471237999624, -3.796465974203000027 ) ) ;
#2832 = EDGE_LOOP ( 'NONE', ( #1813, #6298, #7165, #5612 ) ) ;
#2833 = CARTESIAN_POINT ( 'NONE',  ( 19.17596066940544475, -7.921306205249679877, -1.156355919467012550 ) ) ;
#2834 = CARTESIAN_POINT ( 'NONE',  ( -9.918505340409206283, -14.48897243106769039, -1.881086485773626693 ) ) ;
#2835 = ORIENTED_EDGE ( 'NONE', *, *, #463, .T. ) ;
#2836 = EDGE_CURVE ( 'NONE', #168, #2139, #6859, .T. ) ;
#2837 = DIRECTION ( 'NONE',  ( 0.9238096290056716509, -0.3828521507793878897, 2.938599864160749904E-14 ) ) ;
#2838 = CARTESIAN_POINT ( 'NONE',  ( -3.513195361807871731, 12.35000000000000142, -2.066306154244998528 ) ) ;
#2839 = CARTESIAN_POINT ( 'NONE',  ( 6.834480988169786997, -19.66889304843872210, 1.633720535122231476 ) ) ;
#2840 = EDGE_LOOP ( 'NONE', ( #8332, #739, #425, #2400 ) ) ;
#2841 = VERTEX_POINT ( 'NONE', #7637 ) ;
#2842 = ADVANCED_FACE ( 'NONE', ( #4554, #2985 ), #5025, .T. ) ;
#2843 = ADVANCED_FACE ( 'NONE', ( #7609 ), #3185, .T. ) ;
#2844 = ORIENTED_EDGE ( 'NONE', *, *, #7908, .T. ) ;
#2845 = CARTESIAN_POINT ( 'NONE',  ( 10.25902808518000064, 18.85290418486000164, -3.330110651982999936 ) ) ;
#2846 = CARTESIAN_POINT ( 'NONE',  ( 18.53457908987999758, -10.51277411667999928, -1.030274595896000234 ) ) ;
#2847 = CARTESIAN_POINT ( 'NONE',  ( -11.47205118006000113, 18.67820660546999889, -3.297047908011999873 ) ) ;
#2848 = CARTESIAN_POINT ( 'NONE',  ( -11.90159690517000080, -21.61557401865000116, -1.623227418963999913 ) ) ;
#2849 = VERTEX_POINT ( 'NONE', #6520 ) ;
#2850 = EDGE_CURVE ( 'NONE', #5066, #6796, #7186, .T. ) ;
#2851 = CARTESIAN_POINT ( 'NONE',  ( -9.910588506443309242, 14.04916630692904178, -2.065599973720539939 ) ) ;
#2852 = EDGE_CURVE ( 'NONE', #1447, #8138, #2547, .T. ) ;
#2853 = PLANE ( 'NONE',  #4891 ) ;
#2854 = CARTESIAN_POINT ( 'NONE',  ( 10.28055758172000012, -22.06427987917999900, -1.649909348691000144 ) ) ;
#2855 = CARTESIAN_POINT ( 'NONE',  ( 19.76244832619000036, -7.951361213492999624, -1.141215043537999962 ) ) ;
#2856 = ORIENTED_EDGE ( 'NONE', *, *, #5289, .F. ) ;
#2857 = CARTESIAN_POINT ( 'NONE',  ( -10.80479265570000003, 18.00617699414000228, -2.952167471280000122 ) ) ;
#2858 = CARTESIAN_POINT ( 'NONE',  ( 12.81505205743999909, -12.49347879745000078, -2.069255659560000016 ) ) ;
#2859 = CARTESIAN_POINT ( 'NONE',  ( 12.29412500518360574, -17.14872130867445676, -2.668958828769933955 ) ) ;
#2860 = CARTESIAN_POINT ( 'NONE',  ( -11.57344471031999866, 21.54803865738000113, -0.8580190094454999139 ) ) ;
#2861 = CARTESIAN_POINT ( 'NONE',  ( 19.72278908599177072, 6.433926939049522176, 0.01170812845176398553 ) ) ;
#2862 = CARTESIAN_POINT ( 'NONE',  ( -20.75000000000009592, 1.892058254904140894E-09, 3.633693845754784046 ) ) ;
#2863 = CARTESIAN_POINT ( 'NONE',  ( -10.25747447744999974, -20.68487836685999781, -3.723432768118999814 ) ) ;
#2864 = ORIENTED_EDGE ( 'NONE', *, *, #6409, .F. ) ;
#2865 = CARTESIAN_POINT ( 'NONE',  ( 18.80551487828724078, -8.658660860893869327, 0.01153339347310571722 ) ) ;
#2866 = CARTESIAN_POINT ( 'NONE',  ( 10.04561658687926240, -21.77117086443254479, -2.918001915140260305 ) ) ;
#2867 = PRODUCT_DEFINITION_CONTEXT ( 'detailed design', #6, 'design' ) ;
#2868 = VECTOR ( 'NONE', #1886, 1000.000000000000114 ) ;
#2869 = CARTESIAN_POINT ( 'NONE',  ( 1.299999999980002263, 10.91377129585322692, -1.496306154244078312 ) ) ;
#2870 = CARTESIAN_POINT ( 'NONE',  ( 16.58652026460114826, -6.535541789604342178, -1.706292215535525125 ) ) ;
#2871 = CARTESIAN_POINT ( 'NONE',  ( -20.60898493156356182, 2.416252593365848522, -0.07360396118959214307 ) ) ;
#2872 = ORIENTED_EDGE ( 'NONE', *, *, #7990, .F. ) ;
#2873 = CARTESIAN_POINT ( 'NONE',  ( 10.01563861984348414, -20.05373428318431905, 0.7474538515931353766 ) ) ;
#2874 = CARTESIAN_POINT ( 'NONE',  ( 19.07440073165999905, 9.894792914661000083, 1.595038253101000114 ) ) ;
#2875 = VECTOR ( 'NONE', #5833, 1000.000000000000114 ) ;
#2876 = CARTESIAN_POINT ( 'NONE',  ( -20.35223595915840988, 4.248375580452532496, 1.633778208242818941 ) ) ;
#2877 = CARTESIAN_POINT ( 'NONE',  ( 1.187146660667790017E-16, -20.75000000000000000, 4.202389014246000087 ) ) ;
#2878 = DIRECTION ( 'NONE',  ( 0.5919061212076012213, -0.8060069129213023320, -2.111966971931007425E-07 ) ) ;
#2879 = CARTESIAN_POINT ( 'NONE',  ( 9.992647769150231341, 18.73658932886943163, 1.410527248134376688 ) ) ;
#2880 = CARTESIAN_POINT ( 'NONE',  ( -11.94008641619000066, -20.13402085588000290, -3.525397863344000182 ) ) ;
#2881 = ORIENTED_EDGE ( 'NONE', *, *, #4608, .T. ) ;
#2882 = LINE ( 'NONE', #804, #6673 ) ;
#2883 = DIRECTION ( 'NONE',  ( -1.000000000000000000, 0.000000000000000000, 0.000000000000000000 ) ) ;
#2884 = CARTESIAN_POINT ( 'NONE',  ( -11.14736564133000130, 19.15646843591000348, -3.516054576450999836 ) ) ;
#2885 = CARTESIAN_POINT ( 'NONE',  ( -10.03749905366534101, 21.30606878218540245, -0.02725523396778005078 ) ) ;
#2886 = CARTESIAN_POINT ( 'NONE',  ( 10.03200088617999874, -22.01284228652000152, -2.404345232505999963 ) ) ;
#2887 = DIRECTION ( 'NONE',  ( -1.000000000000000000, 0.000000000000000000, 0.000000000000000000 ) ) ;
#2888 = CARTESIAN_POINT ( 'NONE',  ( -11.88311794238000019, 14.43416523466000001, -2.164377820851000056 ) ) ;
#2889 = VERTEX_POINT ( 'NONE', #5829 ) ;
#2890 = CARTESIAN_POINT ( 'NONE',  ( 12.53552895772999953, -12.78942144888999977, -2.076862992646000272 ) ) ;
#2891 = ADVANCED_FACE ( 'NONE', ( #4119 ), #4755, .T. ) ;
#2892 = B_SPLINE_CURVE_WITH_KNOTS ( 'NONE', 3,
 ( #6738, #6179, #2732, #1363, #4080, #6785, #2702, #4819, #1390, #1445 ),
 .UNSPECIFIED., .F., .F.,
 ( 4, 2, 2, 2, 4 ),
 ( 0.000000000000000000, 0.2500000000000000000, 0.5000000000000000000, 0.7500000000000000000, 1.000000000000000000 ),
 .UNSPECIFIED. ) ;
#2893 = CARTESIAN_POINT ( 'NONE',  ( 4.757156898681999681E-05, -0.0002177015306538000034, 1.803693873131000158 ) ) ;
#2894 = CARTESIAN_POINT ( 'NONE',  ( -11.86558263096999966, 21.45224269765000003, -2.409392805041999708 ) ) ;
#2895 = CARTESIAN_POINT ( 'NONE',  ( -1.300000000000000044, 12.34999999999999964, -1.496306154245000020 ) ) ;
#2896 = CARTESIAN_POINT ( 'NONE',  ( 12.19949379238000020, 19.59687421707000254, -0.8624060408285000312 ) ) ;
#2897 = CARTESIAN_POINT ( 'NONE',  ( 19.96025960175999714, -7.468109480778000631, 1.605686927144999832 ) ) ;
#2898 = ADVANCED_FACE ( 'NONE', ( #753 ), #2233, .T. ) ;
#2899 = CARTESIAN_POINT ( 'NONE',  ( 18.82107048372181524, -8.665772759535089520, 1.260093314746443260 ) ) ;
#2900 = ORIENTED_EDGE ( 'NONE', *, *, #3187, .T. ) ;
#2901 = CARTESIAN_POINT ( 'NONE',  ( 10.03420819276294473, -21.11758440323982811, -3.596937953085756146 ) ) ;
#2902 = CARTESIAN_POINT ( 'NONE',  ( -21.55958321111999965, 0.9371533364681999823, 1.493693839113000132 ) ) ;
#2903 = CARTESIAN_POINT ( 'NONE',  ( -20.78989926753000361, 2.404999999999999805, 0.3236938457535999958 ) ) ;
#2904 = CARTESIAN_POINT ( 'NONE',  ( 20.36029040314566529, 7.152188315984827405, 0.4753439941238098432 ) ) ;
#2905 = CARTESIAN_POINT ( 'NONE',  ( 19.05569851922999902, 10.14174517067000103, -0.8400895748433999666 ) ) ;
#2906 = EDGE_CURVE ( 'NONE', #8461, #7051, #435, .T. ) ;
#2907 = EDGE_CURVE ( 'NONE', #6999, #299, #5505, .T. ) ;
#2908 = CYLINDRICAL_SURFACE ( 'NONE', #5665, 2.030000390838999635 ) ;
#2909 = EDGE_LOOP ( 'NONE', ( #3349, #8735, #7366, #3809 ) ) ;
#2910 = EDGE_CURVE ( 'NONE', #6858, #2538, #750, .T. ) ;
#2911 = CARTESIAN_POINT ( 'NONE',  ( -10.01206996760807577, 19.84928633355595551, 0.8546737131366740625 ) ) ;
#2912 = CARTESIAN_POINT ( 'NONE',  ( -20.02567114384333635, -2.955000000000000071, 0.3236367283531131900 ) ) ;
#2913 = CARTESIAN_POINT ( 'NONE',  ( 19.76487941327999920, 7.932498177353998869, -1.167442077565999936 ) ) ;
#2914 = DIRECTION ( 'NONE',  ( -0.6795693792730428395, 0.7336112449754645937, 0.000000000000000000 ) ) ;
#2915 = CARTESIAN_POINT ( 'NONE',  ( -11.70085819586000042, -21.05357041986000155, -3.066316262175000418 ) ) ;
#2916 = CARTESIAN_POINT ( 'NONE',  ( 19.84578236851000455, -8.239328806408000361, 1.595198644205000127 ) ) ;
#2917 = CARTESIAN_POINT ( 'NONE',  ( -10.25544421420000063, 19.54374144981000327, -3.690819546240000193 ) ) ;
#2918 = CARTESIAN_POINT ( 'NONE',  ( 18.97228740871000241, -2.955000000000000071, 1.884897995797000236 ) ) ;
#2919 = VECTOR ( 'NONE', #5247, 1000.000000000000000 ) ;
#2920 = CARTESIAN_POINT ( 'NONE',  ( 11.87417969826000075, -21.57583363690000056, -2.023646084332000328 ) ) ;
#2921 = ORIENTED_EDGE ( 'NONE', *, *, #1368, .T. ) ;
#2922 = CARTESIAN_POINT ( 'NONE',  ( 20.75000000000044764, 3.145626647551298688E-14, 4.523749079003446916 ) ) ;
#2923 = EDGE_CURVE ( 'NONE', #3294, #1914, #2787, .T. ) ;
#2924 = CARTESIAN_POINT ( 'NONE',  ( -11.79157148058000004, 15.49270190228999944, -2.289894811829999988 ) ) ;
#2925 = CARTESIAN_POINT ( 'NONE',  ( 10.25902830291000001, -18.85290411876999883, -3.330110630229000002 ) ) ;
#2926 = CARTESIAN_POINT ( 'NONE',  ( -11.86259855756000015, 21.46272145690000244, -0.8504757269700999878 ) ) ;
#2927 = CARTESIAN_POINT ( 'NONE',  ( 16.62832534897242098, -8.774023471093620685, -1.706306636856235404 ) ) ;
#2928 = CARTESIAN_POINT ( 'NONE',  ( -10.00661854788999960, -20.66818114029999975, -3.797188236201999967 ) ) ;
#2929 = FACE_OUTER_BOUND ( 'NONE', #2514, .T. ) ;
#2930 = VERTEX_POINT ( 'NONE', #2595 ) ;
#2931 = CARTESIAN_POINT ( 'NONE',  ( 18.19904113150323255, -9.923182075043854411, -0.6126022519806785249 ) ) ;
#2932 = CARTESIAN_POINT ( 'NONE',  ( -12.23174784928999870, 20.60951161961000011, -0.03861001621805999762 ) ) ;
#2933 = CARTESIAN_POINT ( 'NONE',  ( -21.54465221275323472, 1.241923445712546537, 1.464540279388730104 ) ) ;
#2934 = CARTESIAN_POINT ( 'NONE',  ( -1.178091653069110345, 17.99991456012002189, 5.710772084629347489 ) ) ;
#2935 = CIRCLE ( 'NONE', #2182, 20.62500000000002132 ) ;
#2936 = ORIENTED_EDGE ( 'NONE', *, *, #583, .T. ) ;
#2937 = CARTESIAN_POINT ( 'NONE',  ( 11.83510801781999966, -23.20103451715999654, 0.1740513799880000212 ) ) ;
#2938 = CARTESIAN_POINT ( 'NONE',  ( 18.99543693324000060, 9.835202065264999405, -1.054926172170999932 ) ) ;
#2939 = FACE_OUTER_BOUND ( 'NONE', #5818, .T. ) ;
#2940 = B_SPLINE_CURVE_WITH_KNOTS ( 'NONE', 3,
 ( #1043, #5716, #5837, #3222, #8490, #4579, #7853, #1097, #3806, #7222, #1883, #7167, #3170, #8519, #4488, #533, #1770, #6611, #1150, #4461, #1206, #7880, #421, #1120 ),
 .UNSPECIFIED., .F., .F.,
 ( 4, 1, 1, 1, 1, 1, 1, 1, 1, 1, 1, 1, 1, 1, 1, 1, 1, 1, 1, 1, 1, 4 ),
 ( 0.000000000000000000, 0.04761904761904999644, 0.09523809523809999289, 0.1428571428570999946, 0.1904761904761999858, 0.2380952380951999736, 0.2857142857143000203, 0.3333333333333000081, 0.3809523809523999716, 0.4285714285713999594, 0.4761904761904999783, 0.5238095238095000772, 0.5714285714286000406, 0.6190476190476000840, 0.6666666666667000474, 0.7142857142856999797, 0.7619047619048000541, 0.8095238095237999865, 0.8571428571429000609, 0.9047619047618999932, 0.9523809523809999567, 1.000000000000000000 ),
 .UNSPECIFIED. ) ;
#2941 = AXIS2_PLACEMENT_3D ( 'NONE', #1099, #3756, #5095 ) ;
#2942 = ADVANCED_FACE ( 'NONE', ( #4343 ), #8656, .F. ) ;
#2943 = CARTESIAN_POINT ( 'NONE',  ( -16.59155893494219924, 12.52890117535088343, 1.633981641339177449 ) ) ;
#2944 = CARTESIAN_POINT ( 'NONE',  ( -16.49848323143933726, -12.65728818087711005, 4.202389014246000087 ) ) ;
#2945 = CARTESIAN_POINT ( 'NONE',  ( 19.93148716737999848, 8.286933139347000932, -0.8398965734061000221 ) ) ;
#2946 = DIRECTION ( 'NONE',  ( -1.000000000000000000, 0.000000000000000000, 0.000000000000000000 ) ) ;
#2947 = CARTESIAN_POINT ( 'NONE',  ( -11.71562486386000046, -20.62154140598999774, -3.402855784130000227 ) ) ;
#2948 = ORIENTED_EDGE ( 'NONE', *, *, #6851, .F. ) ;
#2949 = CARTESIAN_POINT ( 'NONE',  ( 20.03361206647000259, -7.527937843809000107, -0.9309055732552999896 ) ) ;
#2950 = CARTESIAN_POINT ( 'NONE',  ( -11.10089778360999979, 19.92504158270999781, -3.681140606582000263 ) ) ;
#2951 = CARTESIAN_POINT ( 'NONE',  ( -20.72937218322210029, -0.9249933278564370642, -1.706307364869480203 ) ) ;
#2952 = EDGE_LOOP ( 'NONE', ( #5104, #2312, #2746, #6275, #506 ) ) ;
#2953 = CARTESIAN_POINT ( 'NONE',  ( 10.65362072617000067, -21.92743570132000031, -1.256123317609999956 ) ) ;
#2954 = EDGE_CURVE ( 'NONE', #1018, #4015, #538, .T. ) ;
#2955 = ORIENTED_EDGE ( 'NONE', *, *, #6237, .T. ) ;
#2956 = CARTESIAN_POINT ( 'NONE',  ( -11.03385463571000003, 13.14863149301999812, -2.065653555176000022 ) ) ;
#2957 = ORIENTED_EDGE ( 'NONE', *, *, #1311, .T. ) ;
#2958 = CARTESIAN_POINT ( 'NONE',  ( 12.91864771042999926, -11.27733299470000006, -2.066285967301000337 ) ) ;
#2959 = DIRECTION ( 'NONE',  ( -1.000000000000000000, 0.000000000000000000, 0.000000000000000000 ) ) ;
#2960 = CARTESIAN_POINT ( 'NONE',  ( -4.495734977061997206, 12.35000000000000142, -1.566306154244998750 ) ) ;
#2961 = DIRECTION ( 'NONE',  ( -1.000000000000000000, 0.000000000000000000, 0.000000000000000000 ) ) ;
#2962 = CARTESIAN_POINT ( 'NONE',  ( -1.300000008115700156, 10.97907269765999949, -0.7499077161448999274 ) ) ;
#2963 = DIRECTION ( 'NONE',  ( 1.000000000000000000, -0.000000000000000000, -0.000000000000000000 ) ) ;
#2964 = VERTEX_POINT ( 'NONE', #3273 ) ;
#2965 = EDGE_CURVE ( 'NONE', #1978, #1517, #2109, .T. ) ;
#2966 = VERTEX_POINT ( 'NONE', #6662 ) ;
#2967 = CARTESIAN_POINT ( 'NONE',  ( 18.80554126184644659, -8.658602274811295629, 0.6358133541092144680 ) ) ;
#2968 = ORIENTED_EDGE ( 'NONE', *, *, #3615, .T. ) ;
#2969 = CARTESIAN_POINT ( 'NONE',  ( -10.03337596223014572, 21.06990594796000238, -2.068331160266999813 ) ) ;
#2970 = EDGE_CURVE ( 'NONE', #8310, #3355, #8, .T. ) ;
#2971 = VERTEX_POINT ( 'NONE', #8023 ) ;
#2972 = CARTESIAN_POINT ( 'NONE',  ( -12.14797124060433831, 18.22673769787200371, -3.101741423788159757 ) ) ;
#2973 = CARTESIAN_POINT ( 'NONE',  ( 10.25583579864000150, 19.30946075354999891, -3.577447087941000081 ) ) ;
#2974 = CARTESIAN_POINT ( 'NONE',  ( 12.94257657594000044, -10.81044496752000050, -1.990902373117999780 ) ) ;
#2975 = CARTESIAN_POINT ( 'NONE',  ( -19.08453098497966849, 2.771340882107891535, -0.5204386354806129766 ) ) ;
#2976 = VERTEX_POINT ( 'NONE', #2713 ) ;
#2977 = CARTESIAN_POINT ( 'NONE',  ( 20.03441742658999658, 7.526117380851999883, -0.9321074284006000132 ) ) ;
#2978 = CARTESIAN_POINT ( 'NONE',  ( 13.34240028474781781, 12.35952521395959636, 1.514396088665566866E-15 ) ) ;
#2979 = CARTESIAN_POINT ( 'NONE',  ( 19.65896405780000222, -8.180942996923999289, 1.810501261740999901 ) ) ;
#2980 = EDGE_CURVE ( 'NONE', #7411, #8321, #7464, .T. ) ;
#2981 = CARTESIAN_POINT ( 'NONE',  ( -9.994781887914999885, 20.02804969465000084, -3.844452119824000036 ) ) ;
#2982 = DIRECTION ( 'NONE',  ( -1.000000000000000000, 0.000000000000000000, 0.000000000000000000 ) ) ;
#2983 = ORIENTED_EDGE ( 'NONE', *, *, #4486, .T. ) ;
#2984 = CARTESIAN_POINT ( 'NONE',  ( 10.00144340118888664, 19.24049075086836424, -3.525094185024409743 ) ) ;
#2985 = FACE_OUTER_BOUND ( 'NONE', #722, .T. ) ;
#2986 = CARTESIAN_POINT ( 'NONE',  ( -1.300000000000020473, 14.40000000000000391, -2.066306154244998528 ) ) ;
#2987 = CARTESIAN_POINT ( 'NONE',  ( -12.92112582096164175, -16.23595548766774854, 1.633710346826434900 ) ) ;
#2988 = CARTESIAN_POINT ( 'NONE',  ( -12.19136227577000042, 20.54657519352999984, 0.007683614958372001619 ) ) ;
#2989 = CARTESIAN_POINT ( 'NONE',  ( 18.22486941049137599, 9.935219642314590871, 1.884273035457433076 ) ) ;
#2990 = CARTESIAN_POINT ( 'NONE',  ( 1.300000000000000044, 12.34999999999999964, -1.496306154245000242 ) ) ;
#2991 = DIRECTION ( 'NONE',  ( 0.000000000000000000, 0.000000000000000000, -1.000000000000000000 ) ) ;
#2992 = ADVANCED_FACE ( 'NONE', ( #6041 ), #736, .T. ) ;
#2993 = ORIENTED_EDGE ( 'NONE', *, *, #634, .T. ) ;
#2994 = LINE ( 'NONE', #2323, #3922 ) ;
#2995 = CARTESIAN_POINT ( 'NONE',  ( 18.19913826752902608, -9.923014703476857434, 1.260237629927650094 ) ) ;
#2996 = CARTESIAN_POINT ( 'NONE',  ( 19.17817760102216340, -7.922118105596114290, -1.206340018652572343 ) ) ;
#2997 = CARTESIAN_POINT ( 'NONE',  ( 10.63649603123999832, 20.51862859388999993, -3.680259225026000003 ) ) ;
#2998 = CARTESIAN_POINT ( 'NONE',  ( -12.81577155695517156, -13.23841215061393406, -1.289699779252913459 ) ) ;
#2999 = CARTESIAN_POINT ( 'NONE',  ( -19.71565668676390004, 2.955000121447693751, 0.2501078584200492894 ) ) ;
#3000 = ORIENTED_EDGE ( 'NONE', *, *, #361, .T. ) ;
#3001 = B_SPLINE_CURVE_WITH_KNOTS ( 'NONE', 3,
 ( #4412, #8532, #7746, #8423, #342, #5819, #4534, #3180, #6650, #6567, #8587, #2529, #4562, #7235, #3205, #515, #5931, #5956 ),
 .UNSPECIFIED., .F., .F.,
 ( 4, 2, 2, 2, 2, 2, 2, 2, 4 ),
 ( -0.003391971078987095212, -0.002793299877532561329, -0.002194628676078027446, -0.001595957474623493346, -0.0009972862731689592468, -0.0003986150717144253640, 0.0002000561297401093862, 0.0007987273311946437027, 0.001397398532649178453 ),
 .UNSPECIFIED. ) ;
#3002 = CARTESIAN_POINT ( 'NONE',  ( 21.27986623197999805, -0.9249912501370999296, 1.803693929031999987 ) ) ;
#3003 = CARTESIAN_POINT ( 'NONE',  ( -10.01729435853000005, -21.33962301410999984, -0.04671398604670000398 ) ) ;
#3004 = DIRECTION ( 'NONE',  ( 0.4226182617406803455, -0.9063077870366590405, 0.000000000000000000 ) ) ;
#3005 = CARTESIAN_POINT ( 'NONE',  ( 19.92674862343999820, -8.298260882480999356, 1.486848889853999989 ) ) ;
#3006 = AXIS2_PLACEMENT_3D ( 'NONE', #2350, #7062, #5753 ) ;
#3007 = ORIENTED_EDGE ( 'NONE', *, *, #8713, .T. ) ;
#3008 = CARTESIAN_POINT ( 'NONE',  ( 20.60427513318517256, -2.454861757367556852, 0.1214166501299583922 ) ) ;
#3009 = CARTESIAN_POINT ( 'NONE',  ( -10.05040486291585466, 22.04549101485859808, -2.244808954723098715 ) ) ;
#3010 = DIRECTION ( 'NONE',  ( -1.000000000000000000, 1.836970198721029688E-16, -0.000000000000000000 ) ) ;
#3011 = CARTESIAN_POINT ( 'NONE',  ( 14.37331809669268701, 13.99324753576115121, 0.4237081696633860362 ) ) ;
#3012 = DIRECTION ( 'NONE',  ( 0.6192117848190079599, 0.2566328762195035362, 0.7421026427554099358 ) ) ;
#3013 = CARTESIAN_POINT ( 'NONE',  ( 17.99991456012002189, 1.929366633139120045E-14, 5.710772084629346601 ) ) ;
#3014 = CARTESIAN_POINT ( 'NONE',  ( 14.64959417009661458, -14.86040479366105593, 1.634070034281082329 ) ) ;
#3015 = CARTESIAN_POINT ( 'NONE',  ( 20.62959302214545332, -2.217610485279855492, 1.070526651505830484 ) ) ;
#3016 = CARTESIAN_POINT ( 'NONE',  ( -10.00286818446738124, -19.31473378429770094, -3.565986344090020133 ) ) ;
#3017 = VERTEX_POINT ( 'NONE', #5431 ) ;
#3018 = CARTESIAN_POINT ( 'NONE',  ( 3.471532035734151478, 20.53103880540851378, 1.633718988178022524 ) ) ;
#3019 = CARTESIAN_POINT ( 'NONE',  ( 19.72279968700253860, -6.433892412269734962, 0.6355659566651501446 ) ) ;
#3020 = CONICAL_SURFACE ( 'NONE', #3006, 1.000000000000000000, 0.03490658503988666728 ) ;
#3021 = VERTEX_POINT ( 'NONE', #5377 ) ;
#3022 = CARTESIAN_POINT ( 'NONE',  ( -20.53851168128096205, -2.955002185766652190, 1.197039680718966714 ) ) ;
#3023 = CARTESIAN_POINT ( 'NONE',  ( 11.77477583788999915, 19.87099763101999983, -3.570755859841000301 ) ) ;
#3024 = CARTESIAN_POINT ( 'NONE',  ( -12.85461539347934767, -12.05966498206761983, -1.850807266746550495 ) ) ;
#3025 = CARTESIAN_POINT ( 'NONE',  ( -18.65919189212401363, 2.497663132911074779, -0.9600147620642199842 ) ) ;
#3026 = CONICAL_SURFACE ( 'NONE', #1779, 1.435466190199999659, 0.08726646200115645291 ) ;
#3027 = EDGE_CURVE ( 'NONE', #3215, #1681, #3961, .T. ) ;
#3028 = ADVANCED_FACE ( 'NONE', ( #6357 ), #1819, .T. ) ;
#3029 = FACE_OUTER_BOUND ( 'NONE', #4517, .T. ) ;
#3030 = CARTESIAN_POINT ( 'NONE',  ( -13.71215507216096086, 15.63277634677937300, 3.383693845753999785 ) ) ;
#3031 = CARTESIAN_POINT ( 'NONE',  ( -21.22948531919999837, -1.933465714447000217, -0.7614394784462999999 ) ) ;
#3032 = ORIENTED_EDGE ( 'NONE', *, *, #2907, .T. ) ;
#3033 = CARTESIAN_POINT ( 'NONE',  ( 21.43516230410000389, 1.595314333589999967, -0.8328360588480999693 ) ) ;
#3034 = CARTESIAN_POINT ( 'NONE',  ( 19.74981958108000057, -8.216228197938999500, -1.055449062995999832 ) ) ;
#3035 = CARTESIAN_POINT ( 'NONE',  ( 3.445734977061997828, 12.34999999999999964, -1.566306154244998750 ) ) ;
#3036 = DIRECTION ( 'NONE',  ( -0.6795693792730439498, 0.7336112449754637055, 0.000000000000000000 ) ) ;
#3037 = CARTESIAN_POINT ( 'NONE',  ( -12.94255386050000034, 10.81056131781999952, -1.991012883219999585 ) ) ;
#3038 = VECTOR ( 'NONE', #5073, 1000.000000000000114 ) ;
#3039 = EDGE_LOOP ( 'NONE', ( #4282, #2675 ) ) ;
#3040 = CARTESIAN_POINT ( 'NONE',  ( -20.75000000000009592, 1.892058254904140894E-09, 3.633693845754784046 ) ) ;
#3041 = AXIS2_PLACEMENT_3D ( 'NONE', #5478, #1422, #699 ) ;
#3042 = CARTESIAN_POINT ( 'NONE',  ( -19.75397361558478337, -0.9250197456231303850, -1.706308813987126971 ) ) ;
#3043 = DIRECTION ( 'NONE',  ( -0.000000000000000000, -0.000000000000000000, -1.000000000000000000 ) ) ;
#3044 = CARTESIAN_POINT ( 'NONE',  ( 20.53850328092804745, 2.955000846827434913, 1.633799503896349981 ) ) ;
#3045 = CARTESIAN_POINT ( 'NONE',  ( 17.80324119370739666, 0.9249159382469460677, -1.706312762357374835 ) ) ;
#3046 = EDGE_LOOP ( 'NONE', ( #3602, #7905 ) ) ;
#3047 = CARTESIAN_POINT ( 'NONE',  ( -20.75000000000000000, 2.541142108230757874E-15, 0.7886893706604999332 ) ) ;
#3048 = DIRECTION ( 'NONE',  ( -0.4226182617407188702, 0.9063077870366409439, 0.000000000000000000 ) ) ;
#3049 = ORIENTED_EDGE ( 'NONE', *, *, #5168, .F. ) ;
#3050 = CARTESIAN_POINT ( 'NONE',  ( 10.25585026870999883, -19.30945401990000221, -3.577444128299999804 ) ) ;
#3051 = CARTESIAN_POINT ( 'NONE',  ( 11.62333092305999926, 18.59370763083000000, -3.260322088090000126 ) ) ;
#3052 = CARTESIAN_POINT ( 'NONE',  ( 21.54450286210560250, 1.244717578008000425, 1.464122970676245972 ) ) ;
#3053 = ORIENTED_EDGE ( 'NONE', *, *, #7009, .T. ) ;
#3054 = ORIENTED_EDGE ( 'NONE', *, *, #5970, .T. ) ;
#3055 = CARTESIAN_POINT ( 'NONE',  ( 20.71735838389061612, 1.194231156817379791, -1.706308526030216211 ) ) ;
#3056 = CARTESIAN_POINT ( 'NONE',  ( 18.20190684530999903, -11.12458130357999941, 0.1026587803046999925 ) ) ;
#3057 = CARTESIAN_POINT ( 'NONE',  ( 19.93619490872000100, 8.275597107077999226, 1.487476268973999982 ) ) ;
#3058 = CARTESIAN_POINT ( 'NONE',  ( -19.69021667118338215, -6.685974908246072879, 3.383693845754000673 ) ) ;
#3059 = ORIENTED_EDGE ( 'NONE', *, *, #1815, .F. ) ;
#3060 = DIRECTION ( 'NONE',  ( -3.916920554259354720E-14, 1.389421502264124107E-13, -1.000000000000000000 ) ) ;
#3061 = VERTEX_POINT ( 'NONE', #6110 ) ;
#3062 = CARTESIAN_POINT ( 'NONE',  ( 20.63869254268864850, -2.151194021165806269, -0.6135840646042932667 ) ) ;
#3063 = DIRECTION ( 'NONE',  ( 1.000000000000000000, 0.000000000000000000, 0.000000000000000000 ) ) ;
#3064 = ORIENTED_EDGE ( 'NONE', *, *, #2736, .T. ) ;
#3065 = CARTESIAN_POINT ( 'NONE',  ( 15.75797607160896519, -9.942476367377086177, -1.126132081913183480 ) ) ;
#3066 = AXIS2_PLACEMENT_3D ( 'NONE', #6372, #5668, #6986 ) ;
#3067 = ORIENTED_EDGE ( 'NONE', *, *, #13, .F. ) ;
#3068 = B_SPLINE_CURVE_WITH_KNOTS ( 'NONE', 3,
 ( #5916, #4547, #6581, #5293, #1176, #7220, #6664, #7281, #4607, #2541, #8025, #4577, #3948, #4639 ),
 .UNSPECIFIED., .F., .F.,
 ( 4, 2, 2, 2, 2, 2, 4 ),
 ( 0.000000000000000000, 0.2500000000000028866, 0.3750000000000024425, 0.5000000000000019984, 0.6250000000000015543, 0.7500000000000011102, 1.000000000000000000 ),
 .UNSPECIFIED. ) ;
#3069 = CARTESIAN_POINT ( 'NONE',  ( 13.56089824298376634, 11.89482504949491393, 5.710772084629347489 ) ) ;
#3070 = DIRECTION ( 'NONE',  ( 0.000000000000000000, 0.000000000000000000, -1.000000000000000000 ) ) ;
#3071 = CARTESIAN_POINT ( 'NONE',  ( 0.000000000000000000, 20.67499999999999716, 3.458693845755000051 ) ) ;
#3072 = CARTESIAN_POINT ( 'NONE',  ( 20.75316641516164395, -0.3083327038965151257, 1.803693845957758946 ) ) ;
#3073 = ADVANCED_FACE ( 'NONE', ( #2447 ), #6983, .F. ) ;
#3074 = CARTESIAN_POINT ( 'NONE',  ( -12.94255386050000034, 12.60876622710999939, -0.7482195196960000905 ) ) ;
#3075 = DIRECTION ( 'NONE',  ( 0.000000000000000000, 0.000000000000000000, -1.000000000000000000 ) ) ;
#3076 = DIRECTION ( 'NONE',  ( -0.4226182617407191477, 0.9063077870366408328, 0.000000000000000000 ) ) ;
#3077 = EDGE_CURVE ( 'NONE', #382, #1607, #1361, .T. ) ;
#3078 = CARTESIAN_POINT ( 'NONE',  ( -10.62401872533000002, -21.83414674520000176, -2.401388050473000302 ) ) ;
#3079 = CARTESIAN_POINT ( 'NONE',  ( 11.12358995834999931, -19.53307196549999958, -3.634249200824000159 ) ) ;
#3080 = CARTESIAN_POINT ( 'NONE',  ( -20.70816172694450685, 1.311248562037164112, 1.765628528111727880 ) ) ;
#3081 = VERTEX_POINT ( 'NONE', #7098 ) ;
#3082 = CARTESIAN_POINT ( 'NONE',  ( 0.000000000000000000, 0.000000000000000000, 9.334695990327277926 ) ) ;
#3083 = FACE_OUTER_BOUND ( 'NONE', #3446, .T. ) ;
#3084 = CARTESIAN_POINT ( 'NONE',  ( -6.685974908523997229, 19.69021667107809748, 3.383693845754000229 ) ) ;
#3085 = CARTESIAN_POINT ( 'NONE',  ( -21.20787695101999759, -2.259767348593000325, -0.3188285895815000104 ) ) ;
#3086 = CARTESIAN_POINT ( 'NONE',  ( 12.12893307532991116, -18.36438944963255793, -3.163134846709436232 ) ) ;
#3087 = CARTESIAN_POINT ( 'NONE',  ( 21.18455663382000154, 2.482142993666999864, 0.3147513088026000494 ) ) ;
#3088 = ORIENTED_EDGE ( 'NONE', *, *, #6514, .F. ) ;
#3089 = EDGE_CURVE ( 'NONE', #4274, #2317, #109, .T. ) ;
#3090 = CYLINDRICAL_SURFACE ( 'NONE', #196, 0.5000000000000004441 ) ;
#3091 = CARTESIAN_POINT ( 'NONE',  ( -20.72953213171100373, -0.9250948095613112931, -1.206350666730744203 ) ) ;
#3092 = AXIS2_PLACEMENT_3D ( 'NONE', #269, #6355, #1014 ) ;
#3093 = CARTESIAN_POINT ( 'NONE',  ( -10.04184095180935898, 21.55486487615806368, -3.206229191319744931 ) ) ;
#3094 = CARTESIAN_POINT ( 'NONE',  ( 15.57212043031277204, -9.117260390976174023, -1.565174749091427397 ) ) ;
#3095 = CARTESIAN_POINT ( 'NONE',  ( -21.27397522690000287, 0.9092548418357999651, 1.810787185661999921 ) ) ;
#3096 = EDGE_LOOP ( 'NONE', ( #3516, #4686, #6453, #2282, #7058, #3032 ) ) ;
#3097 = CARTESIAN_POINT ( 'NONE',  ( 17.36538055857924689, -11.35808596476272037, 0.3236872503781250132 ) ) ;
#3098 = CARTESIAN_POINT ( 'NONE',  ( -20.75000000000000000, 0.3084326676995591821, -1.706306316549000002 ) ) ;
#3099 = CARTESIAN_POINT ( 'NONE',  ( -17.92250796755630660, -7.750539380648484133, -0.2574681405557389113 ) ) ;
#3100 = VECTOR ( 'NONE', #3689, 1000.000000000000000 ) ;
#3101 = CARTESIAN_POINT ( 'NONE',  ( 17.81567988822309090, 10.62851127781559413, 1.259964678902390167 ) ) ;
#3102 = CARTESIAN_POINT ( 'NONE',  ( -20.75000000000000000, 1.788433022045614767E-09, 4.012823958082261555 ) ) ;
#3103 = CARTESIAN_POINT ( 'NONE',  ( 10.02813962910573942, 20.76965849733570124, -3.754900568630029856 ) ) ;
#3104 = EDGE_LOOP ( 'NONE', ( #4490, #896, #847, #4041 ) ) ;
#3105 = CARTESIAN_POINT ( 'NONE',  ( 11.48708931428000035, -18.53553264070000139, -3.229785955449000046 ) ) ;
#3106 = AXIS2_PLACEMENT_3D ( 'NONE', #1761, #1704, #4457 ) ;
#3107 = CARTESIAN_POINT ( 'NONE',  ( -11.10069839364000011, -21.80184527808999917, -1.243456543797999858 ) ) ;
#3108 = CARTESIAN_POINT ( 'NONE',  ( 10.63650258699999895, -20.51862566060000148, -3.680258489758999829 ) ) ;
#3109 = CARTESIAN_POINT ( 'NONE',  ( -7.976683851838027195, 16.17891649160963752, 5.710772084629345713 ) ) ;
#3110 = B_SPLINE_CURVE_WITH_KNOTS ( 'NONE', 3,
 ( #3974, #3889, #5938, #8595, #1875, #525, #5230, #3295, #4601, #6602 ),
 .UNSPECIFIED., .F., .F.,
 ( 4, 2, 2, 2, 4 ),
 ( 9.759404904559924416E-17, 0.001183144703656424050, 0.002366289407312750521, 0.003549434110969076992, 0.004732578814625403897 ),
 .UNSPECIFIED. ) ;
#3111 = VERTEX_POINT ( 'NONE', #7659 ) ;
#3112 = ADVANCED_FACE ( 'NONE', ( #5727, #7394 ), #4360, .F. ) ;
#3113 = CARTESIAN_POINT ( 'NONE',  ( -21.24101011696999919, 1.759634042299000001, -0.9001879656569000687 ) ) ;
#3114 = CARTESIAN_POINT ( 'NONE',  ( 21.20394296533000045, -2.304269381346000234, 0.8641498658181000492 ) ) ;
#3115 = CARTESIAN_POINT ( 'NONE',  ( -21.24630050539999715, 1.667148043425999981, 1.605757456022000040 ) ) ;
#3116 = CARTESIAN_POINT ( 'NONE',  ( 21.46847791849999965, 0.9198477771837000327, 1.595246592053999990 ) ) ;
#3117 = CARTESIAN_POINT ( 'NONE',  ( -9.910588506443309242, 14.04916630692904178, -2.065599973720539939 ) ) ;
#3118 = CARTESIAN_POINT ( 'NONE',  ( 5.545734977061997029, 12.34999999999999964, -1.566306154244998750 ) ) ;
#3119 = AXIS2_PLACEMENT_3D ( 'NONE', #162, #6884, #71 ) ;
#3120 = CARTESIAN_POINT ( 'NONE',  ( 20.72954164405753019, -0.9248820588887832761, 1.853684242759571665 ) ) ;
#3121 = CARTESIAN_POINT ( 'NONE',  ( -20.75000000000009592, 1.892058254904140894E-09, 3.633693845754784046 ) ) ;
#3122 = LINE ( 'NONE', #5548, #461 ) ;
#3123 = ORIENTED_EDGE ( 'NONE', *, *, #3282, .T. ) ;
#3124 = CARTESIAN_POINT ( 'NONE',  ( -21.36194766739999906, 1.165996209632999880, 1.703017998164999991 ) ) ;
#3125 = B_SPLINE_CURVE_WITH_KNOTS ( 'NONE', 3,
 ( #589, #1818, #3219, #4669 ),
 .UNSPECIFIED., .F., .F.,
 ( 4, 4 ),
 ( 0.000000000000000000, 1.000000000000000000 ),
 .UNSPECIFIED. ) ;
#3126 = CARTESIAN_POINT ( 'NONE',  ( 1.300000002014616962, 10.91427963848299321, -1.490495771393928637 ) ) ;
#3127 = CARTESIAN_POINT ( 'NONE',  ( 11.89161640553074939, 21.61483370197946385, -1.624601331000714799 ) ) ;
#3128 = CARTESIAN_POINT ( 'NONE',  ( -20.75316700337132403, -0.3083327748211805441, 1.803693845816848551 ) ) ;
#3129 = CARTESIAN_POINT ( 'NONE',  ( 10.01592089730214141, -20.06990594796000238, -3.068331160266999369 ) ) ;
#3130 = FACE_OUTER_BOUND ( 'NONE', #4065, .T. ) ;
#3131 = ORIENTED_EDGE ( 'NONE', *, *, #6514, .T. ) ;
#3132 = EDGE_CURVE ( 'NONE', #5595, #3579, #1171, .T. ) ;
#3133 = CARTESIAN_POINT ( 'NONE',  ( -17.34938829505761859, -11.45725950660407477, 1.633729635069794739 ) ) ;
#3134 = CARTESIAN_POINT ( 'NONE',  ( -10.28055757561999961, -22.06427988085999914, -1.649909348837000023 ) ) ;
#3135 = CARTESIAN_POINT ( 'NONE',  ( 12.13475142513000016, -18.47844972959000032, -3.214217826004999612 ) ) ;
#3136 = CARTESIAN_POINT ( 'NONE',  ( 12.68196047434739171, 13.71761893710582392, -2.082578033010094920 ) ) ;
#3137 = CIRCLE ( 'NONE', #6383, 20.62500000000002132 ) ;
#3138 = ORIENTED_EDGE ( 'NONE', *, *, #1701, .F. ) ;
#3139 = EDGE_CURVE ( 'NONE', #2480, #5846, #5336, .T. ) ;
#3140 = CARTESIAN_POINT ( 'NONE',  ( 13.75047963847362809, 14.25904592403963100, 0.08369384575501784274 ) ) ;
#3141 = CARTESIAN_POINT ( 'NONE',  ( 18.21208186861000300, -11.10653996085999928, -0.006346236493815000067 ) ) ;
#3142 = CARTESIAN_POINT ( 'NONE',  ( 12.13073751687747226, -18.35132356612789195, -3.157312346578489137 ) ) ;
#3143 = CARTESIAN_POINT ( 'NONE',  ( -12.06407332237770547, 21.08398309292267925, -0.3919523832678125652 ) ) ;
#3144 = LINE ( 'NONE', #7056, #7450 ) ;
#3145 = CARTESIAN_POINT ( 'NONE',  ( 10.00092465390540042, -19.20260967298735011, -3.504221499167190057 ) ) ;
#3146 = ORIENTED_EDGE ( 'NONE', *, *, #7590, .T. ) ;
#3147 = CARTESIAN_POINT ( 'NONE',  ( 4.757156896670999808E-05, -0.0002177015306079999968, -1.156306180014000207 ) ) ;
#3148 = DIRECTION ( 'NONE',  ( 0.000000000000000000, 1.000000000000000000, 0.000000000000000000 ) ) ;
#3149 = CARTESIAN_POINT ( 'NONE',  ( -10.05021753903437975, 22.03475923687618376, -1.052391807416320768 ) ) ;
#3150 = LINE ( 'NONE', #8555, #8302 ) ;
#3151 = B_SPLINE_CURVE_WITH_KNOTS ( 'NONE', 3,
 ( #2179, #8227, #5527, #776, #6808, #6202, #4186, #6122, #148, #4871, #745, #54, #6148, #5468 ),
 .UNSPECIFIED., .F., .F.,
 ( 4, 2, 2, 2, 2, 2, 4 ),
 ( 4.808341199815966297E-14, 0.0009482718226722539837, 0.001896543645296424685, 0.002370679556608506783, 0.002844815467920589532, 0.003318951379232671414, 0.003793087290544754162 ),
 .UNSPECIFIED. ) ;
#3152 = CARTESIAN_POINT ( 'NONE',  ( -14.98957900146292133, 8.429798204158768016, -2.066306154244998972 ) ) ;
#3153 = CARTESIAN_POINT ( 'NONE',  ( 21.19701820678000104, -2.402235079442000210, 0.2129481468650999965 ) ) ;
#3154 = ORIENTED_EDGE ( 'NONE', *, *, #6788, .T. ) ;
#3155 = CARTESIAN_POINT ( 'NONE',  ( -9.983116879605359983, -18.19064498783019701, 1.633718684347605032 ) ) ;
#3156 = CARTESIAN_POINT ( 'NONE',  ( 3.100000000000000089, 12.34999999999999964, -1.766306154245000037 ) ) ;
#3157 = CARTESIAN_POINT ( 'NONE',  ( 17.39991456012002402, 2.130874967148841078E-15, 9.334695990327277926 ) ) ;
#3158 = CARTESIAN_POINT ( 'NONE',  ( 20.72783842756054185, -0.9249972981454316345, 1.803697640704318150 ) ) ;
#3159 = ADVANCED_FACE ( 'NONE', ( #4234 ), #3913, .T. ) ;
#3160 = ORIENTED_EDGE ( 'NONE', *, *, #7976, .F. ) ;
#3161 = CARTESIAN_POINT ( 'NONE',  ( 11.19987252093000052, 20.06990594796000238, -2.068331160266999813 ) ) ;
#3162 = CARTESIAN_POINT ( 'NONE',  ( -20.72032800767412652, -1.127705908261112500, 1.853680693695279658 ) ) ;
#3163 = EDGE_LOOP ( 'NONE', ( #1764, #2219, #7126, #1972, #4259, #2552 ) ) ;
#3164 = CARTESIAN_POINT ( 'NONE',  ( 4.889015008032999396E-05, -0.0002174092057505999935, -0.8463061404788000397 ) ) ;
#3165 = CARTESIAN_POINT ( 'NONE',  ( -10.03352995818999993, -22.13221375052999917, -1.656428755932999985 ) ) ;
#3166 = ORIENTED_EDGE ( 'NONE', *, *, #7990, .T. ) ;
#3167 = CARTESIAN_POINT ( 'NONE',  ( 10.66812657875000170, -19.36693132522999861, -3.610923574561000216 ) ) ;
#3168 = EDGE_LOOP ( 'NONE', ( #6340, #2608, #7374, #7801 ) ) ;
#3169 = CARTESIAN_POINT ( 'NONE',  ( 11.37901375444000074, 18.46051204428999881, 1.284988802495000026 ) ) ;
#3170 = CARTESIAN_POINT ( 'NONE',  ( 21.22515527354000042, 2.011407174349999938, -0.6833896751621000298 ) ) ;
#3171 = CARTESIAN_POINT ( 'NONE',  ( 1.478704836801399860E-08, 20.74999400032110231, 1.633719033080594851 ) ) ;
#3172 = CARTESIAN_POINT ( 'NONE',  ( -21.47837737899213195, -2.092424201708497300, 0.01828055613106228244 ) ) ;
#3173 = CARTESIAN_POINT ( 'NONE',  ( 18.64278245433513703, -10.86947763295121305, -0.2671864585896751021 ) ) ;
#3174 = EDGE_LOOP ( 'NONE', ( #8509, #777, #6121, #214 ) ) ;
#3175 = CARTESIAN_POINT ( 'NONE',  ( -1.300000000000000044, 12.34999999999999964, -1.816306154244996973 ) ) ;
#3176 = CARTESIAN_POINT ( 'NONE',  ( -12.61049166659105225, -18.11140768173310533, 1.102920850262149033 ) ) ;
#3177 = ORIENTED_EDGE ( 'NONE', *, *, #3615, .F. ) ;
#3178 = CARTESIAN_POINT ( 'NONE',  ( -21.36199200259000008, 1.164792797752000064, -1.055630382369000086 ) ) ;
#3179 = CARTESIAN_POINT ( 'NONE',  ( -0.0001470041326648000208, -0.0001995674094989999985, 1.803645925280999984 ) ) ;
#3180 = CARTESIAN_POINT ( 'NONE',  ( -11.85140316236266678, -21.45455186861170915, -2.406521950113886366 ) ) ;
#3181 = CARTESIAN_POINT ( 'NONE',  ( 11.86469521894964174, 20.83909528096489439, -3.191453763137465316 ) ) ;
#3182 = CARTESIAN_POINT ( 'NONE',  ( 2.716135067105164058, -20.61624367650272660, 4.523749079003891893 ) ) ;
#3183 = CARTESIAN_POINT ( 'NONE',  ( 19.63373655842082144, 6.708491742802937807, 1.070513861594576177 ) ) ;
#3184 = ORIENTED_EDGE ( 'NONE', *, *, #6632, .T. ) ;
#3185 = CYLINDRICAL_SURFACE ( 'NONE', #1377, 20.75000000000000000 ) ;
#3186 = CARTESIAN_POINT ( 'NONE',  ( -12.82754164555535326, 16.82379494718910351, 1.494122274491693991 ) ) ;
#3187 = EDGE_CURVE ( 'NONE', #8001, #7272, #6677, .T. ) ;
#3188 = EDGE_CURVE ( 'NONE', #6046, #3666, #7348, .T. ) ;
#3189 = CARTESIAN_POINT ( 'NONE',  ( -10.28610988197000076, -22.03064077594999759, -1.268639947174999838 ) ) ;
#3190 = CARTESIAN_POINT ( 'NONE',  ( 18.30388146618296474, -9.772556812752393185, -1.156354102100535464 ) ) ;
#3191 = ORIENTED_EDGE ( 'NONE', *, *, #7026, .T. ) ;
#3192 = CIRCLE ( 'NONE', #4835, 0.2000000000000005107 ) ;
#3193 = CARTESIAN_POINT ( 'NONE',  ( -21.22031111654000313, 2.083644668685999957, -0.5993667977470999997 ) ) ;
#3194 = DIRECTION ( 'NONE',  ( 0.9999999999788400373, 6.504919246922259540E-06, -7.666674228070310364E-08 ) ) ;
#3195 = CARTESIAN_POINT ( 'NONE',  ( -1.894780628694000185E-14, 0.000000000000000000, -253.6642726431000483 ) ) ;
#3196 = CARTESIAN_POINT ( 'NONE',  ( -20.72953784684231238, 0.9249688692739991280, 1.853688185242363229 ) ) ;
#3197 = CARTESIAN_POINT ( 'NONE',  ( 12.13986503273000039, 20.79363326221999841, -0.1273009463526000029 ) ) ;
#3198 = EDGE_LOOP ( 'NONE', ( #6950, #7913, #2206, #5366 ) ) ;
#3199 = AXIS2_PLACEMENT_3D ( 'NONE', #985, #8402, #4367 ) ;
#3200 = DIRECTION ( 'NONE',  ( -0.000000000000000000, -0.000000000000000000, -1.000000000000000000 ) ) ;
#3201 = B_SPLINE_CURVE_WITH_KNOTS ( 'NONE', 3,
 ( #8564, #488, #2584, #1924 ),
 .UNSPECIFIED., .F., .F.,
 ( 4, 4 ),
 ( 0.000000000000000000, 1.000000000000000000 ),
 .UNSPECIFIED. ) ;
#3202 = CARTESIAN_POINT ( 'NONE',  ( 21.21152099550999992, -2.208440735209999950, -0.4160415141785999693 ) ) ;
#3203 = CARTESIAN_POINT ( 'NONE',  ( 1.300000000000000044, 12.34999999999999964, -1.766306154245000037 ) ) ;
#3204 = DIRECTION ( 'NONE',  ( 0.9063047232500893724, -0.4226248319899951755, -8.417231852677905073E-08 ) ) ;
#3205 = CARTESIAN_POINT ( 'NONE',  ( -12.03677229489929879, -21.20703030968463310, -0.5151874545123630300 ) ) ;
#3206 = CARTESIAN_POINT ( 'NONE',  ( -17.79995576962442883, -7.900334605934193455, -0.3163030773027192821 ) ) ;
#3207 = CARTESIAN_POINT ( 'NONE',  ( 16.49848323081798895, -12.65728818168073921, 4.523749079003892781 ) ) ;
#3208 = DIRECTION ( 'NONE',  ( -0.9990561678099814102, 0.04343700681255921459, -2.867241363848903163E-12 ) ) ;
#3209 = ORIENTED_EDGE ( 'NONE', *, *, #4370, .T. ) ;
#3210 = CARTESIAN_POINT ( 'NONE',  ( -17.80313699973024910, 0.9248515187649199998, -1.706319358371985118 ) ) ;
#3211 = CARTESIAN_POINT ( 'NONE',  ( 19.69021667017616295, -6.685974911205972759, 3.633693845755165963 ) ) ;
#3212 = VECTOR ( 'NONE', #485, 1000.000000000000000 ) ;
#3213 = CARTESIAN_POINT ( 'NONE',  ( -20.60893384511341608, -2.416692978572687611, -0.07241687010676411962 ) ) ;
#3214 = MECHANICAL_DESIGN_GEOMETRIC_PRESENTATION_REPRESENTATION (  '', ( #6214 ), #1228 ) ;
#3215 = VERTEX_POINT ( 'NONE', #4535 ) ;
#3216 = CARTESIAN_POINT ( 'NONE',  ( -20.70817344671212723, 1.311059049069933646, -1.118302712614729355 ) ) ;
#3217 = CARTESIAN_POINT ( 'NONE',  ( -10.03749910602829942, -21.30607164643510032, -0.02725726599708559739 ) ) ;
#3218 = CARTESIAN_POINT ( 'NONE',  ( -12.94255971197000221, -10.84507257265999947, -1.967112036220999727 ) ) ;
#3219 = CARTESIAN_POINT ( 'NONE',  ( -20.53844602033011668, 2.955000000000000071, 1.197070112878456438 ) ) ;
#3220 = EDGE_CURVE ( 'NONE', #7670, #6631, #8038, .T. ) ;
#3221 = FACE_OUTER_BOUND ( 'NONE', #4467, .T. ) ;
#3222 = CARTESIAN_POINT ( 'NONE',  ( 21.27125126345999817, 1.145616560948000018, -1.141167095689000099 ) ) ;
#3223 = CARTESIAN_POINT ( 'NONE',  ( 20.22712725653000021, 6.778433459180999598, 0.3236938625995999796 ) ) ;
#3224 = ORIENTED_EDGE ( 'NONE', *, *, #6125, .F. ) ;
#3225 = CARTESIAN_POINT ( 'NONE',  ( -21.49793041753991218, -1.883413954519423950, -0.3975762216206217836 ) ) ;
#3226 = CARTESIAN_POINT ( 'NONE',  ( 21.46899692494999812, 0.9065844470117000453, -0.9476458669969000104 ) ) ;
#3227 = CARTESIAN_POINT ( 'NONE',  ( 5.380113295250429140, -20.08634546058873482, 3.383693845753999785 ) ) ;
#3228 =( GEOMETRIC_REPRESENTATION_CONTEXT ( 3 ) GLOBAL_UNCERTAINTY_ASSIGNED_CONTEXT ( ( #744 ) ) GLOBAL_UNIT_ASSIGNED_CONTEXT ( ( #7380, #8736, #6039 ) ) REPRESENTATION_CONTEXT ( 'NONE', 'WORKASPACE' ) );
#3229 = DIRECTION ( 'NONE',  ( 1.000000000000000000, 0.000000000000000000, 0.000000000000000000 ) ) ;
#3230 = CARTESIAN_POINT ( 'NONE',  ( -12.22638744566165059, -20.25651581440715532, 0.1796273409309663560 ) ) ;
#3231 = FACE_OUTER_BOUND ( 'NONE', #6900, .T. ) ;
#3232 = ORIENTED_EDGE ( 'NONE', *, *, #3799, .T. ) ;
#3233 = CARTESIAN_POINT ( 'NONE',  ( -21.56608342037000270, 0.9129438907357999566, -0.8398991528753000368 ) ) ;
#3234 = CARTESIAN_POINT ( 'NONE',  ( 18.39626969313990301, -9.598945847188950609, -1.706306467023694928 ) ) ;
#3235 = B_SPLINE_CURVE_WITH_KNOTS ( 'NONE', 3,
 ( #4010, #767, #8137, #706, #4693, #6141, #7365, #2080, #6052, #648, #47, #6797, #6111, #738, #7392, #2774, #5459, #7479 ),
 .UNSPECIFIED., .F., .F.,
 ( 4, 2, 2, 2, 2, 2, 2, 2, 4 ),
 ( 7.152448122690996019E-18, 0.0005987517114914772936, 0.001197503422982947431, 0.001796255134474417352, 0.002395006845965887490, 0.002993758557457357628, 0.003592510268948827332, 0.004191261980440298338, 0.004790013691931768909 ),
 .UNSPECIFIED. ) ;
#3236 = CARTESIAN_POINT ( 'NONE',  ( 18.38537254091000150, 10.79341568619000036, 1.329973352157000077 ) ) ;
#3237 = CARTESIAN_POINT ( 'NONE',  ( 9.918699373567404720, 14.50008858325512762, -2.065094313444700180 ) ) ;
#3238 = CARTESIAN_POINT ( 'NONE',  ( -20.72783903729304811, -0.9249972814888270944, 1.803697669353065303 ) ) ;
#3239 = CARTESIAN_POINT ( 'NONE',  ( 3.713771932519126739, 16.79471676293936966, -2.066306154244998528 ) ) ;
#3240 = DIRECTION ( 'NONE',  ( 0.000000000000000000, 0.000000000000000000, -1.000000000000000000 ) ) ;
#3241 = EDGE_CURVE ( 'NONE', #8291, #786, #5199, .T. ) ;
#3242 = LINE ( 'NONE', #2298, #2602 ) ;
#3243 = CARTESIAN_POINT ( 'NONE',  ( 16.49848323057539190, -12.65728818199943717, 3.633693845755124663 ) ) ;
#3244 = ORIENTED_EDGE ( 'NONE', *, *, #3799, .F. ) ;
#3245 = CARTESIAN_POINT ( 'NONE',  ( 10.04268807587636303, 21.60339658118549266, -0.2698129291399830043 ) ) ;
#3246 = DIRECTION ( 'NONE',  ( 0.000000000000000000, 1.000000000000000000, 0.000000000000000000 ) ) ;
#3247 = CARTESIAN_POINT ( 'NONE',  ( -11.37901439215000110, -18.46049609849000106, 1.284996019999999906 ) ) ;
#3248 = CARTESIAN_POINT ( 'NONE',  ( -12.94255971197000221, -10.81049133342999902, -1.991012069627000169 ) ) ;
#3249 = CARTESIAN_POINT ( 'NONE',  ( 3.445734977061997828, 12.34999999999999964, -2.066306154244998528 ) ) ;
#3250 = ORIENTED_EDGE ( 'NONE', *, *, #3460, .T. ) ;
#3251 = EDGE_CURVE ( 'NONE', #1966, #1698, #3339, .T. ) ;
#3252 = VECTOR ( 'NONE', #3268, 1000.000000000000000 ) ;
#3253 = CARTESIAN_POINT ( 'NONE',  ( -12.81505727132999972, 12.49351582002999983, -2.069256405471999738 ) ) ;
#3254 = ORIENTED_EDGE ( 'NONE', *, *, #8437, .F. ) ;
#3255 = CARTESIAN_POINT ( 'NONE',  ( 18.35687545184514491, 5.548796178794719758, -0.6392105632240587809 ) ) ;
#3256 = DIRECTION ( 'NONE',  ( -1.000000000000000000, 0.000000000000000000, 0.000000000000000000 ) ) ;
#3257 = ORIENTED_EDGE ( 'NONE', *, *, #3810, .F. ) ;
#3258 = B_SPLINE_CURVE_WITH_KNOTS ( 'NONE', 3,
 ( #456, #7867, #1165, #8506, #2473, #8534, #549, #8618, #1221, #3882, #5163, #4474, #7181, #8589, #6595, #5904, #2500, #7896, #1751, #3850, #1809, #7209, #3823, #1836, #1192, #1109, #4594, #1783, #7152, #2557, #4504 ),
 .UNSPECIFIED., .F., .F.,
 ( 4, 2, 1, 1, 2, 2, 2, 1, 1, 1, 2, 2, 2, 1, 1, 1, 1, 2, 2, 4 ),
 ( 0.000000000000000000, 0.1250000000000032196, 0.1875000000000048295, 0.2187500000000062728, 0.2343750000000063560, 0.2500000000000063838, 0.3750000000000056621, 0.4375000000000056066, 0.4687500000000058842, 0.4843750000000061062, 0.4921875000000064948, 0.5000000000000068834, 0.6250000000000121014, 0.6875000000000149880, 0.7187500000000168754, 0.7343750000000176525, 0.7421875000000180966, 0.7460937500000179856, 0.7500000000000178746, 1.000000000000000000 ),
 .UNSPECIFIED. ) ;
#3259 = CARTESIAN_POINT ( 'NONE',  ( 10.02813962910573942, 20.76965849733570124, -3.754900568630029856 ) ) ;
#3260 = CARTESIAN_POINT ( 'NONE',  ( 21.33802316761999762, -1.645931879394999964, -0.9321074284006000132 ) ) ;
#3261 = ORIENTED_EDGE ( 'NONE', *, *, #1312, .F. ) ;
#3262 = CARTESIAN_POINT ( 'NONE',  ( 20.62504914525926836, 2.504333527672370163, -1.236759102554298995 ) ) ;
#3263 = CARTESIAN_POINT ( 'NONE',  ( -10.95338649620000027, -15.16560597018000145, -2.212835522031999957 ) ) ;
#3264 = CARTESIAN_POINT ( 'NONE',  ( 10.01592089730661250, 20.06990594796000238, -2.068331160266999813 ) ) ;
#3265 = CARTESIAN_POINT ( 'NONE',  ( 18.39412662999150783, 9.597942116931688972, 1.803695377369846975 ) ) ;
#3266 = ORIENTED_EDGE ( 'NONE', *, *, #128, .F. ) ;
#3267 = CARTESIAN_POINT ( 'NONE',  ( -17.82303509844453160, 1.306021383565183935, -1.680047349874853380 ) ) ;
#3268 = DIRECTION ( 'NONE',  ( 0.000000000000000000, 0.000000000000000000, -1.000000000000000000 ) ) ;
#3269 = ORIENTED_EDGE ( 'NONE', *, *, #4598, .T. ) ;
#3270 = CARTESIAN_POINT ( 'NONE',  ( 10.05123694556092850, 22.09316099739999473, -1.275728795153739270 ) ) ;
#3271 = CARTESIAN_POINT ( 'NONE',  ( -20.78990871783999950, -0.9250000000000000444, 0.3236938457535999958 ) ) ;
#3272 = CARTESIAN_POINT ( 'NONE',  ( -20.60904962013806951, 2.405000011470307175, 0.3236938754526818007 ) ) ;
#3273 = CARTESIAN_POINT ( 'NONE',  ( 12.16332677832465947, -20.59462700758840015, -0.01560568594378390107 ) ) ;
#3274 = CARTESIAN_POINT ( 'NONE',  ( 18.02853123035126970, 10.27333587779489577, 1.651625939832703560 ) ) ;
#3275 = ORIENTED_EDGE ( 'NONE', *, *, #2599, .F. ) ;
#3276 = CARTESIAN_POINT ( 'NONE',  ( 20.75316603686033901, 0.3083322773282737850, -1.156306154042223477 ) ) ;
#3277 = CARTESIAN_POINT ( 'NONE',  ( 21.55958324985000019, 0.9371523091433999753, -0.8463061541712000313 ) ) ;
#3278 = ORIENTED_EDGE ( 'NONE', *, *, #2448, .F. ) ;
#3279 = CARTESIAN_POINT ( 'NONE',  ( 11.47017529506999978, 20.34931674303000193, -3.562874332887000062 ) ) ;
#3280 = CARTESIAN_POINT ( 'NONE',  ( -11.86763199149506320, 20.80214878026568925, -3.211475140120282568 ) ) ;
#3281 = FACE_OUTER_BOUND ( 'NONE', #1856, .T. ) ;
#3282 = EDGE_CURVE ( 'NONE', #5414, #331, #4025, .T. ) ;
#3283 = ORIENTED_EDGE ( 'NONE', *, *, #6071, .T. ) ;
#3284 = CARTESIAN_POINT ( 'NONE',  ( 21.37176394840999905, -0.9001761733280999600, -1.055401648051000008 ) ) ;
#3285 = B_SPLINE_CURVE_WITH_KNOTS ( 'NONE', 3,
 ( #4934, #2211, #3022, #3575 ),
 .UNSPECIFIED., .F., .F.,
 ( 4, 4 ),
 ( 0.000000000000000000, 1.000000000000000000 ),
 .UNSPECIFIED. ) ;
#3286 = CARTESIAN_POINT ( 'NONE',  ( 18.21205438603999838, 11.10649865223999910, 0.6536870564460000033 ) ) ;
#3287 = CARTESIAN_POINT ( 'NONE',  ( -10.99753538425999899, -14.17439849047999978, -2.100096468168999753 ) ) ;
#3288 = CYLINDRICAL_SURFACE ( 'NONE', #3928, 0.4000000000000006883 ) ;
#3289 = CARTESIAN_POINT ( 'NONE',  ( 12.92102360628125979, -16.23573473602204942, 1.633942491647304873 ) ) ;
#3290 = DIRECTION ( 'NONE',  ( -1.000000000000000000, 0.000000000000000000, 0.000000000000000000 ) ) ;
#3291 = CARTESIAN_POINT ( 'NONE',  ( -20.62505627795608021, -2.504268809785231475, -1.236822793312164270 ) ) ;
#3292 = CARTESIAN_POINT ( 'NONE',  ( -16.49848323174588671, -12.65728818047437088, 3.633693845754893736 ) ) ;
#3293 = CARTESIAN_POINT ( 'NONE',  ( 0.000000000000000000, 0.000000000000000000, 3.458693845755000051 ) ) ;
#3294 = VERTEX_POINT ( 'NONE', #8678 ) ;
#3295 = CARTESIAN_POINT ( 'NONE',  ( 12.80002651378636891, 16.99518638003052828, 1.452753415691190320 ) ) ;
#3296 = EDGE_CURVE ( 'NONE', #4146, #1423, #4707, .T. ) ;
#3297 = ADVANCED_FACE ( 'NONE', ( #7494 ), #1652, .T. ) ;
#3298 = LINE ( 'NONE', #5228, #2240 ) ;
#3299 = EDGE_CURVE ( 'NONE', #7547, #3625, #5396, .T. ) ;
#3300 = CARTESIAN_POINT ( 'NONE',  ( -20.66725673425225551, 1.832918847878522328, -0.8613132894985694454 ) ) ;
#3301 = CARTESIAN_POINT ( 'NONE',  ( -11.82796345605999910, -21.13745238073000010, -3.245792900785999802 ) ) ;
#3302 = ORIENTED_EDGE ( 'NONE', *, *, #5970, .F. ) ;
#3303 = CARTESIAN_POINT ( 'NONE',  ( 20.75316551114994468, -0.3083338406497894146, -1.156306154042229917 ) ) ;
#3304 = B_SPLINE_CURVE_WITH_KNOTS ( 'NONE', 3,
 ( #2040, #8176, #3373, #2761, #8737, #6815, #6153, #4735, #2788, #693 ),
 .UNSPECIFIED., .F., .F.,
 ( 4, 2, 2, 2, 4 ),
 ( 1.532679976604137452E-17, 0.001348991619113625289, 0.002697983238227234966, 0.004046974857340845944, 0.005395966476454460391 ),
 .UNSPECIFIED. ) ;
#3305 = CARTESIAN_POINT ( 'NONE',  ( 3.352254991947762932E-14, -20.75000000000089884, 4.523749079003891893 ) ) ;
#3306 = CARTESIAN_POINT ( 'NONE',  ( 10.25886517650999785, 20.88630255376000022, -3.666880674558999686 ) ) ;
#3307 = AXIS2_PLACEMENT_3D ( 'NONE', #5593, #5657, #7678 ) ;
#3308 = CARTESIAN_POINT ( 'NONE',  ( -11.85217679788028633, 21.13655013896923762, -2.900149972042999291 ) ) ;
#3309 = CARTESIAN_POINT ( 'NONE',  ( 17.66114843404261237, 10.88916019663197687, 0.1272917786552927311 ) ) ;
#3310 = B_SPLINE_CURVE_WITH_KNOTS ( 'NONE', 3,
 ( #1629, #7833, #8499, #3121 ),
 .UNSPECIFIED., .F., .F.,
 ( 4, 4 ),
 ( 0.000000000000000000, 1.000000000000000000 ),
 .UNSPECIFIED. ) ;
#3311 = CARTESIAN_POINT ( 'NONE',  ( -10.25663729266000068, -19.12947839791999982, -3.479104492324999853 ) ) ;
#3312 = CARTESIAN_POINT ( 'NONE',  ( 21.53229366577999926, -1.546656036845000193, 1.382202021592000118 ) ) ;
#3313 = SURFACE_SIDE_STYLE ('',( #6889 ) ) ;
#3314 = CARTESIAN_POINT ( 'NONE',  ( -10.85683309560000076, -17.06961685183000199, -2.615671899041000170 ) ) ;
#3315 = CARTESIAN_POINT ( 'NONE',  ( 19.66100839150901791, 6.633912213286308202, 1.008195553970476999 ) ) ;
#3316 = CARTESIAN_POINT ( 'NONE',  ( -3.350000000000004530, 12.35000000000000320, -2.066306154244998528 ) ) ;
#3317 = CIRCLE ( 'NONE', #4466, 1.800000000000000044 ) ;
#3318 = ORIENTED_EDGE ( 'NONE', *, *, #8714, .F. ) ;
#3319 = CARTESIAN_POINT ( 'NONE',  ( -20.78989926753000361, 0.9250000000000000444, 0.3236938457535999958 ) ) ;
#3320 = CARTESIAN_POINT ( 'NONE',  ( 18.65078392885822112, -9.195387532388355822, 3.633693845755149532 ) ) ;
#3321 = CARTESIAN_POINT ( 'NONE',  ( 16.17891649160965883, -7.976683851837996109, 5.710772084629346601 ) ) ;
#3322 = CARTESIAN_POINT ( 'NONE',  ( 16.72270825002110683, 4.113283568157438452, -2.066306154244998972 ) ) ;
#3323 = DIRECTION ( 'NONE',  ( 1.000000000000000000, 0.000000000000000000, 0.000000000000000000 ) ) ;
#3324 = CARTESIAN_POINT ( 'NONE',  ( -10.25802933365999969, 20.62654071292999802, -3.741122849072000101 ) ) ;
#3325 = CARTESIAN_POINT ( 'NONE',  ( -11.82796345605999910, -23.24615821952999895, 0.1639510500553000016 ) ) ;
#3326 = FACE_OUTER_BOUND ( 'NONE', #3174, .T. ) ;
#3327 = VERTEX_POINT ( 'NONE', #2067 ) ;
#3328 = CARTESIAN_POINT ( 'NONE',  ( 12.16332677832465947, -20.59462700758840015, -0.01560568594378390107 ) ) ;
#3329 = CARTESIAN_POINT ( 'NONE',  ( -21.20104336620000041, -2.340754225239999986, 0.7597176258409000793 ) ) ;
#3330 = CONICAL_SURFACE ( 'NONE', #5203, 21.43999998693000109, 0.7345944593390484334 ) ;
#3331 = ORIENTED_EDGE ( 'NONE', *, *, #8052, .F. ) ;
#3332 = CARTESIAN_POINT ( 'NONE',  ( 11.05365188877000016, 20.90249180038000176, -3.428224734870999768 ) ) ;
#3333 = CARTESIAN_POINT ( 'NONE',  ( -11.90893494407470143, 20.24516743350092440, -3.476607869579961818 ) ) ;
#3334 = DIRECTION ( 'NONE',  ( 0.000000000000000000, 0.000000000000000000, -1.000000000000000000 ) ) ;
#3335 = FACE_OUTER_BOUND ( 'NONE', #7193, .T. ) ;
#3336 = DIRECTION ( 'NONE',  ( 0.000000000000000000, 0.000000000000000000, 1.000000000000000000 ) ) ;
#3337 = ORIENTED_EDGE ( 'NONE', *, *, #5353, .F. ) ;
#3338 = CARTESIAN_POINT ( 'NONE',  ( 21.37226809147000139, -0.8859002562206998999, 1.702311925925000136 ) ) ;
#3339 = B_SPLINE_CURVE_WITH_KNOTS ( 'NONE', 3,
 ( #7236, #5789, #1720, #1084, #1750, #2412, #6482, #2441 ),
 .UNSPECIFIED., .F., .F.,
 ( 4, 2, 2, 4 ),
 ( 0.000000000000000000, 0.002823621409116530701, 0.004235432113674796051, 0.005647242818233061401 ),
 .UNSPECIFIED. ) ;
#3340 = CARTESIAN_POINT ( 'NONE',  ( 20.68121493270370692, -1.502404713313572282, 0.01130780071185583796 ) ) ;
#3341 = CARTESIAN_POINT ( 'NONE',  ( -10.27381389013000046, -17.40863915809000062, -2.694535262698999567 ) ) ;
#3342 = CARTESIAN_POINT ( 'NONE',  ( 19.69021667023923783, -6.685974911015610367, 4.523749079003892781 ) ) ;
#3343 = CARTESIAN_POINT ( 'NONE',  ( 18.64271645184289383, 10.86950813378984826, -0.2671805017928974846 ) ) ;
#3344 = EDGE_CURVE ( 'NONE', #1677, #3783, #6143, .T. ) ;
#3345 = VECTOR ( 'NONE', #7683, 1000.000000000000000 ) ;
#3346 = CARTESIAN_POINT ( 'NONE',  ( 4.889016032186000300E-05, -0.0002174092057599999721, 0.3236938457685999415 ) ) ;
#3347 = EDGE_CURVE ( 'NONE', #7642, #3995, #2892, .T. ) ;
#3348 = CARTESIAN_POINT ( 'NONE',  ( -1.299999999998999956, 11.11453526335974828, -1.296306154244999842 ) ) ;
#3349 = ORIENTED_EDGE ( 'NONE', *, *, #6359, .T. ) ;
#3350 = DIRECTION ( 'NONE',  ( -0.9063077870366587074, 0.4226182617406809006, 0.000000000000000000 ) ) ;
#3351 = ORIENTED_EDGE ( 'NONE', *, *, #7708, .T. ) ;
#3352 = CARTESIAN_POINT ( 'NONE',  ( -10.01373164504000002, 20.99158107841000032, -3.689144155538000014 ) ) ;
#3353 = CARTESIAN_POINT ( 'NONE',  ( 20.30982263796833109, -7.294387380422249656, -0.2672284496481715510 ) ) ;
#3354 = CARTESIAN_POINT ( 'NONE',  ( -11.95607095008999821, -19.91746107988999981, -3.534732586327999915 ) ) ;
#3355 = VERTEX_POINT ( 'NONE', #6843 ) ;
#3356 = EDGE_CURVE ( 'NONE', #8138, #508, #4987, .T. ) ;
#3357 = VERTEX_POINT ( 'NONE', #4133 ) ;
#3358 = AXIS2_PLACEMENT_3D ( 'NONE', #51, #6894, #2837 ) ;
#3359 = CARTESIAN_POINT ( 'NONE',  ( -20.70060055916737340, 1.452652281272234891, -1.654753879182848220 ) ) ;
#3360 = CARTESIAN_POINT ( 'NONE',  ( -12.14797124060433831, 18.22673769787200371, -3.101741423788159757 ) ) ;
#3361 = CARTESIAN_POINT ( 'NONE',  ( -20.74961210058781447, 4.523706609576499015E-10, 1.853687649275173932 ) ) ;
#3362 = VERTEX_POINT ( 'NONE', #5422 ) ;
#3363 = CARTESIAN_POINT ( 'NONE',  ( 18.84466705456999946, -9.930498750119999940, -1.153579790559999818 ) ) ;
#3364 = CARTESIAN_POINT ( 'NONE',  ( 10.62439787350000131, 21.08195647507000103, -3.446320397740000097 ) ) ;
#3365 = CARTESIAN_POINT ( 'NONE',  ( -11.85311854196062065, 21.10779039375446331, -2.932703107559744282 ) ) ;
#3366 = ORIENTED_EDGE ( 'NONE', *, *, #419, .F. ) ;
#3367 = DIRECTION ( 'NONE',  ( 0.000000000000000000, 0.000000000000000000, -1.000000000000000000 ) ) ;
#3368 = ORIENTED_EDGE ( 'NONE', *, *, #5168, .T. ) ;
#3369 = B_SPLINE_CURVE_WITH_KNOTS ( 'NONE', 3,
 ( #5900, #1833, #6565, #8585, #4471, #4561, #5817, #3155 ),
 .UNSPECIFIED., .F., .F.,
 ( 4, 2, 2, 4 ),
 ( 4.287119364551017918E-17, 0.0008849198374318079964, 0.001769839674863573275, 0.003539679349727103616 ),
 .UNSPECIFIED. ) ;
#3370 = B_SPLINE_CURVE_WITH_KNOTS ( 'NONE', 3,
 ( #8042, #1305, #2703, #6042, #9, #1897, #2733, #282, #6912, #220 ),
 .UNSPECIFIED., .F., .F.,
 ( 4, 3, 3, 4 ),
 ( 0.000000000000000000, 4.325383535101435465E-05, 8.650766679580423077E-05, 0.0001663167388904651547 ),
 .UNSPECIFIED. ) ;
#3371 = CARTESIAN_POINT ( 'NONE',  ( 18.81005245595610731, -8.771302296271283439, -1.156354102094153902 ) ) ;
#3372 = CARTESIAN_POINT ( 'NONE',  ( 21.49209070079999861, -2.009236857047000058, -0.2838121011692000262 ) ) ;
#3373 = CARTESIAN_POINT ( 'NONE',  ( 9.986869356131995445, -18.40554426900687801, -3.084916960259691088 ) ) ;
#3374 = CARTESIAN_POINT ( 'NONE',  ( 19.58958815235965645, 6.842201669651513996, 1.334900748836435724 ) ) ;
#3375 = CARTESIAN_POINT ( 'NONE',  ( -21.55643792627999744, -1.138250675385999999, 1.487477266039999968 ) ) ;
#3376 = DIRECTION ( 'NONE',  ( -0.000000000000000000, 0.000000000000000000, -1.000000000000000000 ) ) ;
#3377 = CARTESIAN_POINT ( 'NONE',  ( 0.000000000000000000, 0.000000000000000000, -1.296306154245000952 ) ) ;
#3378 = CARTESIAN_POINT ( 'NONE',  ( 11.44878856875999951, -20.73561123698999964, -3.412522622836000163 ) ) ;
#3379 = ORIENTED_EDGE ( 'NONE', *, *, #7771, .T. ) ;
#3380 = CARTESIAN_POINT ( 'NONE',  ( -19.53871321138695194, -2.938694673622906262, 0.01479906064060737894 ) ) ;
#3381 = CARTESIAN_POINT ( 'NONE',  ( -10.00122309004343890, -19.22786913379920293, -3.518128354368231570 ) ) ;
#3382 = CARTESIAN_POINT ( 'NONE',  ( 20.20193560264026900, -7.588681663988404047, -0.6166709474564349147 ) ) ;
#3383 = CARTESIAN_POINT ( 'NONE',  ( 12.86185593901719848, -16.61807507643905168, 1.552404514284537962 ) ) ;
#3384 = ORIENTED_EDGE ( 'NONE', *, *, #7246, .T. ) ;
#3385 = VECTOR ( 'NONE', #4763, 1000.000000000000114 ) ;
#3386 = CARTESIAN_POINT ( 'NONE',  ( 18.68167369779882137, -9.051969329151154042, -1.206319085105999944 ) ) ;
#3387 = CARTESIAN_POINT ( 'NONE',  ( -11.31057427985116703, 20.20125878832651267, -3.607631939528720189 ) ) ;
#3388 = CARTESIAN_POINT ( 'NONE',  ( 19.95979839285999802, 7.469384030609999670, 1.606537838966000109 ) ) ;
#3389 = CARTESIAN_POINT ( 'NONE',  ( 10.26056394241000014, 21.23115178579000073, -3.463408117811999976 ) ) ;
#3390 = ORIENTED_EDGE ( 'NONE', *, *, #2771, .F. ) ;
#3391 = CARTESIAN_POINT ( 'NONE',  ( -11.92446369260290240, 20.06280863002937664, -3.518862054550541352 ) ) ;
#3392 = CYLINDRICAL_SURFACE ( 'NONE', #8609, 1.800000000000000044 ) ;
#3393 = EDGE_CURVE ( 'NONE', #1901, #8369, #3304, .T. ) ;
#3394 = CARTESIAN_POINT ( 'NONE',  ( 11.93869218612000083, 18.32372872112000195, -3.141975596691999773 ) ) ;
#3395 = CARTESIAN_POINT ( 'NONE',  ( 11.97777835110999867, 18.02485669842999982, -3.004334228272999674 ) ) ;
#3396 = CARTESIAN_POINT ( 'NONE',  ( 18.63395761812000373, -10.89600841076999949, 0.9441663980773999931 ) ) ;
#3397 = B_SPLINE_CURVE_WITH_KNOTS ( 'NONE', 3,
 ( #8063, #4653, #4816, #6151, #4879, #812, #6177, #6128, #2123, #150, #3484, #4758, #5471 ),
 .UNSPECIFIED., .F., .F.,
 ( 4, 2, 2, 1, 2, 2, 4 ),
 ( 0.000000000000000000, 0.2499999999999995559, 0.4999999999999995559, 0.6249999999999995559, 0.6874999999999995559, 0.7499999999999995559, 1.000000000000000000 ),
 .UNSPECIFIED. ) ;
#3398 = DIRECTION ( 'NONE',  ( 0.000000000000000000, 0.000000000000000000, 1.000000000000000000 ) ) ;
#3399 = CARTESIAN_POINT ( 'NONE',  ( 18.56619425575339477, 10.99953671852560966, 0.1720489882721905617 ) ) ;
#3400 = ORIENTED_EDGE ( 'NONE', *, *, #3518, .T. ) ;
#3401 = DIRECTION ( 'NONE',  ( 0.9998476951563913806, -0.01745240643727985833, 0.000000000000000000 ) ) ;
#3402 = CARTESIAN_POINT ( 'NONE',  ( -9.949410856717763707, 16.25897500364687076, -2.352114928068063104 ) ) ;
#3403 = CARTESIAN_POINT ( 'NONE',  ( 11.43709982803999914, -21.15302449018999909, -3.066458808388000001 ) ) ;
#3404 = CARTESIAN_POINT ( 'NONE',  ( 18.68164053478274411, -9.052035900097287424, -1.706306646252000236 ) ) ;
#3405 = EDGE_CURVE ( 'NONE', #6796, #1707, #5615, .T. ) ;
#3406 = ORIENTED_EDGE ( 'NONE', *, *, #2667, .F. ) ;
#3407 = AXIS2_PLACEMENT_3D ( 'NONE', #1826, #3840, #1127 ) ;
#3408 = CARTESIAN_POINT ( 'NONE',  ( -17.82558997588838778, -1.257467430369250350, -1.679480061277720759 ) ) ;
#3409 = ADVANCED_FACE ( 'NONE', ( #1591 ), #1732, .T. ) ;
#3410 = CARTESIAN_POINT ( 'NONE',  ( -11.48908649984000085, 20.07410872730000051, -3.594041333379000225 ) ) ;
#3411 = CARTESIAN_POINT ( 'NONE',  ( 20.36024279324212216, -7.152187214151877193, 0.1720010403991260040 ) ) ;
#3412 = TOROIDAL_SURFACE ( 'NONE', #836, 1.235464736641000094, 0.2000000000000000111 ) ;
#3413 = VECTOR ( 'NONE', #7187, 1000.000000000000114 ) ;
#3414 = CARTESIAN_POINT ( 'NONE',  ( 20.72783750165638850, -0.9249999999767027914, -1.156306154321633750 ) ) ;
#3415 = ORIENTED_EDGE ( 'NONE', *, *, #4439, .F. ) ;
#3416 = CARTESIAN_POINT ( 'NONE',  ( -7.638584468207469946, 19.29286208218105969, 3.930378923504177724 ) ) ;
#3417 = DIRECTION ( 'NONE',  ( -1.000000000000000000, 0.000000000000000000, 0.000000000000000000 ) ) ;
#3418 = CARTESIAN_POINT ( 'NONE',  ( 10.02959788701000043, 21.86991624040999938, -2.754915068519000254 ) ) ;
#3419 = CARTESIAN_POINT ( 'NONE',  ( -12.88504270270266794, -16.05172775720033584, 1.285818653306850079 ) ) ;
#3420 = CARTESIAN_POINT ( 'NONE',  ( 20.20447835071999876, 6.839075508832999972, -0.1132463049639999969 ) ) ;
#3421 = LINE ( 'NONE', #7253, #6174 ) ;
#3422 = VERTEX_POINT ( 'NONE', #4848 ) ;
#3423 = DIRECTION ( 'NONE',  ( 1.000000000000000000, 0.000000000000000000, 3.398832943241394744E-14 ) ) ;
#3424 = CARTESIAN_POINT ( 'NONE',  ( 19.22890256754999783, 2.448001753138755683E-15, 5.638832967551000053 ) ) ;
#3425 = CARTESIAN_POINT ( 'NONE',  ( -12.88641205529058098, 11.37688978818809993, -2.066192302877590148 ) ) ;
#3426 = CARTESIAN_POINT ( 'NONE',  ( 20.78409846797008598, -0.5005946025477348016, -1.237161360244264596 ) ) ;
#3427 = CARTESIAN_POINT ( 'NONE',  ( 17.63630239654469634, -10.93267294757666797, 0.4260094985660037303 ) ) ;
#3428 = CARTESIAN_POINT ( 'NONE',  ( -21.27986591843999875, -0.9250002213522000583, -1.156306218934999963 ) ) ;
#3429 = FACE_OUTER_BOUND ( 'NONE', #4233, .T. ) ;
#3430 = CARTESIAN_POINT ( 'NONE',  ( 19.25556862827179927, 7.734775185496720162, -1.206302389603263192 ) ) ;
#3431 = CARTESIAN_POINT ( 'NONE',  ( -9.910588506443309242, 14.04916630692904178, -2.065599973720539939 ) ) ;
#3432 = FACE_OUTER_BOUND ( 'NONE', #1506, .T. ) ;
#3433 = CARTESIAN_POINT ( 'NONE',  ( 11.86276226370000053, -21.25571304038000164, -2.763309695494999829 ) ) ;
#3434 = ORIENTED_EDGE ( 'NONE', *, *, #463, .F. ) ;
#3435 = CARTESIAN_POINT ( 'NONE',  ( 10.46404499421000089, 21.19014161123000051, -0.04276532225909999985 ) ) ;
#3436 = AXIS2_PLACEMENT_3D ( 'NONE', #7740, #3709, #3063 ) ;
#3437 = CARTESIAN_POINT ( 'NONE',  ( -17.92943972748340897, -1.597607264956011131, -1.594552243156213578 ) ) ;
#3438 = CARTESIAN_POINT ( 'NONE',  ( -10.00165929138375276, -19.25285909184917088, -3.531920233407243703 ) ) ;
#3439 = CARTESIAN_POINT ( 'NONE',  ( -20.28208783643666635, 2.955000523135999480, 0.3236900194099885941 ) ) ;
#3440 = CARTESIAN_POINT ( 'NONE',  ( 12.61065527295091115, -18.11046584412290628, 1.103251058842077414 ) ) ;
#3441 = CIRCLE ( 'NONE', #497, 1.800000000000000044 ) ;
#3442 = VERTEX_POINT ( 'NONE', #2284 ) ;
#3443 = CARTESIAN_POINT ( 'NONE',  ( 21.20455058027999939, 2.303897295466000195, 0.8650939956907999218 ) ) ;
#3444 = CARTESIAN_POINT ( 'NONE',  ( 20.74312549810553108, 0.6167058467950297107, 1.853685383061999925 ) ) ;
#3445 = CARTESIAN_POINT ( 'NONE',  ( 19.17810011917398683, 7.922309186244992141, -1.206302817663649440 ) ) ;
#3446 = EDGE_LOOP ( 'NONE', ( #4726, #7063, #1047, #7700 ) ) ;
#3447 = CARTESIAN_POINT ( 'NONE',  ( 19.63351983041542681, -6.709131425833899875, 1.071727181386675998 ) ) ;
#3448 = CARTESIAN_POINT ( 'NONE',  ( 19.05522533055000167, 10.14265404670000059, 1.487477187702000103 ) ) ;
#3449 = ADVANCED_FACE ( 'NONE', ( #8553 ), #7719, .T. ) ;
#3450 = CIRCLE ( 'NONE', #3864, 19.22890256754999783 ) ;
#3451 = ADVANCED_FACE ( 'NONE', ( #6764 ), #6209, .T. ) ;
#3452 = CARTESIAN_POINT ( 'NONE',  ( 21.48973235986241903, -1.972359538508594801, 0.9145718634472140840 ) ) ;
#3453 = CARTESIAN_POINT ( 'NONE',  ( 12.58679876375000006, 14.85098320211000100, -2.193826739302000117 ) ) ;
#3454 = CARTESIAN_POINT ( 'NONE',  ( 20.72033514585369218, 1.127577668670528110, 1.853690749190042952 ) ) ;
#3455 = B_SPLINE_CURVE_WITH_KNOTS ( 'NONE', 3,
 ( #2877, #3645, #274, #1531, #181, #7613, #932, #5591, #7579, #6361, #2944, #245, #3581, #2314, #213, #6332, #8352, #3551 ),
 .UNSPECIFIED., .F., .F.,
 ( 4, 2, 2, 2, 2, 2, 2, 2, 4 ),
 ( 0.000000000000000000, 0.1250000000000000000, 0.2500000000000000000, 0.3750000000000000000, 0.5000000000000000000, 0.6250000000000000000, 0.7500000000000000000, 0.8750000000000000000, 1.000000000000000000 ),
 .UNSPECIFIED. ) ;
#3456 = CARTESIAN_POINT ( 'NONE',  ( 17.80132075435179217, -10.66201348557260609, 1.259428103450374703 ) ) ;
#3457 = CARTESIAN_POINT ( 'NONE',  ( -21.27399288049999626, -0.9092840963490000927, 1.810787182951999919 ) ) ;
#3458 = EDGE_LOOP ( 'NONE', ( #3191, #6326, #8111, #3950, #2300 ) ) ;
#3459 = CARTESIAN_POINT ( 'NONE',  ( -6.038271423409747207, 16.12109689208677921, -2.066306154244998528 ) ) ;
#3460 = EDGE_CURVE ( 'NONE', #7670, #2081, #1376, .T. ) ;
#3461 = CARTESIAN_POINT ( 'NONE',  ( -9.946048992184083559, 16.06686704315163183, -2.308262045492883718 ) ) ;
#3462 = VERTEX_POINT ( 'NONE', #4944 ) ;
#3463 = CARTESIAN_POINT ( 'NONE',  ( -2.193783490988753471, -17.05631208721947800, -2.066306154244998083 ) ) ;
#3464 = CARTESIAN_POINT ( 'NONE',  ( 19.86305039008235340, 6.001810467054228937, 0.3236924589759999638 ) ) ;
#3465 = EDGE_LOOP ( 'NONE', ( #561, #6219, #1341, #3778, #8501, #5584, #3331, #3697, #6647, #6429, #7424, #3803, #7784, #6009, #4419, #8536, #6837, #7902, #7211, #7218, #124, #5086 ) ) ;
#3466 = ORIENTED_EDGE ( 'NONE', *, *, #1712, .T. ) ;
#3467 = CARTESIAN_POINT ( 'NONE',  ( -17.80325214813695922, -1.114102262673232646, -1.699785651689042387 ) ) ;
#3468 = DIRECTION ( 'NONE',  ( 0.000000000000000000, 0.000000000000000000, -1.000000000000000000 ) ) ;
#3469 = CARTESIAN_POINT ( 'NONE',  ( -11.46543460223999844, 21.69357892144000033, -2.022795341251000245 ) ) ;
#3470 = CARTESIAN_POINT ( 'NONE',  ( 17.36524395393250231, -11.35797072955442033, 1.633951922507050014 ) ) ;
#3471 = CARTESIAN_POINT ( 'NONE',  ( 20.72783920506041966, 0.9249974357057322294, 1.803697689545103788 ) ) ;
#3472 = CARTESIAN_POINT ( 'NONE',  ( -10.25628488169999919, -20.30410278433999949, -3.813837610139000134 ) ) ;
#3473 = ORIENTED_EDGE ( 'NONE', *, *, #701, .F. ) ;
#3474 = AXIS2_PLACEMENT_3D ( 'NONE', #1862, #6591, #2496 ) ;
#3475 = CARTESIAN_POINT ( 'NONE',  ( 20.72937396330389603, -0.9249632443814409521, -1.706306396414690063 ) ) ;
#3476 = CARTESIAN_POINT ( 'NONE',  ( -9.967220358417000270, -17.27985394357607873, 0.2622106097276040715 ) ) ;
#3477 = ORIENTED_EDGE ( 'NONE', *, *, #5617, .F. ) ;
#3478 = CARTESIAN_POINT ( 'NONE',  ( -2.607494517253311272, 20.62676089357001885, 4.523749079003891893 ) ) ;
#3479 = CARTESIAN_POINT ( 'NONE',  ( 10.60789669779000022, 20.06990594796000238, -2.068331160266999813 ) ) ;
#3480 = CARTESIAN_POINT ( 'NONE',  ( 20.22717014899000176, 6.778453459801000669, 0.2867865336759999884 ) ) ;
#3481 = CARTESIAN_POINT ( 'NONE',  ( 19.15985428528999890, 9.941662087189000019, 1.487282774856000023 ) ) ;
#3482 = B_SPLINE_CURVE_WITH_KNOTS ( 'NONE', 3,
 ( #1838, #4478, #6572, #4537, #1223, #1899, #7957, #2534, #1195, #490, #5906, #3183, #7239, #7899, #5961, #5933, #7301, #1869 ),
 .UNSPECIFIED., .F., .F.,
 ( 4, 2, 2, 2, 2, 2, 2, 2, 4 ),
 ( 0.000000000000000000, 0.1242638585802024326, 0.2485277171604048652, 0.3727915757406072839, 0.4970554343208097303, 0.6213192929010121768, 0.7455831514812145677, 0.8698470100614170697, 0.9941108686416194606 ),
 .UNSPECIFIED. ) ;
#3483 = CARTESIAN_POINT ( 'NONE',  ( -10.03408252500398135, 21.11038490216282426, 0.1136486475382033623 ) ) ;
#3484 = CARTESIAN_POINT ( 'NONE',  ( 1.761716869902298699, -17.12304065358042493, -2.066306154244999416 ) ) ;
#3485 = ORIENTED_EDGE ( 'NONE', *, *, #5391, .T. ) ;
#3486 = CARTESIAN_POINT ( 'NONE',  ( 18.28208464384000109, -11.15012833613999987, 0.3319394888828000045 ) ) ;
#3487 = CARTESIAN_POINT ( 'NONE',  ( -9.881803826676000213, -14.33313536895000162, -2.063011047655999963 ) ) ;
#3488 = FACE_OUTER_BOUND ( 'NONE', #3570, .T. ) ;
#3489 = CARTESIAN_POINT ( 'NONE',  ( 19.73203300073932098, 6.636664251203962195, 3.633693845755059382 ) ) ;
#3490 = CARTESIAN_POINT ( 'NONE',  ( 18.69409550681999832, 10.21945713532999989, -1.091916933145999913 ) ) ;
#3491 = AXIS2_PLACEMENT_3D ( 'NONE', #4350, #4911, #873 ) ;
#3492 = CARTESIAN_POINT ( 'NONE',  ( -18.16895121898825849, -8.403001290380617050, 0.3641411396318279259 ) ) ;
#3493 = LINE ( 'NONE', #7475, #8660 ) ;
#3494 = CARTESIAN_POINT ( 'NONE',  ( 12.07172012303000130, -21.12453477494000254, -0.3876141265029000027 ) ) ;
#3495 = CARTESIAN_POINT ( 'NONE',  ( 1.358084326288432564, 20.74999999985792698, 3.383693845753999341 ) ) ;
#3496 = ORIENTED_EDGE ( 'NONE', *, *, #639, .T. ) ;
#3497 = FACE_OUTER_BOUND ( 'NONE', #4451, .T. ) ;
#3498 = CARTESIAN_POINT ( 'NONE',  ( -10.29478097293000083, 14.68440541648000064, -2.101313466116999873 ) ) ;
#3499 = CARTESIAN_POINT ( 'NONE',  ( 12.21323437709000004, -17.90533540079999852, -2.956714735953000162 ) ) ;
#3500 = ADVANCED_FACE ( 'NONE', ( #3488 ), #5834, .T. ) ;
#3501 = CARTESIAN_POINT ( 'NONE',  ( -11.93863281331044135, 19.91139406426545122, -3.538233549207975059 ) ) ;
#3502 = CARTESIAN_POINT ( 'NONE',  ( -11.76624356296999885, 21.65313020596999749, -1.624330951387999988 ) ) ;
#3503 = CARTESIAN_POINT ( 'NONE',  ( 18.72087946240082701, 8.840183348628427140, 0.01155709257242828157 ) ) ;
#3504 = EDGE_CURVE ( 'NONE', #5909, #6322, #6558, .T. ) ;
#3505 = CARTESIAN_POINT ( 'NONE',  ( 16.66824216647484747, 11.03301654913689944, 0.3235838568996294851 ) ) ;
#3506 = CARTESIAN_POINT ( 'NONE',  ( 20.15744671306000058, -6.962856710684999229, 1.063383561004999756 ) ) ;
#3507 = ADVANCED_FACE ( 'NONE', ( #8201, #4764, #8139, #5267 ), #6871, .T. ) ;
#3508 = AXIS2_PLACEMENT_3D ( 'NONE', #4922, #3627, #8335 ) ;
#3509 = EDGE_LOOP ( 'NONE', ( #5390, #482, #6639, #2198, #8445, #5309 ) ) ;
#3510 = LINE ( 'NONE', #2648, #8672 ) ;
#3511 = CARTESIAN_POINT ( 'NONE',  ( 20.53850328092804745, 2.955000846827434913, 1.633799503896349981 ) ) ;
#3512 = CARTESIAN_POINT ( 'NONE',  ( 10.03128872696336060, -20.95032831959953157, -3.691772699005064773 ) ) ;
#3513 = CARTESIAN_POINT ( 'NONE',  ( 19.17809679427295322, 7.922317368868619702, -1.706306466701889901 ) ) ;
#3514 = CARTESIAN_POINT ( 'NONE',  ( 19.62051854385362759, 6.755335732993773767, -1.302305684441485090 ) ) ;
#3515 = CARTESIAN_POINT ( 'NONE',  ( 16.12297250571559459, 10.57857955113088622, -0.5241426012563156211 ) ) ;
#3516 = ORIENTED_EDGE ( 'NONE', *, *, #4823, .T. ) ;
#3517 = EDGE_CURVE ( 'NONE', #4395, #7467, #474, .T. ) ;
#3518 = EDGE_CURVE ( 'NONE', #3832, #8017, #3822, .T. ) ;
#3519 = DIRECTION ( 'NONE',  ( 0.000000000000000000, -1.000000000000000000, 0.000000000000000000 ) ) ;
#3520 = CARTESIAN_POINT ( 'NONE',  ( 10.80479302763000149, 18.00617699490999968, -2.952167476526999845 ) ) ;
#3521 = CARTESIAN_POINT ( 'NONE',  ( 18.37851425155999863, -10.98310514600999888, -0.3963743944758000293 ) ) ;
#3522 = CARTESIAN_POINT ( 'NONE',  ( -12.16966887168000078, 18.21385617362000175, -3.096306168447999774 ) ) ;
#3523 = CARTESIAN_POINT ( 'NONE',  ( -11.73354591386000045, -21.61638440006000295, -2.022982249636999796 ) ) ;
#3524 = ORIENTED_EDGE ( 'NONE', *, *, #1753, .T. ) ;
#3525 = CARTESIAN_POINT ( 'NONE',  ( -11.55145643182000192, 19.33946018741000117, -3.553238896472000086 ) ) ;
#3526 = CARTESIAN_POINT ( 'NONE',  ( 11.90159690266000148, -21.61557401933999856, -1.623227418983999915 ) ) ;
#3527 = EDGE_CURVE ( 'NONE', #1840, #3327, #4612, .T. ) ;
#3528 = CARTESIAN_POINT ( 'NONE',  ( -12.20143506690000024, 16.19039374855000091, -2.405427344162000214 ) ) ;
#3529 = EDGE_CURVE ( 'NONE', #6109, #1978, #2718, .T. ) ;
#3530 = CARTESIAN_POINT ( 'NONE',  ( 9.946911109181000299, -17.58932648943000032, -2.736004213271999497 ) ) ;
#3531 = CARTESIAN_POINT ( 'NONE',  ( -12.06849616755000376, 18.80992854343536180, -3.350254606831455817 ) ) ;
#3532 = CARTESIAN_POINT ( 'NONE',  ( -10.03026980954999914, 22.00549081646000005, -0.9098204398725999731 ) ) ;
#3533 = CARTESIAN_POINT ( 'NONE',  ( 18.46130251175506132, 9.382285446109392524, 0.6357841220467992382 ) ) ;
#3534 = VECTOR ( 'NONE', #3043, 1000.000000000000000 ) ;
#3535 = CARTESIAN_POINT ( 'NONE',  ( 12.19949379238000020, 20.87411767526000261, 0.6585941367929000201 ) ) ;
#3536 = ORIENTED_EDGE ( 'NONE', *, *, #641, .F. ) ;
#3537 = CARTESIAN_POINT ( 'NONE',  ( -12.93540905052000234, 12.66343731115000004, -0.7642295702596999529 ) ) ;
#3538 = CARTESIAN_POINT ( 'NONE',  ( 18.82099125682406893, -8.665948482240898088, -0.6127465671618832488 ) ) ;
#3539 = CARTESIAN_POINT ( 'NONE',  ( 12.05855159821567035, -20.62921150634931777, -0.01567863754318641820 ) ) ;
#3540 = LINE ( 'NONE', #6774, #800 ) ;
#3541 = VERTEX_POINT ( 'NONE', #6975 ) ;
#3542 = CARTESIAN_POINT ( 'NONE',  ( -12.14797124060433831, 18.22673769787200371, -3.101741423788159757 ) ) ;
#3543 = CARTESIAN_POINT ( 'NONE',  ( 19.17596171721811871, -7.921306497795231216, 1.803647460329242724 ) ) ;
#3544 = CARTESIAN_POINT ( 'NONE',  ( 18.89650167638999889, 9.814835168331999427, 1.810787226470000011 ) ) ;
#3545 = ADVANCED_FACE ( 'NONE', ( #1479 ), #1271, .T. ) ;
#3546 = B_SPLINE_CURVE_WITH_KNOTS ( 'NONE', 3,
 ( #5346, #8019, #2859, #4799, #764, #6161, #2103, #6823 ),
 .UNSPECIFIED., .F., .F.,
 ( 4, 2, 2, 4 ),
 ( 7.611068361834778276E-18, 0.001754475526371912335, 0.003508951052743817297, 0.007017902105487626788 ),
 .UNSPECIFIED. ) ;
#3547 = AXIS2_PLACEMENT_3D ( 'NONE', #4374, #992, #387 ) ;
#3548 = ADVANCED_FACE ( 'NONE', ( #8033 ), #7583, .F. ) ;
#3549 = VECTOR ( 'NONE', #4368, 1000.000000000000114 ) ;
#3550 = CARTESIAN_POINT ( 'NONE',  ( -14.88862458246234688, 14.51134292464707976, 1.634048852201319013 ) ) ;
#3551 = CARTESIAN_POINT ( 'NONE',  ( -20.75000000000000000, 1.737181189057269824E-09, 4.202389014246000087 ) ) ;
#3552 = ORIENTED_EDGE ( 'NONE', *, *, #1311, .F. ) ;
#3553 = CARTESIAN_POINT ( 'NONE',  ( 19.83549875779999994, 8.263862603593999268, -0.9472287252572999527 ) ) ;
#3554 = CARTESIAN_POINT ( 'NONE',  ( -11.91912555364999982, 18.47556322231000081, -3.210822991941999938 ) ) ;
#3555 = CARTESIAN_POINT ( 'NONE',  ( 20.54398564820501250, 3.367950773366929607, 3.633693845755044283 ) ) ;
#3556 = CARTESIAN_POINT ( 'NONE',  ( -5.545734977061997029, 12.35000000000000142, -2.066306154244998528 ) ) ;
#3557 = EDGE_CURVE ( 'NONE', #6538, #6781, #432, .T. ) ;
#3558 = CARTESIAN_POINT ( 'NONE',  ( 2.531957257237152659E-15, -20.67499999999999716, 3.458693845755000051 ) ) ;
#3559 = CARTESIAN_POINT ( 'NONE',  ( 11.73354591194999941, -21.61638440061000210, -2.022982249634999619 ) ) ;
#3560 = CARTESIAN_POINT ( 'NONE',  ( 19.99453562749000213, -7.382091707894000265, -0.9002357510927000428 ) ) ;
#3561 = EDGE_CURVE ( 'NONE', #2729, #3357, #1885, .T. ) ;
#3562 = FACE_BOUND ( 'NONE', #3163, .T. ) ;
#3563 = ORIENTED_EDGE ( 'NONE', *, *, #1585, .F. ) ;
#3564 = CARTESIAN_POINT ( 'NONE',  ( 17.64158578053707416, 10.92416361124447377, 0.1210338093975846796 ) ) ;
#3565 = CARTESIAN_POINT ( 'NONE',  ( 11.03385765023999987, -13.14855678734000044, -2.065652846627000105 ) ) ;
#3566 = CIRCLE ( 'NONE', #5812, 1.049999999999999822 ) ;
#3567 = CARTESIAN_POINT ( 'NONE',  ( -10.63076553063000063, 21.93252496699999909, -2.026714812359000195 ) ) ;
#3568 = CARTESIAN_POINT ( 'NONE',  ( 19.09734994531304508, 8.131714375455587174, 1.884389216959693636 ) ) ;
#3569 = CARTESIAN_POINT ( 'NONE',  ( 19.05709107027173488, -8.206082666650640789, 1.803645897904861295 ) ) ;
#3570 = EDGE_LOOP ( 'NONE', ( #7806, #8633, #1777, #6081 ) ) ;
#3571 = CARTESIAN_POINT ( 'NONE',  ( 18.00890280851641023, -10.27659160749359835, -0.6125610190739780858 ) ) ;
#3572 = CARTESIAN_POINT ( 'NONE',  ( 20.54623532919756101, -2.902653085535501720, -0.2054692280037070107 ) ) ;
#3573 = VERTEX_POINT ( 'NONE', #1182 ) ;
#3574 = EDGE_CURVE ( 'NONE', #8420, #1887, #2518, .T. ) ;
#3575 = CARTESIAN_POINT ( 'NONE',  ( -20.53848984542445066, -2.954999363284999792, 1.633731880146235049 ) ) ;
#3576 = CARTESIAN_POINT ( 'NONE',  ( 1.300000000000000044, 12.34999999999999964, -1.816306154244996973 ) ) ;
#3577 = CARTESIAN_POINT ( 'NONE',  ( 20.35022634875002012, 7.181025101511198550, 0.01817709087253629313 ) ) ;
#3578 = EDGE_LOOP ( 'NONE', ( #4307, #3536, #4201, #1658 ) ) ;
#3579 = VERTEX_POINT ( 'NONE', #1854 ) ;
#3580 = EDGE_LOOP ( 'NONE', ( #4249, #8071, #4751, #91 ) ) ;
#3581 = CARTESIAN_POINT ( 'NONE',  ( -18.65078392952971598, -9.195387531031661510, 4.202389014246000087 ) ) ;
#3582 = CARTESIAN_POINT ( 'NONE',  ( 20.03365075087999969, 7.527929170135999826, 1.578245128565000099 ) ) ;
#3583 = DIRECTION ( 'NONE',  ( -1.000000000000000000, 0.000000000000000000, 0.000000000000000000 ) ) ;
#3584 = CARTESIAN_POINT ( 'NONE',  ( -10.03749910602829942, -21.30607164643510032, -0.02725726599708559739 ) ) ;
#3585 = ORIENTED_EDGE ( 'NONE', *, *, #6025, .F. ) ;
#3586 = CARTESIAN_POINT ( 'NONE',  ( 19.96700032249000145, -7.440862647638000205, 1.677565913380999918 ) ) ;
#3587 = ORIENTED_EDGE ( 'NONE', *, *, #128, .T. ) ;
#3588 = EDGE_CURVE ( 'NONE', #8298, #4371, #3868, .T. ) ;
#3589 = CARTESIAN_POINT ( 'NONE',  ( -9.987870644879999205, 19.65652599458999816, -3.741870563796999782 ) ) ;
#3590 = DIRECTION ( 'NONE',  ( 1.000000000000000000, 0.000000000000000000, 0.000000000000000000 ) ) ;
#3591 = CARTESIAN_POINT ( 'NONE',  ( 11.71155547504999994, -21.50003004817000019, -2.407281046753000364 ) ) ;
#3592 = CARTESIAN_POINT ( 'NONE',  ( 20.08657009563999907, -7.147207431488999951, -0.6834376230115000173 ) ) ;
#3593 = ORIENTED_EDGE ( 'NONE', *, *, #8546, .F. ) ;
#3594 = CARTESIAN_POINT ( 'NONE',  ( -12.02140850589000109, 12.60701523037999827, -2.069946980361999866 ) ) ;
#3595 = CARTESIAN_POINT ( 'NONE',  ( 10.27381408729999990, -17.40863904389999917, -2.694535236777999998 ) ) ;
#3596 = DIRECTION ( 'NONE',  ( 7.734066136568070346E-14, -1.246394033880063983E-13, 1.000000000000000000 ) ) ;
#3597 = CARTESIAN_POINT ( 'NONE',  ( -11.04772084750000083, 21.70460125472000001, -2.402433736544000276 ) ) ;
#3598 = CARTESIAN_POINT ( 'NONE',  ( 18.85043333962241263, 8.679680172303919861, 1.884354362516688752 ) ) ;
#3599 = CARTESIAN_POINT ( 'NONE',  ( -10.01063734392761972, -19.76721137760337399, -3.787131047574078035 ) ) ;
#3600 = CARTESIAN_POINT ( 'NONE',  ( 20.22620135112000028, -6.781087695665999782, 0.4343919718165000221 ) ) ;
#3601 = ADVANCED_FACE ( 'NONE', ( #3083 ), #646, .T. ) ;
#3602 = ORIENTED_EDGE ( 'NONE', *, *, #1986, .T. ) ;
#3603 = AXIS2_PLACEMENT_3D ( 'NONE', #5621, #6299, #2878 ) ;
#3604 = CARTESIAN_POINT ( 'NONE',  ( 19.29965792485831599, -7.562937109272289682, -0.6128702658855404994 ) ) ;
#3605 = CARTESIAN_POINT ( 'NONE',  ( -21.52608574878264847, 1.524919049238506519, 1.342644921631701349 ) ) ;
#3606 = VERTEX_POINT ( 'NONE', #5891 ) ;
#3607 = CARTESIAN_POINT ( 'NONE',  ( -12.79825637465625654, -14.37257120157238255, -0.5665119351107805734 ) ) ;
#3608 = CARTESIAN_POINT ( 'NONE',  ( 18.98892446118999899, 9.847973048321998490, -1.055401115146000102 ) ) ;
#3609 = VECTOR ( 'NONE', #4393, 1000.000000000000114 ) ;
#3610 = B_SPLINE_CURVE_WITH_KNOTS ( 'NONE', 3,
 ( #3140, #5947, #4548, #8575, #7197, #5863, #5918, #1851, #5148, #6584, #2542, #6525, #2487, #5888 ),
 .UNSPECIFIED., .F., .F.,
 ( 4, 2, 2, 2, 2, 2, 4 ),
 ( 0.001404406363002252359, 0.001762715734410975812, 0.001941870420115335370, 0.002121025105819695361, 0.002300179791524054919, 0.002479334477228414477, 0.002837643848637134026 ),
 .UNSPECIFIED. ) ;
#3611 = CARTESIAN_POINT ( 'NONE',  ( -9.992559694054135022, 18.73154351024512820, 1.412600147948009921 ) ) ;
#3612 = CARTESIAN_POINT ( 'NONE',  ( 11.96962753727999917, 13.34616836440000043, -2.088990307272999836 ) ) ;
#3613 = CARTESIAN_POINT ( 'NONE',  ( 20.32449295809999867, 7.270643674811999801, 0.9442143459269000116 ) ) ;
#3614 = CARTESIAN_POINT ( 'NONE',  ( -10.75444310008000137, 18.91142179231000142, -3.388844250308000294 ) ) ;
#3615 = EDGE_CURVE ( 'NONE', #708, #5376, #5298, .T. ) ;
#3616 = CARTESIAN_POINT ( 'NONE',  ( -11.86558263509999911, -21.45224269635999903, -2.409392805099999979 ) ) ;
#3617 = ORIENTED_EDGE ( 'NONE', *, *, #2566, .F. ) ;
#3618 = CIRCLE ( 'NONE', #7940, 17.39991456012002402 ) ;
#3619 = DIRECTION ( 'NONE',  ( -0.9063077870366585964, 0.4226182617406808451, -0.000000000000000000 ) ) ;
#3620 = AXIS2_PLACEMENT_3D ( 'NONE', #6766, #8708, #4687 ) ;
#3621 = CARTESIAN_POINT ( 'NONE',  ( -10.25629830179999935, 20.30409684380000002, -3.813835503442000174 ) ) ;
#3622 = CARTESIAN_POINT ( 'NONE',  ( 10.02545749971000077, -21.78159460799999891, -0.4373934078082000187 ) ) ;
#3623 = CARTESIAN_POINT ( 'NONE',  ( 20.17560357214999911, -6.914346505850000213, -0.3182694445195000110 ) ) ;
#3624 = CARTESIAN_POINT ( 'NONE',  ( -9.974235639494999361, 18.98253610871000063, -3.380364271764999984 ) ) ;
#3625 = VERTEX_POINT ( 'NONE', #1153 ) ;
#3626 = CARTESIAN_POINT ( 'NONE',  ( 10.25629559442000094, -19.14047727534000032, -3.485079052929000110 ) ) ;
#3627 = DIRECTION ( 'NONE',  ( -2.867708335974965268E-12, 5.143410369499670122E-14, 1.000000000000000000 ) ) ;
#3628 = DIRECTION ( 'NONE',  ( 0.000000000000000000, -1.000000000000000000, 0.000000000000000000 ) ) ;
#3629 = CARTESIAN_POINT ( 'NONE',  ( 18.76577061699902060, 8.861236274685683867, 1.884342744367086153 ) ) ;
#3630 = CARTESIAN_POINT ( 'NONE',  ( 18.89517309965000180, 9.831579109901998237, 1.803693852574999923 ) ) ;
#3631 = CARTESIAN_POINT ( 'NONE',  ( 11.99670990452526453, 12.38450885957033698, -2.066306154244998528 ) ) ;
#3632 = CARTESIAN_POINT ( 'NONE',  ( 19.28668768832070413, -7.556747228766823810, 0.6356896553857365184 ) ) ;
#3633 = ORIENTED_EDGE ( 'NONE', *, *, #5122, .T. ) ;
#3634 = DIRECTION ( 'NONE',  ( 0.000000000000000000, 1.000000000000000000, 0.000000000000000000 ) ) ;
#3635 = CARTESIAN_POINT ( 'NONE',  ( 11.95607095008999821, 19.91746107988999981, -3.534732586327999915 ) ) ;
#3636 = CARTESIAN_POINT ( 'NONE',  ( 12.57103873708999942, -18.55210559238999934, 1.212940083950999837 ) ) ;
#3637 = DIRECTION ( 'NONE',  ( -0.9063077870366587074, 0.4226182617406809006, 0.000000000000000000 ) ) ;
#3638 = EDGE_CURVE ( 'NONE', #185, #4696, #5356, .T. ) ;
#3639 = EDGE_CURVE ( 'NONE', #6322, #1447, #859, .T. ) ;
#3640 = FACE_OUTER_BOUND ( 'NONE', #8400, .T. ) ;
#3641 = EDGE_LOOP ( 'NONE', ( #6032, #4381, #2740, #5797, #7161, #58, #2064 ) ) ;
#3642 = EDGE_CURVE ( 'NONE', #4015, #1018, #4450, .T. ) ;
#3643 = ADVANCED_FACE ( 'NONE', ( #2229, #7824 ), #4613, .T. ) ;
#3644 = CARTESIAN_POINT ( 'NONE',  ( -19.22890256754999783, 0.000000000000000000, 5.638832967551000053 ) ) ;
#3645 = CARTESIAN_POINT ( 'NONE',  ( -1.358084324280440125, -20.75000000000000711, 4.202389014246000976 ) ) ;
#3646 = CARTESIAN_POINT ( 'NONE',  ( 20.32758934977000109, 7.261963003596999755, -0.2838121011692000262 ) ) ;
#3647 = CARTESIAN_POINT ( 'NONE',  ( 21.33799165453999791, 1.645934724996000131, 1.579494678362999949 ) ) ;
#3648 = CARTESIAN_POINT ( 'NONE',  ( 19.77029553981000021, -7.919221955659999423, -1.163448766367999987 ) ) ;
#3649 = CARTESIAN_POINT ( 'NONE',  ( -12.13475142515999927, 18.47844972939000030, -3.214217825914999604 ) ) ;
#3650 = LINE ( 'NONE', #1802, #2919 ) ;
#3651 = ORIENTED_EDGE ( 'NONE', *, *, #6472, .F. ) ;
#3652 = CARTESIAN_POINT ( 'NONE',  ( -12.16332626746135936, -20.59462969788540221, -0.01560723530122649916 ) ) ;
#3653 = AXIS2_PLACEMENT_3D ( 'NONE', #1976, #6707, #3336 ) ;
#3654 = CARTESIAN_POINT ( 'NONE',  ( 10.66859988656913316, -20.48986103379041523, -3.680523543352799631 ) ) ;
#3655 = CARTESIAN_POINT ( 'NONE',  ( -11.99963771692949166, -16.96933055647921762, 1.633730565805999957 ) ) ;
#3656 = CARTESIAN_POINT ( 'NONE',  ( -17.76273947703564815, -8.201986618498599668, -0.2133912639969779146 ) ) ;
#3657 = CARTESIAN_POINT ( 'NONE',  ( -11.99916824929313464, -12.38354714082854535, -2.066306154244998528 ) ) ;
#3658 = CARTESIAN_POINT ( 'NONE',  ( 20.74961213188427678, -6.335575262370154868E-10, 1.853686189673586782 ) ) ;
#3659 = FACE_OUTER_BOUND ( 'NONE', #5435, .T. ) ;
#3660 = ORIENTED_EDGE ( 'NONE', *, *, #8371, .F. ) ;
#3661 = CARTESIAN_POINT ( 'NONE',  ( 19.05394941997462865, -8.111328235765755679, 0.6357515047480416515 ) ) ;
#3662 = DIRECTION ( 'NONE',  ( 0.000000000000000000, 0.000000000000000000, 1.000000000000000000 ) ) ;
#3663 = CARTESIAN_POINT ( 'NONE',  ( -4.002345807250999772E-14, -4.492992819432999391E-13, 3.583693845755000051 ) ) ;
#3664 = CARTESIAN_POINT ( 'NONE',  ( 9.981362475979999260, 19.31075340746999913, -3.562371818682000146 ) ) ;
#3665 = LINE ( 'NONE', #2548, #167 ) ;
#3666 = VERTEX_POINT ( 'NONE', #2661 ) ;
#3667 = CARTESIAN_POINT ( 'NONE',  ( 20.20197394113939637, 7.588680314853827547, 1.264012475663052193 ) ) ;
#3668 = CARTESIAN_POINT ( 'NONE',  ( -19.35596342343702148, 2.884968866970717194, -0.2080579981824442481 ) ) ;
#3669 = B_SPLINE_CURVE_WITH_KNOTS ( 'NONE', 3,
 ( #709, #2082, #2111, #6230, #6776, #2777, #3443, #8165, #8222, #1378, #2172, #79, #4066, #4178, #4120, #6115, #142, #6195, #830, #772, #7423, #5522, #5490, #1433 ),
 .UNSPECIFIED., .F., .F.,
 ( 4, 1, 1, 1, 1, 1, 1, 1, 1, 1, 1, 1, 1, 1, 1, 1, 1, 1, 1, 1, 1, 4 ),
 ( 0.000000000000000000, 0.04761904761904999644, 0.09523809523809999289, 0.1428571428570999946, 0.1904761904761999858, 0.2380952380951999736, 0.2857142857143000203, 0.3333333333333000081, 0.3809523809523999716, 0.4285714285713999594, 0.4761904761904999783, 0.5238095238095000772, 0.5714285714286000406, 0.6190476190476000840, 0.6666666666667000474, 0.7142857142856999797, 0.7619047619048000541, 0.8095238095237999865, 0.8571428571429000609, 0.9047619047618999932, 0.9523809523809999567, 1.000000000000000000 ),
 .UNSPECIFIED. ) ;
#3670 = AXIS2_PLACEMENT_3D ( 'NONE', #380, #1064, #2423 ) ;
#3671 = CARTESIAN_POINT ( 'NONE',  ( 14.64957679463953788, 14.86041986022866723, 1.633707553927400857 ) ) ;
#3672 = CARTESIAN_POINT ( 'NONE',  ( 10.99753792385000040, 14.17433992808999754, -2.100090351621000107 ) ) ;
#3673 = CARTESIAN_POINT ( 'NONE',  ( 19.96621087242000314, 7.442796700054000070, 1.676266682053999979 ) ) ;
#3674 = CARTESIAN_POINT ( 'NONE',  ( -5.380113298405845512, -20.08634545974356200, 3.383693845753999785 ) ) ;
#3675 = ORIENTED_EDGE ( 'NONE', *, *, #8319, .F. ) ;
#3676 = CARTESIAN_POINT ( 'NONE',  ( 20.32754371879999766, -7.261963003283999463, 0.9311509712155999763 ) ) ;
#3677 = CARTESIAN_POINT ( 'NONE',  ( 4.889014980769000368E-05, -0.0002174092057525999942, -1.001306151689000057 ) ) ;
#3678 = CARTESIAN_POINT ( 'NONE',  ( -17.39991456012002402, 0.000000000000000000, 5.752848945473099107 ) ) ;
#3679 = ORIENTED_EDGE ( 'NONE', *, *, #6907, .F. ) ;
#3680 = CARTESIAN_POINT ( 'NONE',  ( -9.983114246104920042, 18.19064690975329768, 1.633711975696015006 ) ) ;
#3681 = ORIENTED_EDGE ( 'NONE', *, *, #2035, .T. ) ;
#3682 =( GEOMETRIC_REPRESENTATION_CONTEXT ( 3 ) GLOBAL_UNCERTAINTY_ASSIGNED_CONTEXT ( ( #8422 ) ) GLOBAL_UNIT_ASSIGNED_CONTEXT ( ( #8039, #6067, #2731 ) ) REPRESENTATION_CONTEXT ( 'NONE', 'WORKASPACE' ) );
#3683 = CARTESIAN_POINT ( 'NONE',  ( 19.67699888206000125, -8.154948308885998642, 1.803645904724999971 ) ) ;
#3684 = ORIENTED_EDGE ( 'NONE', *, *, #2599, .T. ) ;
#3685 = CARTESIAN_POINT ( 'NONE',  ( 19.69393750809419785, -6.529830681857694330, 0.1272436958924628436 ) ) ;
#3686 = CARTESIAN_POINT ( 'NONE',  ( 12.85569842081807934, 12.88493140679206839, 0.08369384575500000978 ) ) ;
#3687 = CARTESIAN_POINT ( 'NONE',  ( -11.23444923763999981, 20.86442806185999643, 0.006377135199659000192 ) ) ;
#3688 = CARTESIAN_POINT ( 'NONE',  ( 20.64088561994524795, -2.110342288354986717, 1.231461958420901670 ) ) ;
#3689 = DIRECTION ( 'NONE',  ( 1.000000000000000000, -0.000000000000000000, -0.000000000000000000 ) ) ;
#3690 = ADVANCED_FACE ( 'NONE', ( #3281 ), #2445, .F. ) ;
#3691 = VERTEX_POINT ( 'NONE', #3986 ) ;
#3692 = EDGE_LOOP ( 'NONE', ( #7019, #2446, #7533, #1170 ) ) ;
#3693 = CARTESIAN_POINT ( 'NONE',  ( 19.66075024862995591, -6.634681623091660541, 1.009971153469572336 ) ) ;
#3694 = EDGE_LOOP ( 'NONE', ( #6289, #1242, #407, #6126 ) ) ;
#3695 = CARTESIAN_POINT ( 'NONE',  ( -3.953200756471000193E-13, 0.000000000000000000, 3.508693845755001206 ) ) ;
#3696 = EDGE_CURVE ( 'NONE', #1345, #3355, #7603, .T. ) ;
#3697 = ORIENTED_EDGE ( 'NONE', *, *, #409, .F. ) ;
#3698 = CARTESIAN_POINT ( 'NONE',  ( -21.55958320529000005, 0.9371520638264999592, -0.8463062152477000000 ) ) ;
#3699 = CARTESIAN_POINT ( 'NONE',  ( 10.64610203223999996, 20.13146139314000038, -3.752640010682000149 ) ) ;
#3700 = CARTESIAN_POINT ( 'NONE',  ( 11.83510801781999966, -21.08282308420000106, -3.229719276082000157 ) ) ;
#3701 = CARTESIAN_POINT ( 'NONE',  ( -5.380113294111575684, 20.08634546088307005, 3.383693845753999785 ) ) ;
#3702 = CARTESIAN_POINT ( 'NONE',  ( -21.19669270782999959, -2.405006333196999968, 0.3236938625995999796 ) ) ;
#3703 = CARTESIAN_POINT ( 'NONE',  ( 1.300000000000000044, 13.58546473663999876, -1.496306154245000020 ) ) ;
#3704 = CARTESIAN_POINT ( 'NONE',  ( -20.75000000000025224, 3.530143683562605094E-09, 3.383693845754244922 ) ) ;
#3705 = VERTEX_POINT ( 'NONE', #1349 ) ;
#3706 = DIRECTION ( 'NONE',  ( 0.000000000000000000, 0.9961946980917451011, -0.08715574274766389740 ) ) ;
#3707 = EDGE_CURVE ( 'NONE', #2430, #428, #8605, .T. ) ;
#3708 = DIRECTION ( 'NONE',  ( -0.9063077870366585964, 0.4226182617406808451, 0.000000000000000000 ) ) ;
#3709 = DIRECTION ( 'NONE',  ( 0.000000000000000000, -0.000000000000000000, 1.000000000000000000 ) ) ;
#3710 = CARTESIAN_POINT ( 'NONE',  ( -20.08634546023308332, -5.380113296564563719, 4.523749079003891005 ) ) ;
#3711 = VERTEX_POINT ( 'NONE', #1319 ) ;
#3712 = CONICAL_SURFACE ( 'NONE', #7260, 20.69999999999999929, 0.7853981633972997312 ) ;
#3713 = CARTESIAN_POINT ( 'NONE',  ( -1.300000004056850011, 10.91529632373716296, -1.478875005755042382 ) ) ;
#3714 = DIRECTION ( 'NONE',  ( 3.483033364705614293E-11, -1.000000000000000000, 0.000000000000000000 ) ) ;
#3715 = CARTESIAN_POINT ( 'NONE',  ( 10.00207788381652740, -19.27684023652999912, -3.545144172838421426 ) ) ;
#3716 = CARTESIAN_POINT ( 'NONE',  ( -1.300000000000000044, 12.34999999999999964, -1.478875005814942689 ) ) ;
#3717 = CARTESIAN_POINT ( 'NONE',  ( 18.50479756327375469, 9.402447672845550386, -1.237001529696957869 ) ) ;
#3718 = CARTESIAN_POINT ( 'NONE',  ( 19.86305870348011027, -6.001782980275424784, 0.7604298498513999416 ) ) ;
#3719 = ORIENTED_EDGE ( 'NONE', *, *, #2279, .F. ) ;
#3720 = VECTOR ( 'NONE', #2946, 1000.000000000000000 ) ;
#3721 = DIRECTION ( 'NONE',  ( 0.000000000000000000, 0.000000000000000000, -1.000000000000000000 ) ) ;
#3722 = CARTESIAN_POINT ( 'NONE',  ( -11.37901272607000003, 18.46051900419000091, 1.284985719812999916 ) ) ;
#3723 = CARTESIAN_POINT ( 'NONE',  ( 11.14736564132000041, -19.15646843601999905, -3.516054576484000105 ) ) ;
#3724 = CARTESIAN_POINT ( 'NONE',  ( 11.97097313071000002, 19.77850932929999672, -3.546261664745000264 ) ) ;
#3725 = CARTESIAN_POINT ( 'NONE',  ( 19.26500532381999875, 0.9249999235549999366, 0.3236939221983999859 ) ) ;
#3726 = ORIENTED_EDGE ( 'NONE', *, *, #7928, .F. ) ;
#3727 = FACE_OUTER_BOUND ( 'NONE', #3168, .T. ) ;
#3728 = ADVANCED_FACE ( 'NONE', ( #5836 ), #1880, .T. ) ;
#3729 = CARTESIAN_POINT ( 'NONE',  ( 18.38539351118000198, -10.79345676620999939, -0.6826305853677999691 ) ) ;
#3730 = CARTESIAN_POINT ( 'NONE',  ( 12.13615340149288535, -18.31213249829236389, -3.139830897431517887 ) ) ;
#3731 = CARTESIAN_POINT ( 'NONE',  ( 21.46899809804000014, 0.9065377887144000502, 1.595038253101000114 ) ) ;
#3732 = AXIS2_PLACEMENT_3D ( 'NONE', #2895, #4299, #6988 ) ;
#3733 = EDGE_LOOP ( 'NONE', ( #5153, #5225 ) ) ;
#3734 = CARTESIAN_POINT ( 'NONE',  ( 20.60894183684018799, -2.416625414472000521, 0.7198221990918318713 ) ) ;
#3735 = CARTESIAN_POINT ( 'NONE',  ( 20.72783920506041966, 0.9249974357057322294, 1.803697689545103788 ) ) ;
#3736 = DIRECTION ( 'NONE',  ( 0.000000000000000000, -1.000000000000000000, 0.000000000000000000 ) ) ;
#3737 = CARTESIAN_POINT ( 'NONE',  ( 10.02813962910347989, -20.76965849733570124, -3.754900568629930380 ) ) ;
#3738 = B_SPLINE_CURVE_WITH_KNOTS ( 'NONE', 3,
 ( #8567, #5640, #3018, #4333, #8425, #6317 ),
 .UNSPECIFIED., .F., .F.,
 ( 4, 2, 4 ),
 ( 0.000000000000000000, 0.5000000000000000000, 1.000000000000000000 ),
 .UNSPECIFIED. ) ;
#3739 = CARTESIAN_POINT ( 'NONE',  ( -17.85126129933528460, -8.366535671807220353, -0.03482280130441724186 ) ) ;
#3740 = CARTESIAN_POINT ( 'NONE',  ( 17.84019396785375022, 10.63998232521223564, 1.884226562839443231 ) ) ;
#3741 = CARTESIAN_POINT ( 'NONE',  ( 20.72783920506041966, 0.9249974357057322294, 1.803697689545103788 ) ) ;
#3742 = ORIENTED_EDGE ( 'NONE', *, *, #757, .T. ) ;
#3743 = EDGE_CURVE ( 'NONE', #376, #5921, #592, .T. ) ;
#3744 = DIRECTION ( 'NONE',  ( -1.000000000000000000, 0.000000000000000000, 0.000000000000000000 ) ) ;
#3745 = DIRECTION ( 'NONE',  ( -1.758942079634000049E-12, -1.253024142742000083E-14, -1.000000000000000000 ) ) ;
#3746 = CIRCLE ( 'NONE', #2196, 0.9825396152541255868 ) ;
#3747 = ORIENTED_EDGE ( 'NONE', *, *, #8264, .F. ) ;
#3748 = CARTESIAN_POINT ( 'NONE',  ( -10.62037197403999933, -21.45672748599000101, -3.071422368968000249 ) ) ;
#3749 = CARTESIAN_POINT ( 'NONE',  ( 10.00195453495999942, -20.41498582499000136, -3.853751071538000339 ) ) ;
#3750 = CARTESIAN_POINT ( 'NONE',  ( -10.03749905366534101, 21.30606878218540245, -0.02725523396778005078 ) ) ;
#3751 = EDGE_CURVE ( 'NONE', #8739, #6444, #7389, .T. ) ;
#3752 = FACE_OUTER_BOUND ( 'NONE', #5265, .T. ) ;
#3753 = CARTESIAN_POINT ( 'NONE',  ( 20.53853640609935383, 2.954830337836707344, 0.05481472044747329880 ) ) ;
#3754 = CARTESIAN_POINT ( 'NONE',  ( 21.19672827828999928, -2.402242062822999902, 0.4342709752951000035 ) ) ;
#3755 = ORIENTED_EDGE ( 'NONE', *, *, #6733, .T. ) ;
#3756 = DIRECTION ( 'NONE',  ( -0.000000000000000000, -0.000000000000000000, -1.000000000000000000 ) ) ;
#3757 = CARTESIAN_POINT ( 'NONE',  ( 20.08634546016613598, -5.380113296828159086, 3.383693845753999785 ) ) ;
#3758 = CARTESIAN_POINT ( 'NONE',  ( -10.04498243945881519, 21.73484058305896127, -2.976377003572559854 ) ) ;
#3759 = FACE_OUTER_BOUND ( 'NONE', #1113, .T. ) ;
#3760 = B_SPLINE_CURVE_WITH_KNOTS ( 'NONE', 3,
 ( #1549, #7504, #4117, #7563 ),
 .UNSPECIFIED., .F., .F.,
 ( 4, 4 ),
 ( 0.000000000000000000, 1.000000000000000000 ),
 .UNSPECIFIED. ) ;
#3761 = ORIENTED_EDGE ( 'NONE', *, *, #8202, .F. ) ;
#3762 = CARTESIAN_POINT ( 'NONE',  ( -11.83510831475000025, 21.08278425349999807, -3.229777357029999685 ) ) ;
#3763 = CARTESIAN_POINT ( 'NONE',  ( 19.69393555780247951, -6.529837294086002331, 0.3236458873653511037 ) ) ;
#3764 = CARTESIAN_POINT ( 'NONE',  ( 10.00251877191762873, -19.30209869891062979, -3.559048022225844488 ) ) ;
#3765 = CARTESIAN_POINT ( 'NONE',  ( 11.87513989373403156, 20.67252650306345174, -3.302794389061346703 ) ) ;
#3766 = CARTESIAN_POINT ( 'NONE',  ( 18.19906436585630161, 9.923146608225174248, 1.260011151519637274 ) ) ;
#3767 = CARTESIAN_POINT ( 'NONE',  ( -4.002345807250999772E-14, -4.492992819432999391E-13, 3.508693845755001206 ) ) ;
#3768 = ADVANCED_FACE ( 'NONE', ( #1068 ), #1697, .T. ) ;
#3769 = LINE ( 'NONE', #2962, #1965 ) ;
#3770 = VERTEX_POINT ( 'NONE', #2325 ) ;
#3771 = CARTESIAN_POINT ( 'NONE',  ( -10.00833144321539692, 19.63510641454405814, -3.727452165870652756 ) ) ;
#3772 = CIRCLE ( 'NONE', #2628, 0.9814919921693741056 ) ;
#3773 = CARTESIAN_POINT ( 'NONE',  ( -10.02611992646999894, -21.67259210244999679, -3.080133598064999756 ) ) ;
#3774 = CARTESIAN_POINT ( 'NONE',  ( 10.00893417600000213, -20.79237226899000035, -3.752068861176999892 ) ) ;
#3775 = CARTESIAN_POINT ( 'NONE',  ( 12.88621533708354150, 11.37755126571295961, -2.066400928784905222 ) ) ;
#3776 = CARTESIAN_POINT ( 'NONE',  ( 21.47529646521316238, 2.122502984082229371, 0.4800005394149186588 ) ) ;
#3777 = ORIENTED_EDGE ( 'NONE', *, *, #7021, .T. ) ;
#3778 = ORIENTED_EDGE ( 'NONE', *, *, #3916, .F. ) ;
#3779 = CARTESIAN_POINT ( 'NONE',  ( -21.24638787888000024, 1.665814601886999924, -0.9591500262090999485 ) ) ;
#3780 = CARTESIAN_POINT ( 'NONE',  ( -21.21964727744000001, -2.084362567140999989, -0.5984595140317999773 ) ) ;
#3781 = CARTESIAN_POINT ( 'NONE',  ( -21.22945027770999715, 1.933462369116000001, 1.408830294314999954 ) ) ;
#3782 = CARTESIAN_POINT ( 'NONE',  ( 19.07119870070548018, -10.09993985349722934, -0.8463541020897002998 ) ) ;
#3783 = VERTEX_POINT ( 'NONE', #2795 ) ;
#3784 = CARTESIAN_POINT ( 'NONE',  ( 13.71215507388821209, -15.63277634527808146, 3.383693845753999785 ) ) ;
#3785 = VERTEX_POINT ( 'NONE', #2075 ) ;
#3786 = DIRECTION ( 'NONE',  ( 0.000000000000000000, 1.000000000000000000, 0.000000000000000000 ) ) ;
#3787 = CARTESIAN_POINT ( 'NONE',  ( -9.910538454117620688, -14.05042365475923916, -2.065365822652360350 ) ) ;
#3788 = EDGE_LOOP ( 'NONE', ( #7088, #6835, #7484, #6053 ) ) ;
#3789 = CARTESIAN_POINT ( 'NONE',  ( 14.39859428570664157, 13.81226562322761708, 0.2721007527501898560 ) ) ;
#3790 = CARTESIAN_POINT ( 'NONE',  ( -21.46847693711000105, 0.9198727755672000406, -0.9478588816957000951 ) ) ;
#3791 = CARTESIAN_POINT ( 'NONE',  ( 19.66971751808835478, -5.911658161900628983, 1.171823100917921190 ) ) ;
#3792 = B_SPLINE_CURVE_WITH_KNOTS ( 'NONE', 3,
 ( #1973, #6896, #2178, #2116, #8198, #4840, #5555, #6834, #4149, #5526, #6264, #4100 ),
 .UNSPECIFIED., .F., .F.,
 ( 4, 2, 2, 2, 2, 4 ),
 ( 0.000000000000000000, 0.001555474935309458621, 0.003110949870618917243, 0.003888687338273646554, 0.004666424805928375864, 0.006221899741237834486 ),
 .UNSPECIFIED. ) ;
#3793 = DIRECTION ( 'NONE',  ( 1.000000000000000000, 0.000000000000000000, 0.000000000000000000 ) ) ;
#3794 = CARTESIAN_POINT ( 'NONE',  ( 13.71215507455079141, -15.63277634469220700, 4.523749079003892781 ) ) ;
#3795 = VERTEX_POINT ( 'NONE', #5430 ) ;
#3796 = CARTESIAN_POINT ( 'NONE',  ( 19.32801377688762301, -7.551507244727841517, 1.814141257223746084 ) ) ;
#3797 = CARTESIAN_POINT ( 'NONE',  ( 12.15514266671000065, -18.31826116489000356, -3.142831744754000400 ) ) ;
#3798 = EDGE_CURVE ( 'NONE', #1455, #2158, #4019, .T. ) ;
#3799 = EDGE_CURVE ( 'NONE', #4977, #4523, #3493, .T. ) ;
#3800 = CARTESIAN_POINT ( 'NONE',  ( -11.12988044115999919, -21.67918000894000130, -0.8708725350319000968 ) ) ;
#3801 = CARTESIAN_POINT ( 'NONE',  ( 10.64610874826999876, -20.13145834782000065, -3.752638955059000025 ) ) ;
#3802 = CARTESIAN_POINT ( 'NONE',  ( 15.74433664127009713, -8.361553507592979884, -1.706268967830320005 ) ) ;
#3803 = ORIENTED_EDGE ( 'NONE', *, *, #193, .F. ) ;
#3804 = CARTESIAN_POINT ( 'NONE',  ( -2.356154175500491998, -17.88388552904327966, 5.710772084629348377 ) ) ;
#3805 = ADVANCED_FACE ( 'NONE', ( #4806 ), #5029, .T. ) ;
#3806 = CARTESIAN_POINT ( 'NONE',  ( 21.24638787310999888, 1.665814706723000027, -0.9591499662668000470 ) ) ;
#3807 = DIRECTION ( 'NONE',  ( -1.000000000000000000, -0.000000000000000000, -0.000000000000000000 ) ) ;
#3808 = CARTESIAN_POINT ( 'NONE',  ( -10.00286822004432175, 19.31473326285174963, -3.565986058526120051 ) ) ;
#3809 = ORIENTED_EDGE ( 'NONE', *, *, #3980, .T. ) ;
#3810 = EDGE_CURVE ( 'NONE', #7148, #7885, #6699, .T. ) ;
#3811 = VECTOR ( 'NONE', #6763, 1000.000000000000114 ) ;
#3812 = CARTESIAN_POINT ( 'NONE',  ( -12.22158146253618050, -17.69463511635370523, -2.864770031255909455 ) ) ;
#3813 = CARTESIAN_POINT ( 'NONE',  ( 18.79818606299748396, 5.558093490092907096, -0.1792464368773282468 ) ) ;
#3814 = CARTESIAN_POINT ( 'NONE',  ( 20.22712725653000021, 6.778433459180999598, 0.3236938625995999796 ) ) ;
#3815 = CARTESIAN_POINT ( 'NONE',  ( 12.80227274660493464, 15.00325806382373095, -0.04962812935056695046 ) ) ;
#3816 = B_SPLINE_CURVE_WITH_KNOTS ( 'NONE', 3,
 ( #438, #5996, #618, #8659, #1229, #8715, #1876, #5323, #5375, #1845 ),
 .UNSPECIFIED., .F., .F.,
 ( 4, 2, 2, 2, 4 ),
 ( 0.000000000000000000, 0.001350165786534861939, 0.002700331573069723878, 0.004050497359604585818, 0.005400663146139447757 ),
 .UNSPECIFIED. ) ;
#3817 = CARTESIAN_POINT ( 'NONE',  ( 21.21539508677000185, -2.149948406240000054, -0.5093458097820999786 ) ) ;
#3818 = VERTEX_POINT ( 'NONE', #6254 ) ;
#3819 = CARTESIAN_POINT ( 'NONE',  ( 18.14721086695922025, -10.06497842487823213, -1.654759104382315105 ) ) ;
#3820 = CARTESIAN_POINT ( 'NONE',  ( 11.19987252093000052, 20.56990594796000238, -2.068331160266999813 ) ) ;
#3821 = CARTESIAN_POINT ( 'NONE',  ( -17.84647488308673857, -7.826585036773510140, -0.3019926508527052689 ) ) ;
#3822 = LINE ( 'NONE', #2251, #3720 ) ;
#3823 = CARTESIAN_POINT ( 'NONE',  ( -12.81105732895493965, 13.42937563613300256, -1.183648045571806806 ) ) ;
#3824 = CARTESIAN_POINT ( 'NONE',  ( 9.983114425952880566, 18.19064840843564923, 1.633711006505734975 ) ) ;
#3825 = CARTESIAN_POINT ( 'NONE',  ( -20.62650369037361031, -2.261831918297231958, 1.094715055606861220 ) ) ;
#3826 = EDGE_LOOP ( 'NONE', ( #1872, #4459, #4184, #5632, #5185 ) ) ;
#3827 = CARTESIAN_POINT ( 'NONE',  ( -10.01154353131107477, 19.81912681829979306, -3.782606232114474221 ) ) ;
#3828 = CARTESIAN_POINT ( 'NONE',  ( -11.69521875879000028, -20.93994019463999834, -0.1299115326162000039 ) ) ;
#3829 = CARTESIAN_POINT ( 'NONE',  ( 20.29995110984000206, 0.9249984720462999244, 1.803693845750999891 ) ) ;
#3830 = CARTESIAN_POINT ( 'NONE',  ( 12.49686870383442638, 15.45612501026538865, -2.283062358469901465 ) ) ;
#3831 = CARTESIAN_POINT ( 'NONE',  ( 21.48969172530970440, 1.972367441904312679, -0.2671805018725177394 ) ) ;
#3832 = VERTEX_POINT ( 'NONE', #2163 ) ;
#3833 = CARTESIAN_POINT ( 'NONE',  ( -21.23558544232999878, 1.848967321117999996, -0.8342289285359999473 ) ) ;
#3834 = CARTESIAN_POINT ( 'NONE',  ( 18.87839187606999758, -9.864603711291998422, -1.156354102959000096 ) ) ;
#3835 = CARTESIAN_POINT ( 'NONE',  ( -4.495734977061997206, 12.35000000000000142, -1.566306154244998750 ) ) ;
#3836 = CARTESIAN_POINT ( 'NONE',  ( -11.98104379181654267, 21.42044483157290458, -0.8352622694184334007 ) ) ;
#3837 = CARTESIAN_POINT ( 'NONE',  ( -12.14796955830211900, -18.22675760464819916, -3.101750140326450023 ) ) ;
#3838 = CARTESIAN_POINT ( 'NONE',  ( 11.90777352171999937, 21.61386030625000032, -1.623178502259000178 ) ) ;
#3839 = PRODUCT_DEFINITION ( 'UNKNOWN', '', #4584, #2867 ) ;
#3840 = DIRECTION ( 'NONE',  ( 1.742020794811245020E-14, -1.456474526199901906E-13, 1.000000000000000000 ) ) ;
#3841 = CARTESIAN_POINT ( 'NONE',  ( -10.04788255263966157, 21.90098795591437408, -0.6892556321421181575 ) ) ;
#3842 = CIRCLE ( 'NONE', #1291, 0.5000000000000000000 ) ;
#3843 = ORIENTED_EDGE ( 'NONE', *, *, #8264, .T. ) ;
#3844 = CARTESIAN_POINT ( 'NONE',  ( -21.20129097960000308, 2.275810578010000196, 1.099970175810000006 ) ) ;
#3845 = CARTESIAN_POINT ( 'NONE',  ( 20.72937202497904963, 0.9250031152791948763, -1.706307388516109969 ) ) ;
#3846 = CARTESIAN_POINT ( 'NONE',  ( 17.89934165379854747, -10.49945814333955418, -1.448569838289515799 ) ) ;
#3847 = B_SPLINE_CURVE_WITH_KNOTS ( 'NONE', 3,
 ( #2017, #1251, #8045, #8622, #5344, #7385, #5990, #1282, #3969, #1309, #6655, #1928, #2618, #8682, #7328, #6019, #1953, #6044, #2647, #6685, #7354, #4001, #642, #5373, #39, #5427, #3492, #4794, #6134, #1369, #1420, #758, #6819, #8130 ),
 .UNSPECIFIED., .F., .F.,
 ( 4, 1, 2, 2, 1, 2, 2, 2, 2, 2, 2, 2, 1, 2, 2, 1, 2, 2, 4 ),
 ( 0.000000000000000000, 0.06250000000000166533, 0.09375000000000281719, 0.1250000000000039690, 0.1875000000000071609, 0.2187500000000075773, 0.2500000000000079936, 0.3125000000000087708, 0.3750000000000095479, 0.5000000000000165423, 0.5625000000000203171, 0.6250000000000240918, 0.6875000000000278666, 0.7187500000000270894, 0.7500000000000262013, 0.8125000000000198730, 0.8437500000000185407, 0.8750000000000173195, 1.000000000000000000 ),
 .UNSPECIFIED. ) ;
#3848 = CARTESIAN_POINT ( 'NONE',  ( 20.73691037983000385, 0.5008809710144941363, 0.01157597380628639684 ) ) ;
#3849 = CARTESIAN_POINT ( 'NONE',  ( 18.30414077330953404, 9.772067453478840093, 1.803828629393973149 ) ) ;
#3850 = CARTESIAN_POINT ( 'NONE',  ( -12.79920317957700249, 14.14552526297968171, -0.7330183005963892828 ) ) ;
#3851 = DIRECTION ( 'NONE',  ( -1.000000000000000000, 0.000000000000000000, 0.000000000000000000 ) ) ;
#3852 = CARTESIAN_POINT ( 'NONE',  ( 19.05710657147528764, 8.206062135002053282, 1.803693845760860004 ) ) ;
#3853 = CONICAL_SURFACE ( 'NONE', #5722, 21.43999998789000117, 0.7345944593390484334 ) ;
#3854 = ORIENTED_EDGE ( 'NONE', *, *, #4424, .F. ) ;
#3855 = EDGE_CURVE ( 'NONE', #2158, #5595, #6603, .T. ) ;
#3856 = CARTESIAN_POINT ( 'NONE',  ( -10.71578033930959784, 19.01267357216864085, -3.438817701214427203 ) ) ;
#3857 = CARTESIAN_POINT ( 'NONE',  ( -20.72953213171100373, -0.9250948095613112931, -1.206350666730744203 ) ) ;
#3858 = CARTESIAN_POINT ( 'NONE',  ( 10.75680514336000115, -18.86853772571999954, -3.367134780437999630 ) ) ;
#3859 = CARTESIAN_POINT ( 'NONE',  ( -10.01991956192999922, -21.32876223141999716, -3.475427727914000009 ) ) ;
#3860 = CARTESIAN_POINT ( 'NONE',  ( -10.04569330069491073, -21.77556579573161244, -0.4929345219164420477 ) ) ;
#3861 = CARTESIAN_POINT ( 'NONE',  ( -16.17891649160964818, 7.976683851838008543, 5.710772084629345713 ) ) ;
#3862 = VECTOR ( 'NONE', #6663, 1000.000000000000000 ) ;
#3863 = ORIENTED_EDGE ( 'NONE', *, *, #5040, .T. ) ;
#3864 = AXIS2_PLACEMENT_3D ( 'NONE', #4585, #1801, #7289 ) ;
#3865 = CARTESIAN_POINT ( 'NONE',  ( -21.26644774783999736, 1.254462350327999909, -1.120585955247999976 ) ) ;
#3866 = CARTESIAN_POINT ( 'NONE',  ( -8.461387313798917731, 19.02577208736544279, 1.633719068785633333 ) ) ;
#3867 = CARTESIAN_POINT ( 'NONE',  ( -10.01592089730193003, 20.06990594796000238, -3.068331160266999369 ) ) ;
#3868 = B_SPLINE_CURVE_WITH_KNOTS ( 'NONE', 3,
 ( #536, #424, #5270, #6528, #6499, #3143, #2491, #505, #7199, #3836, #8551 ),
 .UNSPECIFIED., .F., .F.,
 ( 4, 2, 1, 2, 2, 4 ),
 ( 0.000000000000000000, 0.2500000000000064393, 0.3750000000000069944, 0.4375000000000070499, 0.5000000000000071054, 1.000000000000000000 ),
 .UNSPECIFIED. ) ;
#3869 = CARTESIAN_POINT ( 'NONE',  ( 18.79883411283953265, -10.59772338707301564, 1.263964527714629194 ) ) ;
#3870 = CONICAL_SURFACE ( 'NONE', #7372, 1.000000000000000444, 0.03490658503988666728 ) ;
#3871 = ORIENTED_EDGE ( 'NONE', *, *, #8470, .F. ) ;
#3872 = CARTESIAN_POINT ( 'NONE',  ( 11.74192750189000023, 20.22540309359999711, -3.540784952842000344 ) ) ;
#3873 = CARTESIAN_POINT ( 'NONE',  ( 18.11870364359299757, 5.578735898557938278, -0.8481375915350877204 ) ) ;
#3874 = DIRECTION ( 'NONE',  ( -0.000000000000000000, -0.7071067811865447972, 0.7071067811865503483 ) ) ;
#3875 = B_SPLINE_CURVE_WITH_KNOTS ( 'NONE', 3,
 ( #1328, #7978, #5504, #2124 ),
 .UNSPECIFIED., .F., .F.,
 ( 4, 4 ),
 ( 0.000000000000000000, 1.000000000000000000 ),
 .UNSPECIFIED. ) ;
#3876 = B_SPLINE_CURVE_WITH_KNOTS ( 'NONE', 3,
 ( #4725, #2031, #1352, #712 ),
 .UNSPECIFIED., .F., .F.,
 ( 4, 4 ),
 ( 0.000000000000000000, 1.000000000000000000 ),
 .UNSPECIFIED. ) ;
#3877 = CARTESIAN_POINT ( 'NONE',  ( 21.24632880000999791, -1.667195024656999980, -0.9583442785232000327 ) ) ;
#3878 = ORIENTED_EDGE ( 'NONE', *, *, #6304, .F. ) ;
#3879 = CARTESIAN_POINT ( 'NONE',  ( 12.06016218365762427, -18.86652252377503558, -3.382981220461596550 ) ) ;
#3880 = CARTESIAN_POINT ( 'NONE',  ( 19.67703014207999956, 8.154925269996999404, -1.156306155109999789 ) ) ;
#3881 = CARTESIAN_POINT ( 'NONE',  ( 12.03677229489723111, 21.20703030969352199, -0.5151874545280905604 ) ) ;
#3882 = CARTESIAN_POINT ( 'NONE',  ( -12.82246035664749684, 15.40633951838198179, 0.3971569521048965434 ) ) ;
#3883 = CARTESIAN_POINT ( 'NONE',  ( -21.33802319148999871, -1.645931867442000041, -0.9321074042681999350 ) ) ;
#3884 = ORIENTED_EDGE ( 'NONE', *, *, #4665, .F. ) ;
#3885 = DIRECTION ( 'NONE',  ( -0.000000000000000000, -0.000000000000000000, -1.000000000000000000 ) ) ;
#3886 = ORIENTED_EDGE ( 'NONE', *, *, #8547, .F. ) ;
#3887 = CARTESIAN_POINT ( 'NONE',  ( -12.92097108093750002, 16.23577618015760038, 1.633914089293755145 ) ) ;
#3888 = EDGE_LOOP ( 'NONE', ( #4442, #4315, #7599, #7095, #2968, #6114, #1327, #5528, #3593, #1631, #6534, #2073, #2864, #8626, #4509, #8528, #2621, #6787, #655, #3939, #8172, #1410, #795, #1371, #7930, #7378, #7987, #5165, #7775, #734 ) ) ;
#3889 = CARTESIAN_POINT ( 'NONE',  ( 12.22638731987385263, 20.25651648884307932, 0.1796269515008202255 ) ) ;
#3890 = CARTESIAN_POINT ( 'NONE',  ( 18.00750567973913974, 10.39887648863374814, 4.523749079003891893 ) ) ;
#3891 = ORIENTED_EDGE ( 'NONE', *, *, #6516, .F. ) ;
#3892 = CARTESIAN_POINT ( 'NONE',  ( 17.66108662239237503, -10.88925601656667119, 0.5184475629363556326 ) ) ;
#3893 = VERTEX_POINT ( 'NONE', #4892 ) ;
#3894 = AXIS2_PLACEMENT_3D ( 'NONE', #7229, #3874, #5895 ) ;
#3895 = ORIENTED_EDGE ( 'NONE', *, *, #3241, .T. ) ;
#3896 = CARTESIAN_POINT ( 'NONE',  ( -21.26153355853999827, 1.361507053423000047, -1.091917046080000064 ) ) ;
#3897 = CARTESIAN_POINT ( 'NONE',  ( 19.80412793442999941, 7.850670236342000230, 1.767973591279999868 ) ) ;
#3898 = CARTESIAN_POINT ( 'NONE',  ( -21.19669705621999967, 2.405006334013999769, 0.3605990805205999683 ) ) ;
#3899 = CARTESIAN_POINT ( 'NONE',  ( 21.37224841145999932, 0.8859016810960000932, -1.054926172170999932 ) ) ;
#3900 = ORIENTED_EDGE ( 'NONE', *, *, #2334, .T. ) ;
#3901 = CARTESIAN_POINT ( 'NONE',  ( 11.89340882806000010, 20.54485890389999980, -3.397217588070999827 ) ) ;
#3902 = DIRECTION ( 'NONE',  ( 0.000000000000000000, 0.000000000000000000, -1.000000000000000000 ) ) ;
#3903 = CARTESIAN_POINT ( 'NONE',  ( -10.04055549161278016, 21.48122091081821949, -0.1597159726790851608 ) ) ;
#3904 = CARTESIAN_POINT ( 'NONE',  ( -21.27493790048999855, 0.8784729390420999984, -1.162651923475000126 ) ) ;
#3905 = CARTESIAN_POINT ( 'NONE',  ( 11.93863281331129933, -19.91139406426555070, -3.538233549208344986 ) ) ;
#3906 = CARTESIAN_POINT ( 'NONE',  ( 18.78891415025000100, -7.740820029921999357, -1.156354102093000158 ) ) ;
#3907 = CARTESIAN_POINT ( 'NONE',  ( 18.24418024127000137, 11.04947036663999960, 0.8650939956907999218 ) ) ;
#3908 = CARTESIAN_POINT ( 'NONE',  ( 17.66115224568639874, 10.88915445177991081, 0.3236938351429941574 ) ) ;
#3909 = CARTESIAN_POINT ( 'NONE',  ( 1.358084324208187033, -20.75000000000089884, 4.523749079003892781 ) ) ;
#3910 = CARTESIAN_POINT ( 'NONE',  ( -21.49209069978000031, -2.009236857553999833, -0.2838121017472000074 ) ) ;
#3911 = CARTESIAN_POINT ( 'NONE',  ( -16.44547882691688656, -5.110506081323427985, -2.066306154244998972 ) ) ;
#3912 = ORIENTED_EDGE ( 'NONE', *, *, #3588, .F. ) ;
#3913 = CONICAL_SURFACE ( 'NONE', #4455, 21.43999998693000464, 0.7345944593390484334 ) ;
#3914 = CARTESIAN_POINT ( 'NONE',  ( -12.35207983739695159, 19.56592440962395685, 0.5125819643800288983 ) ) ;
#3915 = DIRECTION ( 'NONE',  ( 0.000000000000000000, 0.000000000000000000, 1.000000000000000000 ) ) ;
#3916 = EDGE_CURVE ( 'NONE', #5295, #8361, #1265, .T. ) ;
#3917 = CARTESIAN_POINT ( 'NONE',  ( -12.47263472644000082, -19.35627786352999991, 0.6874762538582999127 ) ) ;
#3918 = CARTESIAN_POINT ( 'NONE',  ( 18.21315393459470755, -9.939943362129463722, 1.765529895222325063 ) ) ;
#3919 = CARTESIAN_POINT ( 'NONE',  ( -12.19949554136000103, -18.29454017836000190, -2.413265378032000363 ) ) ;
#3920 = CARTESIAN_POINT ( 'NONE',  ( -11.19987252093000052, 21.06990594796000238, -2.068331160266999813 ) ) ;
#3921 = ORIENTED_EDGE ( 'NONE', *, *, #178, .F. ) ;
#3922 = VECTOR ( 'NONE', #4354, 1000.000000000000000 ) ;
#3923 = DIRECTION ( 'NONE',  ( -0.9982912023899688236, -1.222554125623837873E-16, -0.05843522251853149746 ) ) ;
#3924 = CARTESIAN_POINT ( 'NONE',  ( 4.495734977061997206, 12.34999999999999964, -1.566306154244998750 ) ) ;
#3925 = CARTESIAN_POINT ( 'NONE',  ( 19.71131679269830528, -6.482784147180154832, 0.2213654864656340038 ) ) ;
#3926 = CARTESIAN_POINT ( 'NONE',  ( 11.70053697334000020, 21.31106227789000229, -2.760732617773999920 ) ) ;
#3927 = ORIENTED_EDGE ( 'NONE', *, *, #2099, .F. ) ;
#3928 = AXIS2_PLACEMENT_3D ( 'NONE', #1747, #312, #338 ) ;
#3929 = CARTESIAN_POINT ( 'NONE',  ( 17.36557031721602229, 5.835595642528224936, -1.370957935659684601 ) ) ;
#3930 = DIRECTION ( 'NONE',  ( 0.000000000000000000, 1.000000000000000000, 0.000000000000000000 ) ) ;
#3931 = FACE_OUTER_BOUND ( 'NONE', #952, .T. ) ;
#3932 = B_SPLINE_CURVE_WITH_KNOTS ( 'NONE', 3,
 ( #4475, #5850, #5791, #2414, #1722, #8565, #8535, #7182, #7153, #6484 ),
 .UNSPECIFIED., .F., .F.,
 ( 4, 2, 2, 2, 4 ),
 ( 0.000000000000000000, 0.2500000000000000000, 0.5000000000000000000, 0.7500000000000000000, 1.000000000000000000 ),
 .UNSPECIFIED. ) ;
#3933 = CARTESIAN_POINT ( 'NONE',  ( -9.980540257600999610, -19.28729522101000171, -3.549739104921000088 ) ) ;
#3934 = CARTESIAN_POINT ( 'NONE',  ( 21.37124426464999871, -0.9145771659050999647, 1.703016903839000173 ) ) ;
#3935 = CARTESIAN_POINT ( 'NONE',  ( 20.60636349401656631, 2.503999205086207880, 1.260447393509385616 ) ) ;
#3936 = CARTESIAN_POINT ( 'NONE',  ( -12.81507488297999942, -12.49353099146000012, -2.069256645428999786 ) ) ;
#3937 = CARTESIAN_POINT ( 'NONE',  ( 19.71131001963987828, 6.482804741058247444, 0.4260138603688660708 ) ) ;
#3938 = CARTESIAN_POINT ( 'NONE',  ( -21.55712675311999860, -1.126860524148000087, -0.8432522314949000286 ) ) ;
#3939 = ORIENTED_EDGE ( 'NONE', *, *, #6010, .T. ) ;
#3940 = DIRECTION ( 'NONE',  ( -1.000000000000000000, 0.000000000000000000, 0.000000000000000000 ) ) ;
#3941 = DIRECTION ( 'NONE',  ( -1.000000000000000000, 0.000000000000000000, 0.000000000000000000 ) ) ;
#3942 = CARTESIAN_POINT ( 'NONE',  ( 13.71215507416034995, -15.63277634503672253, 3.633693845755099794 ) ) ;
#3943 = CARTESIAN_POINT ( 'NONE',  ( -12.76093961302636259, 17.22689139062055119, 1.382303930719349649 ) ) ;
#3944 = CARTESIAN_POINT ( 'NONE',  ( 10.25626066217999899, -19.16957346582999833, -3.500663834815000097 ) ) ;
#3945 = EDGE_LOOP ( 'NONE', ( #6530, #936, #8492, #5320, #4050, #3257, #7900 ) ) ;
#3946 = CARTESIAN_POINT ( 'NONE',  ( -12.11144265054999991, -20.64768930938999958, -0.03791847063156000147 ) ) ;
#3947 = CARTESIAN_POINT ( 'NONE',  ( 17.83382599324641760, 10.60764863131748648, 1.335756537422248869 ) ) ;
#3948 = CARTESIAN_POINT ( 'NONE',  ( 17.63631936449833049, -10.93264557541223603, 0.1190144117576363153 ) ) ;
#3949 = CARTESIAN_POINT ( 'NONE',  ( 16.93944872333131002, -11.15947641513717947, 0.7351980472645971432 ) ) ;
#3950 = ORIENTED_EDGE ( 'NONE', *, *, #6573, .T. ) ;
#3951 = CARTESIAN_POINT ( 'NONE',  ( 20.75000000000000000, 0.3083529335466885790, 1.853685383061999925 ) ) ;
#3952 = DIRECTION ( 'NONE',  ( 1.000000000000000000, 0.000000000000000000, 0.000000000000000000 ) ) ;
#3953 = CARTESIAN_POINT ( 'NONE',  ( 12.05151939467999966, 20.59277536483999782, 0.007726253198845000128 ) ) ;
#3954 = CARTESIAN_POINT ( 'NONE',  ( -11.84987243648594379, 21.24277378496654478, -2.763665484151025087 ) ) ;
#3955 = CARTESIAN_POINT ( 'NONE',  ( 20.75000000000000000, -0.3084113494236567221, -1.206303093081000144 ) ) ;
#3956 = ADVANCED_FACE ( 'NONE', ( #3429 ), #4664, .T. ) ;
#3957 = LINE ( 'NONE', #3558, #6607 ) ;
#3958 = EDGE_LOOP ( 'NONE', ( #3972, #8207, #6405, #7829, #5277 ) ) ;
#3959 = CARTESIAN_POINT ( 'NONE',  ( -10.75444310017999960, -18.91142204254999726, -3.388844377570000344 ) ) ;
#3960 = CARTESIAN_POINT ( 'NONE',  ( -10.46404499587000103, -21.19014177309000146, -0.04276543629393999429 ) ) ;
#3961 = B_SPLINE_CURVE_WITH_KNOTS ( 'NONE', 3,
 ( #670, #43, #1342, #2772, #5457, #6050, #4115, #6027, #1374, #1962 ),
 .UNSPECIFIED., .F., .F.,
 ( 4, 3, 3, 4 ),
 ( 0.000000000000000000, 4.325386796274846861E-05, 8.650773201924885018E-05, 0.0001663156403602250740 ),
 .UNSPECIFIED. ) ;
#3962 = CARTESIAN_POINT ( 'NONE',  ( -3.953200756471000193E-13, 0.000000000000000000, 3.508693845755001206 ) ) ;
#3963 = CARTESIAN_POINT ( 'NONE',  ( -12.21326022452999815, -17.90532136380999972, -2.956709151370000122 ) ) ;
#3964 = CARTESIAN_POINT ( 'NONE',  ( 10.03337596223482642, 21.06990594796000238, -2.068331160266999813 ) ) ;
#3965 = CARTESIAN_POINT ( 'NONE',  ( -21.46901763898999960, -0.9065372884239000228, -0.9476490977446999642 ) ) ;
#3966 = EDGE_CURVE ( 'NONE', #3995, #2966, #8597, .T. ) ;
#3967 = CARTESIAN_POINT ( 'NONE',  ( -20.78409259562862488, -0.5006896564675870076, 1.884423452677499222 ) ) ;
#3968 = EDGE_CURVE ( 'NONE', #149, #8417, #3985, .T. ) ;
#3969 = CARTESIAN_POINT ( 'NONE',  ( -18.39572523294847528, -7.857242935729350286, 0.3437923707393308881 ) ) ;
#3970 = LINE ( 'NONE', #4056, #5358 ) ;
#3971 = CARTESIAN_POINT ( 'NONE',  ( -2.716135068138050723, -20.61624367636840205, 3.633693845754992768 ) ) ;
#3972 = ORIENTED_EDGE ( 'NONE', *, *, #7636, .F. ) ;
#3973 = CARTESIAN_POINT ( 'NONE',  ( -12.08540730822122811, 18.68213018585606378, -3.301482437348933541 ) ) ;
#3974 = CARTESIAN_POINT ( 'NONE',  ( 12.16332626746019940, 20.59462969790470410, -0.01560723531085294810 ) ) ;
#3975 = CARTESIAN_POINT ( 'NONE',  ( 15.63277634469222654, 13.71215507455077187, 4.523749079003892781 ) ) ;
#3976 = CARTESIAN_POINT ( 'NONE',  ( 17.68133011935913856, -10.85654262789902269, -0.06307158688890678044 ) ) ;
#3977 = CARTESIAN_POINT ( 'NONE',  ( -12.94255971197000221, -14.40694021382000045, 0.4945914045770999912 ) ) ;
#3978 = LINE ( 'NONE', #5856, #2716 ) ;
#3979 = ORIENTED_EDGE ( 'NONE', *, *, #5339, .F. ) ;
#3980 = EDGE_CURVE ( 'NONE', #5138, #687, #4551, .T. ) ;
#3981 = EDGE_CURVE ( 'NONE', #4946, #6159, #4648, .T. ) ;
#3982 = CYLINDRICAL_SURFACE ( 'NONE', #7592, 1.480000000000001092 ) ;
#3983 = CARTESIAN_POINT ( 'NONE',  ( -21.20747630145000073, -2.260078421564999829, 0.9656083975811999842 ) ) ;
#3984 = DIRECTION ( 'NONE',  ( -1.000000000000000000, 0.000000000000000000, 0.000000000000000000 ) ) ;
#3985 = B_SPLINE_CURVE_WITH_KNOTS ( 'NONE', 3,
 ( #3737, #7096, #3654, #5757, #8473, #6456 ),
 .UNSPECIFIED., .F., .F.,
 ( 4, 2, 4 ),
 ( 0.000000000000000000, 0.5000000000000000000, 1.000000000000000000 ),
 .UNSPECIFIED. ) ;
#3986 = CARTESIAN_POINT ( 'NONE',  ( -20.62500000000022027, 2.100466897674846718E-09, 3.508693845754996321 ) ) ;
#3987 = CARTESIAN_POINT ( 'NONE',  ( 11.73000467946999947, 20.69930337886000160, 0.007556598610127999646 ) ) ;
#3988 = ORIENTED_EDGE ( 'NONE', *, *, #8236, .T. ) ;
#3989 = CARTESIAN_POINT ( 'NONE',  ( -11.85011900010979780, 21.22532125657382807, -2.787893281311968341 ) ) ;
#3990 = CARTESIAN_POINT ( 'NONE',  ( 20.72953897175982618, -0.9249274819548349846, -1.206299082604264772 ) ) ;
#3991 = VERTEX_POINT ( 'NONE', #2328 ) ;
#3992 = B_SPLINE_CURVE_WITH_KNOTS ( 'NONE', 3,
 ( #3775, #1762, #3136, #6521, #3830, #2512, #5942, #1290, #7364, #5969 ),
 .UNSPECIFIED., .F., .F.,
 ( 4, 2, 2, 2, 4 ),
 ( 0.000000000000000000, 0.003519570846248860560, 0.004399463557811078736, 0.005279356269373296912, 0.007039141692497733263 ),
 .UNSPECIFIED. ) ;
#3993 = CARTESIAN_POINT ( 'NONE',  ( -10.25589386920000123, -19.20982351183000247, -3.522064970726999977 ) ) ;
#3994 = CARTESIAN_POINT ( 'NONE',  ( 21.26548271308000082, -1.163714112364999886, -1.167442077565999936 ) ) ;
#3995 = VERTEX_POINT ( 'NONE', #7039 ) ;
#3996 = CARTESIAN_POINT ( 'NONE',  ( 0.000000000000000000, 0.000000000000000000, 0.000000000000000000 ) ) ;
#3997 = CARTESIAN_POINT ( 'NONE',  ( -2.535464736641000361, 12.34999999999999964, -1.496306154245000020 ) ) ;
#3998 = ORIENTED_EDGE ( 'NONE', *, *, #874, .F. ) ;
#3999 = CARTESIAN_POINT ( 'NONE',  ( -20.73690690282401761, -0.5008048687303717772, 0.6358509773579029689 ) ) ;
#4000 = AXIS2_PLACEMENT_3D ( 'NONE', #6892, #49, #321 ) ;
#4001 = CARTESIAN_POINT ( 'NONE',  ( -18.27572578144762616, -8.314616509802062794, 0.4501319527197889525 ) ) ;
#4002 = VERTEX_POINT ( 'NONE', #5105 ) ;
#4003 = CARTESIAN_POINT ( 'NONE',  ( 5.380113295790883043, -20.08634546044200775, 3.633693845755042506 ) ) ;
#4004 = ORIENTED_EDGE ( 'NONE', *, *, #4931, .T. ) ;
#4005 = ADVANCED_FACE ( 'NONE', ( #6799 ), #3026, .F. ) ;
#4006 = EDGE_CURVE ( 'NONE', #4139, #7765, #2804, .T. ) ;
#4007 = B_SPLINE_SURFACE_WITH_KNOTS ( 'NONE', 3, 3, ( 
 ( #613, #99, #2405, #1994, #5643 ),
 ( #7852, #8517, #3169, #2822, #8209 ),
 ( #6791, #4770, #100, #4856, #1452 ),
 ( #2072, #7472, #819, #3435, #1396 ) ),
 .UNSPECIFIED., .F., .F., .F.,
 ( 4, 4 ),
 ( 4, 1, 4 ),
 ( -0.04096967025172000565, 3.784483467498000131 ),
 ( -0.04658332985727000469, 1.000000000000000000, 2.270635611219999905 ),
 .UNSPECIFIED. ) ;
#4008 = DIRECTION ( 'NONE',  ( 1.000000000000000000, 0.000000000000000000, 0.000000000000000000 ) ) ;
#4009 = CARTESIAN_POINT ( 'NONE',  ( 17.80140468209074811, 10.66187326054885176, 1.259598126371812343 ) ) ;
#4010 = CARTESIAN_POINT ( 'NONE',  ( 11.93863281331129933, -19.91139406426555070, -3.538233549208344986 ) ) ;
#4011 = MECHANICAL_DESIGN_GEOMETRIC_PRESENTATION_REPRESENTATION (  '', ( #7915 ), #3682 ) ;
#4012 = CARTESIAN_POINT ( 'NONE',  ( -21.20394290109999957, -2.304270182281999979, 0.8641478564386999572 ) ) ;
#4013 = CARTESIAN_POINT ( 'NONE',  ( 18.19427441190999772, -11.13778860744000099, 0.3605076316527000002 ) ) ;
#4014 = CARTESIAN_POINT ( 'NONE',  ( -4.889015000542999429E-05, -0.0002174092057684999817, -0.8463061541999000736 ) ) ;
#4015 = VERTEX_POINT ( 'NONE', #370 ) ;
#4016 = CARTESIAN_POINT ( 'NONE',  ( 10.03200087677999974, 22.01284228933999998, -2.404345232570000324 ) ) ;
#4017 = CARTESIAN_POINT ( 'NONE',  ( -11.89229870258817279, 21.60393367308344992, -1.635296967596354900 ) ) ;
#4018 = CARTESIAN_POINT ( 'NONE',  ( 10.01951462561608786, -20.27579050517774206, -3.847186826512213553 ) ) ;
#4019 = CIRCLE ( 'NONE', #2409, 0.2000000000000000944 ) ;
#4020 = EDGE_CURVE ( 'NONE', #72, #7148, #5243, .T. ) ;
#4021 = CARTESIAN_POINT ( 'NONE',  ( 18.53586462282150649, -9.323861036273644487, -1.156354102095131342 ) ) ;
#4022 = DIRECTION ( 'NONE',  ( -1.000000000000000000, 0.000000000000000000, 0.000000000000000000 ) ) ;
#4023 = ORIENTED_EDGE ( 'NONE', *, *, #10, .F. ) ;
#4024 = CARTESIAN_POINT ( 'NONE',  ( -8.461371222035431572, -19.02579526481743599, 1.633722345072097459 ) ) ;
#4025 = B_SPLINE_CURVE_WITH_KNOTS ( 'NONE', 3,
 ( #2499, #3849, #2472, #7839, #2530, #6015, #516, #1949, #2644, #3908 ),
 .UNSPECIFIED., .F., .F.,
 ( 4, 2, 2, 2, 4 ),
 ( 0.005860177069954668194, 0.1294644029769203286, 0.2530686288838859821, 0.3766728547908516633, 0.5002770806978172891 ),
 .UNSPECIFIED. ) ;
#4026 = CARTESIAN_POINT ( 'NONE',  ( 18.39626431086310632, -9.598954440038074409, 1.853686111902998812 ) ) ;
#4027 = VECTOR ( 'NONE', #288, 1000.000000000000000 ) ;
#4028 = CARTESIAN_POINT ( 'NONE',  ( 11.99963462368326184, -16.96933288922281946, 1.633752665810000115 ) ) ;
#4029 = CARTESIAN_POINT ( 'NONE',  ( -4.431304092400423222, 20.34114015403622133, 3.633693845755195273 ) ) ;
#4030 = DIRECTION ( 'NONE',  ( -0.9999999996273669645, 1.461364281415951729E-05, -2.305878233929925143E-05 ) ) ;
#4031 = PLANE ( 'NONE',  #8665 ) ;
#4032 = CARTESIAN_POINT ( 'NONE',  ( 11.76509142712000155, -19.94643663560999869, -3.561745188748999702 ) ) ;
#4033 = ORIENTED_EDGE ( 'NONE', *, *, #4418, .T. ) ;
#4034 = EDGE_CURVE ( 'NONE', #3770, #8120, #778, .T. ) ;
#4035 = CYLINDRICAL_SURFACE ( 'NONE', #8384, 20.75000000000000000 ) ;
#4036 = EDGE_CURVE ( 'NONE', #410, #7252, #1440, .T. ) ;
#4037 = CARTESIAN_POINT ( 'NONE',  ( -18.57457376568127572, -2.428163480902238991, -1.040708130447312474 ) ) ;
#4038 = B_SPLINE_SURFACE_WITH_KNOTS ( 'NONE', 3, 3, ( 
 ( #5502, #1388, #2151, #7434, #6869, #6782 ),
 ( #6207, #3395, #2757, #8124, #2845, #7461 ),
 ( #8148, #57, #1473, #3520, #7519, #8231 ),
 ( #1501, #4076, #4787, #1413, #6812, #7490 ),
 ( #3453, #8174, #4131, #93, #1443, #7711 ),
 ( #991, #5655, #303, #6270, #4976, #5717 ),
 ( #6903, #2218, #3612, #3672, #1564, #4317 ),
 ( #8290, #6297, #7643, #4281, #2249, #4222 ),
 ( #8378, #6937, #2281, #6239, #868, #5034 ) ),
 .UNSPECIFIED., .F., .F., .F.,
 ( 4, 1, 1, 1, 1, 1, 4 ),
 ( 4, 1, 1, 4 ),
 ( 2.008270495335000128, 3.105396961080000295, 4.140529281440000098, 5.175661601799999900, 6.210793922161000680, 7.245926242521000482, 8.342537551669998663 ),
 ( -0.04112039558641999992, 1.266001362753999882, 2.504219714683999953, 4.048984086322000131 ),
 .UNSPECIFIED. ) ;
#4039 = CARTESIAN_POINT ( 'NONE',  ( -10.01991958728999954, 21.32876221741000222, -3.475427730888999811 ) ) ;
#4040 = CARTESIAN_POINT ( 'NONE',  ( -11.83739463337999887, -19.20776226886999893, -3.498603618119999759 ) ) ;
#4041 = ORIENTED_EDGE ( 'NONE', *, *, #6266, .F. ) ;
#4042 = CARTESIAN_POINT ( 'NONE',  ( 19.17817760102216340, -7.922118105596114290, -1.206340018652572343 ) ) ;
#4043 = CARTESIAN_POINT ( 'NONE',  ( 20.53847006639680117, -2.954956734001604968, 1.633882492204485004 ) ) ;
#4044 = CARTESIAN_POINT ( 'NONE',  ( 19.70819882738425122, -6.492287565765790802, 0.1210061957519243669 ) ) ;
#4045 = CARTESIAN_POINT ( 'NONE',  ( -21.27984740519999818, 0.9249911637269999654, -1.156306155802000024 ) ) ;
#4046 = CARTESIAN_POINT ( 'NONE',  ( 10.62050715934999978, 21.67513972044999804, -2.753005976342999706 ) ) ;
#4047 = AXIS2_PLACEMENT_3D ( 'NONE', #591, #8693, #4673 ) ;
#4048 = CARTESIAN_POINT ( 'NONE',  ( -11.84980025806052062, 21.24868508950567758, -2.755306490166725908 ) ) ;
#4049 = CARTESIAN_POINT ( 'NONE',  ( 18.03670590866296664, 10.25612676145208368, -0.9686198776778064401 ) ) ;
#4050 = ORIENTED_EDGE ( 'NONE', *, *, #513, .F. ) ;
#4051 = B_SPLINE_CURVE_WITH_KNOTS ( 'NONE', 3,
 ( #1270, #2636, #8144, #6235, #2145, #805, #4813, #2089, #1471, #6866, #1384, #7543, #3515, #4782, #4102, #1407 ),
 .UNSPECIFIED., .F., .F.,
 ( 4, 2, 2, 2, 2, 2, 2, 4 ),
 ( 0.000000000000000000, 0.0004772522502652663595, 0.0009545045005305327190, 0.001431756750795799187, 0.001909009001061065438, 0.002386261251326331906, 0.002863513501591598374, 0.003818018002122132611 ),
 .UNSPECIFIED. ) ;
#4052 = DIRECTION ( 'NONE',  ( 3.916901302184540093E-14, -1.389422504016974120E-13, 1.000000000000000000 ) ) ;
#4053 = CARTESIAN_POINT ( 'NONE',  ( 21.29825138568000398, -2.186952386375999868, -0.3963264466263999863 ) ) ;
#4054 = CARTESIAN_POINT ( 'NONE',  ( -17.18983122531615138, -8.823102617437179887E-06, -2.066310809802729853 ) ) ;
#4055 = CARTESIAN_POINT ( 'NONE',  ( 18.00750567973916816, -10.39887648863371439, 4.523749079003891893 ) ) ;
#4056 = CARTESIAN_POINT ( 'NONE',  ( 10.60789669779000022, 21.06990594796000238, -2.068331160266999813 ) ) ;
#4057 = CARTESIAN_POINT ( 'NONE',  ( -20.69030337833748234, -1.502565666964597035, -0.6126290267546262713 ) ) ;
#4058 = ORIENTED_EDGE ( 'NONE', *, *, #5113, .F. ) ;
#4059 = CARTESIAN_POINT ( 'NONE',  ( -9.964451614148192249, 17.11038843625925310, -2.574713278683256501 ) ) ;
#4060 = CARTESIAN_POINT ( 'NONE',  ( 10.62439787673000069, -21.08195646381999921, -3.446320407558999488 ) ) ;
#4061 = CARTESIAN_POINT ( 'NONE',  ( -13.71215507455075056, -15.63277634469224431, 4.523749079003891893 ) ) ;
#4062 = CARTESIAN_POINT ( 'NONE',  ( 18.45112345713999957, -9.624552976714999986, 0.3236458979042000084 ) ) ;
#4063 = DIRECTION ( 'NONE',  ( 0.000000000000000000, 0.000000000000000000, 1.000000000000000000 ) ) ;
#4064 = CIRCLE ( 'NONE', #1454, 1.235464736641000316 ) ;
#4065 = EDGE_LOOP ( 'NONE', ( #1208, #7733, #7346, #5407, #3278 ) ) ;
#4066 = CARTESIAN_POINT ( 'NONE',  ( 21.22944335940999849, 1.933567922825000007, 1.408731966801999969 ) ) ;
#4067 = CARTESIAN_POINT ( 'NONE',  ( 20.74961213188427678, -6.335575262370154868E-10, 1.853686189673586782 ) ) ;
#4068 = CIRCLE ( 'NONE', #7060, 0.5000000000000000000 ) ;
#4069 = ORIENTED_EDGE ( 'NONE', *, *, #5173, .F. ) ;
#4070 = CARTESIAN_POINT ( 'NONE',  ( -9.983114246104920042, 18.19064690975329768, 1.633711975696015006 ) ) ;
#4071 = CARTESIAN_POINT ( 'NONE',  ( 11.21098405776999840, 21.10020105845000060, -0.1338877840802999986 ) ) ;
#4072 = CARTESIAN_POINT ( 'NONE',  ( -11.92333477265744079, 20.08093839697017202, -3.515489175570477354 ) ) ;
#4073 = CARTESIAN_POINT ( 'NONE',  ( 10.02603571856905873, -20.64938367024339527, -3.796930643305956199 ) ) ;
#4074 = VECTOR ( 'NONE', #6777, 1000.000000000000114 ) ;
#4075 = CARTESIAN_POINT ( 'NONE',  ( 11.93215276541000058, 18.37428836501999996, -3.164876526748000352 ) ) ;
#4076 = CARTESIAN_POINT ( 'NONE',  ( 12.20145307956999936, 16.19038139526000109, -2.405424360243000326 ) ) ;
#4077 = ORIENTED_EDGE ( 'NONE', *, *, #685, .T. ) ;
#4078 = DIRECTION ( 'NONE',  ( -0.000000000000000000, 1.000000000000000000, 0.000000000000000000 ) ) ;
#4079 = B_SPLINE_CURVE_WITH_KNOTS ( 'NONE', 3,
 ( #3513, #6197, #742, #1495 ),
 .UNSPECIFIED., .F., .F.,
 ( 4, 4 ),
 ( 0.000000000000000000, 1.000000000000000000 ),
 .UNSPECIFIED. ) ;
#4080 = CARTESIAN_POINT ( 'NONE',  ( 19.62092506512817280, -6.754154466173520888, -1.301372103648668510 ) ) ;
#4081 = CARTESIAN_POINT ( 'NONE',  ( -21.26480360987000040, -1.178061230636999968, 1.810788452334999965 ) ) ;
#4082 = EDGE_CURVE ( 'NONE', #1142, #2081, #2119, .T. ) ;
#4083 = CARTESIAN_POINT ( 'NONE',  ( 18.64538582148999879, 10.31216524689000202, -1.055322240236999942 ) ) ;
#4084 = EDGE_CURVE ( 'NONE', #530, #4088, #1418, .T. ) ;
#4085 = DIRECTION ( 'NONE',  ( -1.000000000000000000, 0.000000000000000000, -0.000000000000000000 ) ) ;
#4086 = CARTESIAN_POINT ( 'NONE',  ( 11.70053697146000005, -21.31106227852999879, -2.760732617752999829 ) ) ;
#4087 = CARTESIAN_POINT ( 'NONE',  ( 18.65078392925514095, 9.195387531564529482, 3.383693845753999785 ) ) ;
#4088 = VERTEX_POINT ( 'NONE', #7951 ) ;
#4089 = CARTESIAN_POINT ( 'NONE',  ( -17.87576910599969082, -1.448646802137651957, -1.637762404544608863 ) ) ;
#4090 = B_SPLINE_SURFACE_WITH_KNOTS ( 'NONE', 3, 3, ( 
 ( #5785, #5816, #398, #5048 ),
 ( #7687, #6455, #8360, #1666 ),
 ( #3095, #4328, #5015, #974 ),
 ( #5696, #3124, #7178, #8557 ),
 ( #6536, #512, #5953, #4499 ),
 ( #3844, #483, #7204, #429 ),
 ( #8612, #2470, #7232, #2437 ),
 ( #5275, #4470, #2551, #4528 ),
 ( #5158, #5218, #1160, #5897 ),
 ( #7265, #3178, #7147, #5871 ),
 ( #8502, #1778, #3790, #4588 ),
 ( #2495, #1831, #1217, #3233 ),
 ( #3904, #543, #1893, #7890 ) ),
 .UNSPECIFIED., .F., .F., .F.,
 ( 4, 1, 1, 1, 1, 1, 1, 1, 1, 1, 4 ),
 ( 4, 4 ),
 ( -0.01011790156044999923, 0.000000000000000000, 2.758680582570999756E-06, 0.1666684677124999903, 0.3333341767441999615, 0.4999998857760999948, 0.6666655948080000282, 0.8333313038398000305, 0.9999970128716000328, 1.000000000000000000, 1.010149972123000062 ),
 ( 0.1679173611918000075, 0.8302881919974999247 ),
 .UNSPECIFIED. ) ;
#4091 = EDGE_LOOP ( 'NONE', ( #3254, #1148, #4857, #7787 ) ) ;
#4092 = CARTESIAN_POINT ( 'NONE',  ( -10.00100277688620487, -19.21524740147172494, -3.511162658214364463 ) ) ;
#4093 = CARTESIAN_POINT ( 'NONE',  ( 10.02813962910573942, 20.76965849733570124, -3.754900568630029856 ) ) ;
#4094 = VERTEX_POINT ( 'NONE', #8503 ) ;
#4095 = ORIENTED_EDGE ( 'NONE', *, *, #1032, .T. ) ;
#4096 = AXIS2_PLACEMENT_3D ( 'NONE', #2335, #5061, #5582 ) ;
#4097 = DIRECTION ( 'NONE',  ( 0.000000000000000000, -1.000000000000000000, 0.000000000000000000 ) ) ;
#4098 = VERTEX_POINT ( 'NONE', #5847 ) ;
#4099 = CARTESIAN_POINT ( 'NONE',  ( 10.03333673790000091, 22.10171383946000034, -2.034813241134999728 ) ) ;
#4100 = CARTESIAN_POINT ( 'NONE',  ( 12.92102360628125979, -16.23573473602204942, 1.633942491647304873 ) ) ;
#4101 = ORIENTED_EDGE ( 'NONE', *, *, #3344, .T. ) ;
#4102 = CARTESIAN_POINT ( 'NONE',  ( 16.49732820922715248, 10.95329815392836359, 0.06459807047058666041 ) ) ;
#4103 = B_SPLINE_CURVE_WITH_KNOTS ( 'NONE', 3,
 ( #6360, #8377, #3671, #2366 ),
 .UNSPECIFIED., .F., .F.,
 ( 4, 4 ),
 ( 0.000000000000000000, 1.000000000000000000 ),
 .UNSPECIFIED. ) ;
#4104 = ORIENTED_EDGE ( 'NONE', *, *, #5391, .F. ) ;
#4105 = CARTESIAN_POINT ( 'NONE',  ( 1.300000000000000044, 12.34999999999999964, -1.487590579975000216 ) ) ;
#4106 = CARTESIAN_POINT ( 'NONE',  ( 21.18739709164999852, -1.230388027735999978, -1.706306154247999807 ) ) ;
#4107 = CARTESIAN_POINT ( 'NONE',  ( 20.73690559619942420, -0.5008453986842654748, 0.6357435115365734912 ) ) ;
#4108 = CARTESIAN_POINT ( 'NONE',  ( -21.33809405134999793, -1.643965820817999912, 1.578245115867000115 ) ) ;
#4109 = CARTESIAN_POINT ( 'NONE',  ( 19.32808760576251572, 7.551317591327014966, -1.166735611276100038 ) ) ;
#4110 = CARTESIAN_POINT ( 'NONE',  ( 20.06879025498647806, -2.955000000000000071, 0.7350712227065262505 ) ) ;
#4111 = CARTESIAN_POINT ( 'NONE',  ( -8.435135884434831866, -15.00871859124614538, -2.066306154244998972 ) ) ;
#4112 = CARTESIAN_POINT ( 'NONE',  ( -17.84046713699611431, -1.329265914444194285, -1.666702029030123322 ) ) ;
#4113 = ADVANCED_FACE ( 'NONE', ( #1636 ), #3412, .F. ) ;
#4114 = EDGE_CURVE ( 'NONE', #3795, #6608, #2812, .T. ) ;
#4115 = CARTESIAN_POINT ( 'NONE',  ( -12.13712043932503981, -18.30513937383684819, -3.136709867582477163 ) ) ;
#4116 = CARTESIAN_POINT ( 'NONE',  ( -11.36275185940756671, 17.48461197287244318, 4.523749079003889229 ) ) ;
#4117 = CARTESIAN_POINT ( 'NONE',  ( -20.75316538736899830, 0.3083321326154377373, -1.156306154183148971 ) ) ;
#4118 = ORIENTED_EDGE ( 'NONE', *, *, #2793, .F. ) ;
#4119 = FACE_OUTER_BOUND ( 'NONE', #1745, .T. ) ;
#4120 = CARTESIAN_POINT ( 'NONE',  ( 21.24061135123000099, 1.760702649829000155, 1.546831612290999969 ) ) ;
#4121 = CARTESIAN_POINT ( 'NONE',  ( -12.13409826582249451, 18.32716652126669743, -3.146570922168039353 ) ) ;
#4122 = CARTESIAN_POINT ( 'NONE',  ( 16.45396792448000056, 10.93309300075999957, 1.884700970793000030 ) ) ;
#4123 = CARTESIAN_POINT ( 'NONE',  ( -20.62650132498922062, 2.261853132849164449, -0.4473298795052680354 ) ) ;
#4124 = ORIENTED_EDGE ( 'NONE', *, *, #5227, .T. ) ;
#4125 = CARTESIAN_POINT ( 'NONE',  ( 19.32148689028040067, -7.563180573573961674, 1.765640658436704147 ) ) ;
#4126 = CARTESIAN_POINT ( 'NONE',  ( 18.15072968477000259, 11.20256602403000024, 0.3147513088026000494 ) ) ;
#4127 = LINE ( 'NONE', #278, #4773 ) ;
#4128 = EDGE_CURVE ( 'NONE', #8120, #7051, #890, .T. ) ;
#4129 = EDGE_CURVE ( 'NONE', #2966, #7918, #2467, .T. ) ;
#4130 = CARTESIAN_POINT ( 'NONE',  ( 10.00286818446740078, 19.31473378429799936, -3.565986344090485094 ) ) ;
#4131 = CARTESIAN_POINT ( 'NONE',  ( 11.79158125356000042, 15.49269491974999902, -2.289893816344000133 ) ) ;
#4132 = PLANE ( 'NONE',  #5827 ) ;
#4133 = CARTESIAN_POINT ( 'NONE',  ( 19.14356476166999954, -9.960857167561000480, -0.8463541020896999667 ) ) ;
#4134 = CARTESIAN_POINT ( 'NONE',  ( 18.64275581547745730, 10.86943978639612318, 0.9145316334089880206 ) ) ;
#4135 = ORIENTED_EDGE ( 'NONE', *, *, #2738, .T. ) ;
#4136 = CYLINDRICAL_SURFACE ( 'NONE', #5690, 2.030002735962999960 ) ;
#4137 = CARTESIAN_POINT ( 'NONE',  ( -9.930853528759788773, 15.20018088553154456, -2.147757290478172099 ) ) ;
#4138 =( BOUNDED_CURVE ( )  B_SPLINE_CURVE ( 3, ( #3264, #8096, #4658, #3964 ),
 .UNSPECIFIED., .F., .F. ) 
 B_SPLINE_CURVE_WITH_KNOTS ( ( 4, 4 ),
 ( 3.141592653589793116, 6.283185307179586232 ),
 .UNSPECIFIED. ) 
 CURVE ( )  GEOMETRIC_REPRESENTATION_ITEM ( )  RATIONAL_B_SPLINE_CURVE ( ( 1.000000000000000000, 0.3333333333333333703, 0.3333333333333333703, 1.000000000000000000 ) ) 
 REPRESENTATION_ITEM ( '' )  );
#4139 = VERTEX_POINT ( 'NONE', #3880 ) ;
#4140 = EDGE_CURVE ( 'NONE', #1914, #5535, #3369, .T. ) ;
#4141 = CARTESIAN_POINT ( 'NONE',  ( 13.56089824298379121, -11.89482504949488550, 5.710772084629347489 ) ) ;
#4142 = CARTESIAN_POINT ( 'NONE',  ( -11.80968933507999985, 21.60272691643000087, -1.226406184717999892 ) ) ;
#4143 = CARTESIAN_POINT ( 'NONE',  ( 20.35030533392370344, -7.180668378779984984, 0.02173955449545848795 ) ) ;
#4144 = CARTESIAN_POINT ( 'NONE',  ( 12.94255425085999889, 16.17060509323000161, 1.713476446845000112 ) ) ;
#4145 = CARTESIAN_POINT ( 'NONE',  ( -11.55215541707999982, -19.33914389299000192, -3.553106553761999464 ) ) ;
#4146 = VERTEX_POINT ( 'NONE', #6592 ) ;
#4147 = CARTESIAN_POINT ( 'NONE',  ( -9.964532894994498236, -17.12588926721710791, 0.08452919145764022091 ) ) ;
#4148 = DIRECTION ( 'NONE',  ( 0.4067366430757998197, -0.9135454576426010886, 0.000000000000000000 ) ) ;
#4149 = CARTESIAN_POINT ( 'NONE',  ( 12.81138563624343618, -15.17463629913991774, 0.1436081829560590939 ) ) ;
#4150 = CARTESIAN_POINT ( 'NONE',  ( 18.41337938322000056, 11.09761008790000147, 0.3160474480142000386 ) ) ;
#4151 = EDGE_CURVE ( 'NONE', #8026, #5503, #2565, .T. ) ;
#4152 = LINE ( 'NONE', #2360, #5341 ) ;
#4153 = B_SPLINE_CURVE_WITH_KNOTS ( 'NONE', 3,
 ( #7313, #8666, #4643, #1263, #6696, #2686, #7395, #3359, #2629, #7336 ),
 .UNSPECIFIED., .F., .F.,
 ( 4, 2, 2, 2, 4 ),
 ( 0.000000000000000000, 0.2500000000000000000, 0.5000000000000000000, 0.7500000000000000000, 1.000000000000000000 ),
 .UNSPECIFIED. ) ;
#4154 = EDGE_LOOP ( 'NONE', ( #2768, #595, #3434, #5429, #4968, #4952, #644 ) ) ;
#4155 = ADVANCED_FACE ( 'NONE', ( #673 ), #7507, .F. ) ;
#4156 = CARTESIAN_POINT ( 'NONE',  ( -9.983114246104920042, 18.19064690975329768, 1.633711975696015006 ) ) ;
#4157 = CARTESIAN_POINT ( 'NONE',  ( 12.16332626746019940, 20.59462969790470410, -0.01560723531085294810 ) ) ;
#4158 = CARTESIAN_POINT ( 'NONE',  ( 18.86828779628000063, -10.08366005890000139, 1.702970159938999917 ) ) ;
#4159 = CARTESIAN_POINT ( 'NONE',  ( -11.48205633208999998, 18.58301462710999985, -3.252159381824999862 ) ) ;
#4160 = CARTESIAN_POINT ( 'NONE',  ( -11.87417970085999919, -21.57583363615000138, -2.023646084344000062 ) ) ;
#4161 = CARTESIAN_POINT ( 'NONE',  ( 18.21133553478000167, 11.10635888336000043, -0.005494040335314000038 ) ) ;
#4162 = CARTESIAN_POINT ( 'NONE',  ( -9.977151630434009988, 17.83318891817395624, -2.842935687838378911 ) ) ;
#4163 = CARTESIAN_POINT ( 'NONE',  ( 12.00933442102000015, -20.83649901077999900, -0.1279780121851000207 ) ) ;
#4164 = EDGE_LOOP ( 'NONE', ( #3675, #5600, #1231, #4737 ) ) ;
#4165 = CARTESIAN_POINT ( 'NONE',  ( 12.65728818268376443, 16.49848323003991268, 3.383693845754000229 ) ) ;
#4166 = EDGE_CURVE ( 'NONE', #168, #5385, #8394, .T. ) ;
#4167 = AXIS2_PLACEMENT_3D ( 'NONE', #7621, #3398, #2982 ) ;
#4168 = CARTESIAN_POINT ( 'NONE',  ( -10.29725175457999953, 13.71922465416000136, -2.066225195062000086 ) ) ;
#4169 = CARTESIAN_POINT ( 'NONE',  ( 9.963534951048998778, -18.43534611400000145, -3.093348104462999792 ) ) ;
#4170 = B_SPLINE_SURFACE_WITH_KNOTS ( 'NONE', 3, 3, ( 
 ( #5741, #2338, #1615, #2974 ),
 ( #1679, #4311, #2276, #7731 ),
 ( #3636, #2245, #6292, #1589 ),
 ( #4971, #7671, #6997, #6966 ),
 ( #2937, #8346, #3700, #8405 ),
 ( #5000, #958, #987, #6325 ) ),
 .UNSPECIFIED., .F., .F., .F.,
 ( 4, 1, 1, 4 ),
 ( 4, 4 ),
 ( -0.02000000000038000200, 0.000000000000000000, 1.000000000000000000, 1.020000000000000018 ),
 ( -0.0001283834973357000009, 0.9999763312474000410 ),
 .UNSPECIFIED. ) ;
#4171 = CARTESIAN_POINT ( 'NONE',  ( 1.178091653069139211, -17.99991456012002189, 5.710772084629348377 ) ) ;
#4172 = CARTESIAN_POINT ( 'NONE',  ( -12.00933414028000001, 20.83650041247999951, -0.1279791216363999895 ) ) ;
#4173 = CARTESIAN_POINT ( 'NONE',  ( 18.50471137259117071, 9.402607219776076164, 1.884307889917668621 ) ) ;
#4174 = CARTESIAN_POINT ( 'NONE',  ( -7.638584468207382905, 19.29286208218094600, 3.633693845755003871 ) ) ;
#4175 = CARTESIAN_POINT ( 'NONE',  ( -11.08702010900000090, -20.18782416402999758, -3.657934015595999622 ) ) ;
#4176 = FACE_OUTER_BOUND ( 'NONE', #5682, .T. ) ;
#4177 = ORIENTED_EDGE ( 'NONE', *, *, #1702, .F. ) ;
#4178 = CARTESIAN_POINT ( 'NONE',  ( 21.23493042548999910, 1.849558922326999921, 1.481135106139999991 ) ) ;
#4179 = CARTESIAN_POINT ( 'NONE',  ( 18.39626431086310632, -9.598954440038074409, 1.853686111902998812 ) ) ;
#4180 = EDGE_CURVE ( 'NONE', #5535, #4649, #8005, .T. ) ;
#4181 = CARTESIAN_POINT ( 'NONE',  ( -21.27984740519999818, 0.9249911637269999654, -1.156306155802000024 ) ) ;
#4182 = CARTESIAN_POINT ( 'NONE',  ( -20.68120316556620963, 1.698746998124490482, 1.659112590954568756 ) ) ;
#4183 = FACE_OUTER_BOUND ( 'NONE', #2337, .T. ) ;
#4184 = ORIENTED_EDGE ( 'NONE', *, *, #1680, .T. ) ;
#4185 = CARTESIAN_POINT ( 'NONE',  ( -12.92112582096164175, -16.23595548766774854, 1.633710346826434900 ) ) ;
#4186 = CARTESIAN_POINT ( 'NONE',  ( 18.38607260483304273, -2.256719340885830150, -1.213959019894152114 ) ) ;
#4187 = B_SPLINE_SURFACE_WITH_KNOTS ( 'NONE', 3, 3, ( 
 ( #8163, #4805, #7449, #4718, #76, #8109, #3354 ),
 ( #2026, #8078, #2715, #4040, #5406, #1344, #7421 ),
 ( #4747, #4241, #5519, #4145, #1462, #4896, #4832 ),
 ( #1550, #6888, #4210, #796, #6285, #4175, #1518 ),
 ( #2107, #5607, #6165, #6828, #107, #7505, #2238 ),
 ( #138, #6856, #4864, #2831, #3472, #6958, #2863 ),
 ( #8189, #8248, #7564, #854, #6192, #2928, #2168 ) ),
 .UNSPECIFIED., .F., .F., .F.,
 ( 4, 1, 1, 1, 4 ),
 ( 4, 1, 1, 1, 4 ),
 ( -0.04811088105479000010, 1.266001362753999882, 1.661274701535999876, 2.504219714683999953, 4.047648680532000220 ),
 ( -0.01556483529993000006, 0.3902512921481000041, 0.7805025842962000082, 1.170753876443999975, 1.576534397442000079 ),
 .UNSPECIFIED. ) ;
#4188 = VECTOR ( 'NONE', #2589, 1000.000000000000000 ) ;
#4189 = CARTESIAN_POINT ( 'NONE',  ( 9.983114425952880566, 18.19064840843564923, 1.633711006505734975 ) ) ;
#4190 = CARTESIAN_POINT ( 'NONE',  ( 19.08048804614999838, -9.882988299791000131, -0.9472766731066999402 ) ) ;
#4191 = CARTESIAN_POINT ( 'NONE',  ( 10.00196032668646495, 19.27010539278851553, 1.158823689819349134 ) ) ;
#4192 = CARTESIAN_POINT ( 'NONE',  ( -11.47017529506999978, -20.34931674303000193, -3.562874332887000062 ) ) ;
#4193 = VERTEX_POINT ( 'NONE', #6621 ) ;
#4194 = EDGE_CURVE ( 'NONE', #115, #4410, #5313, .T. ) ;
#4195 = CARTESIAN_POINT ( 'NONE',  ( -8.435951876185139753, 15.00710267872731585, -2.066306154244998528 ) ) ;
#4196 = EDGE_CURVE ( 'NONE', #5809, #243, #3875, .T. ) ;
#4197 = CARTESIAN_POINT ( 'NONE',  ( -10.63958516735999993, 20.39017281593999797, -3.715153438554000154 ) ) ;
#4198 = ORIENTED_EDGE ( 'NONE', *, *, #238, .T. ) ;
#4199 = CARTESIAN_POINT ( 'NONE',  ( 10.03333674742000170, -22.10171383676999923, -2.034813240990000160 ) ) ;
#4200 = CARTESIAN_POINT ( 'NONE',  ( -10.39887648863371084, -18.00750567973916105, 4.523749079003891893 ) ) ;
#4201 = ORIENTED_EDGE ( 'NONE', *, *, #531, .T. ) ;
#4202 = CARTESIAN_POINT ( 'NONE',  ( -11.96961443816999981, 13.34620754530000042, -2.088992345945999585 ) ) ;
#4203 = CARTESIAN_POINT ( 'NONE',  ( 10.28198259559000149, -16.52191184029999960, -2.433870385487999943 ) ) ;
#4204 = B_SPLINE_SURFACE_WITH_KNOTS ( 'NONE', 3, 3, ( 
 ( #8034, #603, #8644, #4682, #3993, #1301 ),
 ( #2699, #7345, #2580, #1273, #6674, #3933 ),
 ( #7977, #2, #5334, #3959, #3311, #632 ),
 ( #7404, #8701, #8090, #4732, #6095, #1947 ) ),
 .UNSPECIFIED., .F., .F., .F.,
 ( 4, 4 ),
 ( 4, 1, 1, 4 ),
 ( 1.920538176668000085, 2.072961258944999940 ),
 ( -0.04014147031720000092, 1.266001362753999882, 2.504219714683999953, 4.048314199137999836 ),
 .UNSPECIFIED. ) ;
#4205 = ADVANCED_FACE ( 'NONE', ( #337 ), #1977, .T. ) ;
#4206 = CARTESIAN_POINT ( 'NONE',  ( 3.100000000000000089, 12.34999999999999964, -1.496306154245000242 ) ) ;
#4207 = CARTESIAN_POINT ( 'NONE',  ( -11.90159690258000147, 21.61557401939999679, -1.623227418988999915 ) ) ;
#4208 = CARTESIAN_POINT ( 'NONE',  ( 18.73634971671377869, 8.847477139906498422, 1.260080860427207128 ) ) ;
#4209 = CARTESIAN_POINT ( 'NONE',  ( 12.57102402161999954, 18.52236138425000078, 1.186035291819000026 ) ) ;
#4210 = CARTESIAN_POINT ( 'NONE',  ( -11.14736562317000157, -19.15646872349000063, -3.516054666705000109 ) ) ;
#4211 = ADVANCED_FACE ( 'NONE', ( #6873 ), #7648, .F. ) ;
#4212 = ORIENTED_EDGE ( 'NONE', *, *, #3296, .T. ) ;
#4213 = ORIENTED_EDGE ( 'NONE', *, *, #2680, .F. ) ;
#4214 = CARTESIAN_POINT ( 'NONE',  ( 17.61894087651569407, -10.97889436273147545, -0.6124785532612768701 ) ) ;
#4215 = CARTESIAN_POINT ( 'NONE',  ( 11.21920667263386662, -20.90800258750715912, -0.01797046028422506422 ) ) ;
#4216 = ORIENTED_EDGE ( 'NONE', *, *, #683, .T. ) ;
#4217 = CARTESIAN_POINT ( 'NONE',  ( -1.300000004057850100, 10.91377129585293204, -1.496306154244127606 ) ) ;
#4218 = CARTESIAN_POINT ( 'NONE',  ( 18.77397951708999813, 10.05572386474000091, 1.810788407600000038 ) ) ;
#4219 = ORIENTED_EDGE ( 'NONE', *, *, #4370, .F. ) ;
#4220 = B_SPLINE_CURVE_WITH_KNOTS ( 'NONE', 3,
 ( #7441, #640, #5426, #6654 ),
 .UNSPECIFIED., .F., .F.,
 ( 4, 4 ),
 ( 0.000000000000000000, 1.000000000000000000 ),
 .UNSPECIFIED. ) ;
#4221 = CARTESIAN_POINT ( 'NONE',  ( -10.02041811877803035, 20.32755159377072474, 0.5939287614609801702 ) ) ;
#4222 = CARTESIAN_POINT ( 'NONE',  ( 9.881801907015001163, 14.33304262057999878, -2.063006576363999756 ) ) ;
#4223 = VERTEX_POINT ( 'NONE', #7492 ) ;
#4224 = CARTESIAN_POINT ( 'NONE',  ( 20.53851402026559825, -2.954995455470625032, 0.3236706849976924705 ) ) ;
#4225 = CARTESIAN_POINT ( 'NONE',  ( 19.23295867647000179, -7.947879576821000214, 0.3236458979042000084 ) ) ;
#4226 = CARTESIAN_POINT ( 'NONE',  ( -11.96234812854000040, -19.85397229895999871, -3.538930143968999964 ) ) ;
#4227 = AXIS2_PLACEMENT_3D ( 'NONE', #5022, #954, #8281 ) ;
#4228 = CARTESIAN_POINT ( 'NONE',  ( -11.83600535177999902, 19.20840216033999681, -3.498869076287000279 ) ) ;
#4229 = DIRECTION ( 'NONE',  ( 0.000000000000000000, -1.000000000000000000, 0.000000000000000000 ) ) ;
#4230 = VECTOR ( 'NONE', #8637, 1000.000000000000000 ) ;
#4231 = CARTESIAN_POINT ( 'NONE',  ( 11.99768108016999868, -21.42294116545000193, -0.8472521625706999071 ) ) ;
#4232 = DIRECTION ( 'NONE',  ( 1.000000000000000000, 0.000000000000000000, 0.000000000000000000 ) ) ;
#4233 = EDGE_LOOP ( 'NONE', ( #6588, #2687, #1892, #4865 ) ) ;
#4234 = FACE_OUTER_BOUND ( 'NONE', #619, .T. ) ;
#4235 = CARTESIAN_POINT ( 'NONE',  ( 17.66259736461770657, 10.89015857518545971, -0.07596562428165259950 ) ) ;
#4236 = CARTESIAN_POINT ( 'NONE',  ( 12.59952267944000148, -12.00831188327999932, -2.068330509491000058 ) ) ;
#4237 = CARTESIAN_POINT ( 'NONE',  ( 12.14798533461480012, -18.22670561100150266, -3.101727070111275353 ) ) ;
#4238 = CARTESIAN_POINT ( 'NONE',  ( -10.62050716759000046, 21.67513971768999781, -2.753005976377000064 ) ) ;
#4239 = CARTESIAN_POINT ( 'NONE',  ( -18.32222398522358375, 9.955897443007440728, 4.523749079003890117 ) ) ;
#4240 = CARTESIAN_POINT ( 'NONE',  ( 17.18981743178982313, -1.038389876181349036, -2.066306154244998528 ) ) ;
#4241 = CARTESIAN_POINT ( 'NONE',  ( -11.61055798327999966, -18.71672396062999866, -3.318646265653000249 ) ) ;
#4242 = ORIENTED_EDGE ( 'NONE', *, *, #7080, .T. ) ;
#4243 = FACE_OUTER_BOUND ( 'NONE', #5709, .T. ) ;
#4244 = CARTESIAN_POINT ( 'NONE',  ( 17.80329492810992775, -10.62264581042423472, 0.6360401351038189599 ) ) ;
#4245 = CARTESIAN_POINT ( 'NONE',  ( -10.01592089730193003, 20.06990594796000238, -2.068331160266999813 ) ) ;
#4246 = CARTESIAN_POINT ( 'NONE',  ( -10.00092592095148092, 19.20260949850900190, -3.504221548800115382 ) ) ;
#4247 = CARTESIAN_POINT ( 'NONE',  ( -12.81332098097936978, -13.33368943140643026, -1.237688508439136470 ) ) ;
#4248 = CARTESIAN_POINT ( 'NONE',  ( -19.65825844749139861, 2.951001960625350140, 0.1732954755877704478 ) ) ;
#4249 = ORIENTED_EDGE ( 'NONE', *, *, #3855, .T. ) ;
#4250 = ADVANCED_FACE ( 'NONE', ( #7083 ), #4132, .T. ) ;
#4251 = EDGE_CURVE ( 'NONE', #4559, #8426, #2754, .T. ) ;
#4252 = EDGE_CURVE ( 'NONE', #887, #1966, #8673, .T. ) ;
#4253 = ADVANCED_FACE ( 'NONE', ( #1673 ), #4512, .T. ) ;
#4254 = CARTESIAN_POINT ( 'NONE',  ( -20.70818941521526924, -1.310838863126262188, 1.765736928090029467 ) ) ;
#4255 = CARTESIAN_POINT ( 'NONE',  ( 19.93531783160000259, 8.025428664924000088, 1.595247694270000016 ) ) ;
#4256 = DIRECTION ( 'NONE',  ( -1.000000000000000000, 0.000000000000000000, -0.000000000000000000 ) ) ;
#4257 =( BOUNDED_CURVE ( )  B_SPLINE_CURVE ( 3, ( #7503, #7478, #18, #6163 ),
 .UNSPECIFIED., .F., .F. ) 
 B_SPLINE_CURVE_WITH_KNOTS ( ( 4, 4 ),
 ( 3.141592653589793116, 6.283185307179586232 ),
 .UNSPECIFIED. ) 
 CURVE ( )  GEOMETRIC_REPRESENTATION_ITEM ( )  RATIONAL_B_SPLINE_CURVE ( ( 1.000000000000000000, 0.3333333333333333703, 0.3333333333333333703, 1.000000000000000000 ) ) 
 REPRESENTATION_ITEM ( '' )  );
#4258 = CARTESIAN_POINT ( 'NONE',  ( 19.93616941782000040, -8.275607048587000136, -0.8401365262321999205 ) ) ;
#4259 = ORIENTED_EDGE ( 'NONE', *, *, #5745, .T. ) ;
#4260 = CARTESIAN_POINT ( 'NONE',  ( -10.68032521269999968, 19.01178849728999865, -3.436853075692999582 ) ) ;
#4261 = CARTESIAN_POINT ( 'NONE',  ( 10.30407802218999969, -21.40313816398000313, -0.1449883043151000139 ) ) ;
#4262 = DIRECTION ( 'NONE',  ( -0.9063077870366587074, 0.4226182617406808451, 1.741600878878893816E-14 ) ) ;
#4263 = CARTESIAN_POINT ( 'NONE',  ( -12.43147763383000104, 13.94461803934999899, -2.127787609977000116 ) ) ;
#4264 = AXIS2_PLACEMENT_3D ( 'NONE', #6352, #5710, #4998 ) ;
#4265 = CARTESIAN_POINT ( 'NONE',  ( 12.20142915997000088, -16.19039780013999774, -2.405428320780000018 ) ) ;
#4266 = CARTESIAN_POINT ( 'NONE',  ( 17.99991456012001834, 1.178091653069121669, 5.710772084629348377 ) ) ;
#4267 = CARTESIAN_POINT ( 'NONE',  ( -10.28055759201000008, 22.06427987633000143, -1.649909348488000083 ) ) ;
#4268 = CARTESIAN_POINT ( 'NONE',  ( -20.75000000000045119, -1.270571054115378937E-15, 4.523749079003446028 ) ) ;
#4269 = ORIENTED_EDGE ( 'NONE', *, *, #4006, .T. ) ;
#4270 = CARTESIAN_POINT ( 'NONE',  ( 20.08611496394999918, -7.146161789985000290, 1.329925404307999770 ) ) ;
#4271 = CARTESIAN_POINT ( 'NONE',  ( 19.58116418640655709, -6.809989971180592683, 0.01132722893617499858 ) ) ;
#4272 = CARTESIAN_POINT ( 'NONE',  ( 0.000000000000000000, 0.000000000000000000, 3.458693845755000051 ) ) ;
#4273 = VECTOR ( 'NONE', #2654, 1000.000000000000000 ) ;
#4274 = VERTEX_POINT ( 'NONE', #4224 ) ;
#4275 = CARTESIAN_POINT ( 'NONE',  ( -21.51663977341585010, 1.652847219146388769, 1.259085065912519230 ) ) ;
#4276 = CARTESIAN_POINT ( 'NONE',  ( 11.61055798327999966, 18.71672396063999955, -3.318646265653999894 ) ) ;
#4277 = CARTESIAN_POINT ( 'NONE',  ( -19.46136354294231197, 2.914898446686899458, -0.07879307175662637885 ) ) ;
#4278 = B_SPLINE_CURVE_WITH_KNOTS ( 'NONE', 3,
 ( #3511, #740, #7536, #798 ),
 .UNSPECIFIED., .F., .F.,
 ( 4, 4 ),
 ( 0.000000000000000000, 1.000000000000000000 ),
 .UNSPECIFIED. ) ;
#4279 = AXIS2_PLACEMENT_3D ( 'NONE', #4225, #1502, #216 ) ;
#4280 = DIRECTION ( 'NONE',  ( 1.000000000000000000, 0.000000000000000000, 0.000000000000000000 ) ) ;
#4281 = CARTESIAN_POINT ( 'NONE',  ( 11.02266362525999988, 13.49826959490999911, -2.069000989850000138 ) ) ;
#4282 = ORIENTED_EDGE ( 'NONE', *, *, #6684, .T. ) ;
#4283 = CARTESIAN_POINT ( 'NONE',  ( 20.01362368111000123, 8.089152963835999799, -0.8432522292420999710 ) ) ;
#4284 = CARTESIAN_POINT ( 'NONE',  ( -9.980540205753001715, 19.28729477733000408, -3.549738855883999733 ) ) ;
#4285 = CARTESIAN_POINT ( 'NONE',  ( -11.80968933712000002, -21.60272691597999994, -1.226406184700999935 ) ) ;
#4286 = CARTESIAN_POINT ( 'NONE',  ( -1.629831350118793230E-09, -20.75000000000024869, 3.383693845754243590 ) ) ;
#4287 = CARTESIAN_POINT ( 'NONE',  ( 19.84062876708999923, -8.251611589977999373, 1.594990305250999940 ) ) ;
#4288 = CARTESIAN_POINT ( 'NONE',  ( -11.77344179852999950, 19.87161814863999609, -3.570924093328000204 ) ) ;
#4289 = CARTESIAN_POINT ( 'NONE',  ( 19.00391954922000082, -10.21885629312999910, 1.803645897903999984 ) ) ;
#4290 = CARTESIAN_POINT ( 'NONE',  ( 11.49292846584000038, -21.72901743323000190, -1.627407003437000066 ) ) ;
#4291 = CARTESIAN_POINT ( 'NONE',  ( 20.11270871555000284, -7.079690713198000473, -0.5994146185832999185 ) ) ;
#4292 = CONICAL_SURFACE ( 'NONE', #4227, 21.43999999974999326, 0.7345944593420157265 ) ;
#4293 = ORIENTED_EDGE ( 'NONE', *, *, #2954, .T. ) ;
#4294 = CARTESIAN_POINT ( 'NONE',  ( -9.875734348562998477, 14.01602008545000011, -2.066710712453000198 ) ) ;
#4295 = CARTESIAN_POINT ( 'NONE',  ( 12.45825126233000191, -16.00726536214000006, -2.360854837158000041 ) ) ;
#4296 = ADVANCED_FACE ( 'NONE', ( #2684 ), #7697, .F. ) ;
#4297 = CARTESIAN_POINT ( 'NONE',  ( -10.60789669779000022, -20.56990594796000238, -2.068331160266999813 ) ) ;
#4298 = DIRECTION ( 'NONE',  ( 0.000000000000000000, -0.000000000000000000, 1.000000000000000000 ) ) ;
#4299 = DIRECTION ( 'NONE',  ( 0.000000000000000000, 0.000000000000000000, 1.000000000000000000 ) ) ;
#4300 = CARTESIAN_POINT ( 'NONE',  ( -20.72783557760274675, -0.9250001284057209894, -1.156310227835597226 ) ) ;
#4301 = CARTESIAN_POINT ( 'NONE',  ( -11.19987252093000052, -20.56990594796000238, -2.068331160266999813 ) ) ;
#4302 = ADVANCED_FACE ( 'NONE', ( #2289 ), #1656, .T. ) ;
#4303 = ORIENTED_EDGE ( 'NONE', *, *, #2023, .F. ) ;
#4304 = CARTESIAN_POINT ( 'NONE',  ( 17.61904595235688120, -10.97873069355022579, 1.260361328647052082 ) ) ;
#4305 = EDGE_CURVE ( 'NONE', #2849, #2782, #2638, .T. ) ;
#4306 = CARTESIAN_POINT ( 'NONE',  ( 20.59351576949016405, -2.550767768801539770, -0.9211234972815632860 ) ) ;
#4307 = ORIENTED_EDGE ( 'NONE', *, *, #176, .F. ) ;
#4308 = EDGE_CURVE ( 'NONE', #8197, #3579, #7994, .T. ) ;
#4309 = CARTESIAN_POINT ( 'NONE',  ( -21.48979220785138367, 1.971276594711409480, -0.2689714827107723694 ) ) ;
#4310 = CARTESIAN_POINT ( 'NONE',  ( 11.87898578997000065, 18.82877106886999741, -3.368631715998000153 ) ) ;
#4311 = CARTESIAN_POINT ( 'NONE',  ( 12.93543161749999904, -14.45676764230000089, 0.4816026427307000257 ) ) ;
#4312 = ORIENTED_EDGE ( 'NONE', *, *, #4252, .F. ) ;
#4313 = CARTESIAN_POINT ( 'NONE',  ( -19.48610683494303331, 2.920820215012112531, -0.04783918815243357742 ) ) ;
#4314 = ORIENTED_EDGE ( 'NONE', *, *, #4949, .T. ) ;
#4315 = ORIENTED_EDGE ( 'NONE', *, *, #8156, .T. ) ;
#4316 = CARTESIAN_POINT ( 'NONE',  ( -12.14797124060433831, 18.22673769787200371, -3.101741423788159757 ) ) ;
#4317 = CARTESIAN_POINT ( 'NONE',  ( 9.893948320273999286, 14.94915646798999909, -2.100009490565000192 ) ) ;
#4318 = CARTESIAN_POINT ( 'NONE',  ( 20.16853050784999724, 7.698194110284999780, 1.382202021592000118 ) ) ;
#4319 = CARTESIAN_POINT ( 'NONE',  ( 21.20129093240000273, 2.275810611243999748, 1.099970195212999879 ) ) ;
#4320 = EDGE_LOOP ( 'NONE', ( #3998, #8469, #143, #6821, #522 ) ) ;
#4321 = CARTESIAN_POINT ( 'NONE',  ( 20.17668337831999992, -6.897491031338000234, 1.099922247362999927 ) ) ;
#4322 = ORIENTED_EDGE ( 'NONE', *, *, #7021, .F. ) ;
#4323 = CARTESIAN_POINT ( 'NONE',  ( -10.25558928098000067, 19.91631869619999762, -3.796463411156000056 ) ) ;
#4324 = CARTESIAN_POINT ( 'NONE',  ( -1.299999999999979172, 10.55000000000000071, -1.816306154244996973 ) ) ;
#4325 = CARTESIAN_POINT ( 'NONE',  ( 20.13640750804999868, -7.018071193931999296, -0.5100683870813998988 ) ) ;
#4326 = EDGE_LOOP ( 'NONE', ( #4023, #3415, #1926, #4403 ) ) ;
#4327 = CARTESIAN_POINT ( 'NONE',  ( -12.05855111110435196, -20.62921416563182575, -0.01568018672386073051 ) ) ;
#4328 = CARTESIAN_POINT ( 'NONE',  ( -21.37122657565999972, 0.9145513055162999283, 1.703016881379000091 ) ) ;
#4329 = CARTESIAN_POINT ( 'NONE',  ( 17.80324119370739666, 0.9249159382469460677, -1.706312762357374835 ) ) ;
#4330 = CARTESIAN_POINT ( 'NONE',  ( 10.00092465390540042, -19.20260967298735011, -3.504221499167190057 ) ) ;
#4331 = CARTESIAN_POINT ( 'NONE',  ( -17.75271202749250676, -8.144561830905560740, -0.2514957060092786190 ) ) ;
#4332 = CARTESIAN_POINT ( 'NONE',  ( 18.18607025734167948, 9.917047410018398068, 0.6357492675892191247 ) ) ;
#4333 = CARTESIAN_POINT ( 'NONE',  ( 6.834425098645738217, 19.66890236337211562, 1.633719065507868606 ) ) ;
#4334 = VERTEX_POINT ( 'NONE', #5718 ) ;
#4335 = CARTESIAN_POINT ( 'NONE',  ( 12.86318047804151554, 11.87783815985862823, -1.907994016270053939 ) ) ;
#4336 = CARTESIAN_POINT ( 'NONE',  ( 19.43582004073641301, -7.184216387813373572, 0.6356484224791461024 ) ) ;
#4337 = CARTESIAN_POINT ( 'NONE',  ( 19.75397066843788707, -0.9251326785355570292, -1.706306680126210118 ) ) ;
#4338 = DIRECTION ( 'NONE',  ( 1.000000000000000000, 0.000000000000000000, 0.000000000000000000 ) ) ;
#4339 = CARTESIAN_POINT ( 'NONE',  ( 11.10089778378999981, 19.92504157974999757, -3.681140606228999967 ) ) ;
#4340 = EDGE_LOOP ( 'NONE', ( #2649, #1034, #1715, #5469 ) ) ;
#4341 = CARTESIAN_POINT ( 'NONE',  ( -12.80236528923166617, -14.95998136314383764, -0.08603776419941112918 ) ) ;
#4342 = CARTESIAN_POINT ( 'NONE',  ( -19.02273094692900202, 2.738928070725446418, -0.5880859846854429307 ) ) ;
#4343 = FACE_OUTER_BOUND ( 'NONE', #6440, .T. ) ;
#4344 = B_SPLINE_CURVE_WITH_KNOTS ( 'NONE', 3,
 ( #4042, #1347, #3386, #2055 ),
 .UNSPECIFIED., .F., .F.,
 ( 4, 4 ),
 ( 0.000000000000000000, 1.000000000000000000 ),
 .UNSPECIFIED. ) ;
#4345 = CARTESIAN_POINT ( 'NONE',  ( -12.29429332878656922, 17.14786511196843932, -2.668743918604679077 ) ) ;
#4346 = CARTESIAN_POINT ( 'NONE',  ( -21.27859508819000212, -0.9619910212457999377, -1.156306218934999963 ) ) ;
#4347 = CARTESIAN_POINT ( 'NONE',  ( 21.27397519517999669, 0.9092548500842000392, 1.810787226470000011 ) ) ;
#4348 = VERTEX_POINT ( 'NONE', #423 ) ;
#4349 = FACE_OUTER_BOUND ( 'NONE', #1938, .T. ) ;
#4350 = CARTESIAN_POINT ( 'NONE',  ( -0.0001470041326506000081, -0.0001995674094557999901, 1.493645897858999927 ) ) ;
#4351 = AXIS2_PLACEMENT_3D ( 'NONE', #5649, #3637, #7183 ) ;
#4352 = DIRECTION ( 'NONE',  ( 1.000000000000000000, 0.000000000000000000, 0.000000000000000000 ) ) ;
#4353 = CARTESIAN_POINT ( 'NONE',  ( -10.05079355449465695, 22.06775914049432785, -2.147776025710200987 ) ) ;
#4354 = DIRECTION ( 'NONE',  ( 0.08715574215135768466, -4.087074777699540054E-14, -0.9961946981439150361 ) ) ;
#4355 = CARTESIAN_POINT ( 'NONE',  ( 1.299999999999981837, 14.14999999999999858, -1.766306154245000037 ) ) ;
#4356 = ORIENTED_EDGE ( 'NONE', *, *, #4140, .F. ) ;
#4357 = CARTESIAN_POINT ( 'NONE',  ( 19.50536953131092233, -7.073461981391481856, -0.8616302635428393364 ) ) ;
#4358 = B_SPLINE_CURVE_WITH_KNOTS ( 'NONE', 3,
 ( #832, #2144, #2087, #2839, #4901, #8226 ),
 .UNSPECIFIED., .F., .F.,
 ( 4, 2, 4 ),
 ( 0.000000000000000000, 0.5000000000000000000, 1.000000000000000000 ),
 .UNSPECIFIED. ) ;
#4359 = CARTESIAN_POINT ( 'NONE',  ( 0.000000000000000000, 13.58546473663999876, -1.296306154244999842 ) ) ;
#4360 = PLANE ( 'NONE',  #8229 ) ;
#4361 = LINE ( 'NONE', #1006, #658 ) ;
#4362 = CARTESIAN_POINT ( 'NONE',  ( -10.03337596223482642, -21.06990594796000238, -2.068331160266999813 ) ) ;
#4363 = CARTESIAN_POINT ( 'NONE',  ( -1.680000000000000160, 14.14999999999999858, -0.6863061542449999664 ) ) ;
#4364 = CARTESIAN_POINT ( 'NONE',  ( 12.88621533708354150, 11.37755126571295961, -2.066400928784905222 ) ) ;
#4365 = ORIENTED_EDGE ( 'NONE', *, *, #5353, .T. ) ;
#4366 = CARTESIAN_POINT ( 'NONE',  ( -20.53848984542445066, -2.954999363284999792, 1.633731880146235049 ) ) ;
#4367 = DIRECTION ( 'NONE',  ( 0.9238018058865310467, 0.3828710271629130468, -2.372383066944885943E-14 ) ) ;
#4368 = DIRECTION ( 'NONE',  ( 7.359808400080111455E-15, -0.7071067811865500152, 0.7071067811865451302 ) ) ;
#4369 = CARTESIAN_POINT ( 'NONE',  ( 20.05139456397498066, 7.978564600700901011, 1.463994100284904842 ) ) ;
#4370 = EDGE_CURVE ( 'NONE', #7870, #2303, #3144, .T. ) ;
#4371 = VERTEX_POINT ( 'NONE', #1711 ) ;
#4372 = EDGE_CURVE ( 'NONE', #115, #8197, #820, .T. ) ;
#4373 = CARTESIAN_POINT ( 'NONE',  ( -21.21539843503000000, -2.149897108797000023, -0.5094230539967998794 ) ) ;
#4374 = CARTESIAN_POINT ( 'NONE',  ( 20.04356067208999548, -7.989339229812000731, -1.156354102096000203 ) ) ;
#4375 = CARTESIAN_POINT ( 'NONE',  ( 21.56625308734999891, 0.9129014524531999797, 1.487282774856000023 ) ) ;
#4376 = CARTESIAN_POINT ( 'NONE',  ( 19.86305592283590116, 6.001812467302510612, 1.633772699105149995 ) ) ;
#4377 = CARTESIAN_POINT ( 'NONE',  ( 12.09360975402014482, 18.62011871187558754, -3.277297702772165255 ) ) ;
#4378 = CARTESIAN_POINT ( 'NONE',  ( 20.06885308483238717, 2.955000000000000071, 0.7349462786094765887 ) ) ;
#4379 = CARTESIAN_POINT ( 'NONE',  ( -1.300000001314538522, 13.78572036152306524, -1.490495771392398527 ) ) ;
#4380 = VECTOR ( 'NONE', #961, 1000.000000000000114 ) ;
#4381 = ORIENTED_EDGE ( 'NONE', *, *, #639, .F. ) ;
#4382 = CARTESIAN_POINT ( 'NONE',  ( 20.74961213188427678, -6.335575262370154868E-10, 1.853686189673586782 ) ) ;
#4383 = CARTESIAN_POINT ( 'NONE',  ( -12.19949362335000131, 18.29455896740000043, -2.413264778294000212 ) ) ;
#4384 = AXIS2_PLACEMENT_3D ( 'NONE', #6057, #2690, #4724 ) ;
#4385 = DIRECTION ( 'NONE',  ( 0.000000000000000000, 0.000000000000000000, -1.000000000000000000 ) ) ;
#4386 = CARTESIAN_POINT ( 'NONE',  ( -17.93005163174974825, -8.420827826920071146, 0.08369384575523940162 ) ) ;
#4387 = CARTESIAN_POINT ( 'NONE',  ( 1.300000000000000044, 12.34999999999999964, -1.496306154245000242 ) ) ;
#4388 = CARTESIAN_POINT ( 'NONE',  ( 21.55958324985000019, 0.9371523091433999753, -0.8463061541712000313 ) ) ;
#4389 = ADVANCED_FACE ( 'NONE', ( #7669 ), #2607, .F. ) ;
#4390 = CIRCLE ( 'NONE', #6880, 2.050000000000005151 ) ;
#4391 = EDGE_LOOP ( 'NONE', ( #4212, #2808, #5283, #6645 ) ) ;
#4392 = DIRECTION ( 'NONE',  ( -1.000000000000000000, 0.000000000000000000, 0.000000000000000000 ) ) ;
#4393 = DIRECTION ( 'NONE',  ( 0.9999999999746551627, -7.119670332674681383E-06, 6.963453323717690763E-09 ) ) ;
#4394 = FACE_OUTER_BOUND ( 'NONE', #1392, .T. ) ;
#4395 = VERTEX_POINT ( 'NONE', #5124 ) ;
#4396 = CARTESIAN_POINT ( 'NONE',  ( 21.47832178109332091, 2.092540585222248062, 0.02178750241860482120 ) ) ;
#4397 = B_SPLINE_CURVE_WITH_KNOTS ( 'NONE', 3,
 ( #5738, #5882, #3771, #3827, #7786, #7753, #4422, #5171, #377, #7158, #8430, #413, #8540, #8511 ),
 .UNSPECIFIED., .F., .F.,
 ( 4, 1, 2, 2, 1, 2, 2, 4 ),
 ( 0.000000000000000000, 0.2499999999999983347, 0.3749999999999975020, 0.4999999999999966693, 0.6249999999999957812, 0.6874999999999990008, 0.7500000000000021094, 1.000000000000000000 ),
 .UNSPECIFIED. ) ;
#4398 = CARTESIAN_POINT ( 'NONE',  ( 20.65950170848450895, 1.951780064141573456, -1.448048220235524930 ) ) ;
#4399 = CARTESIAN_POINT ( 'NONE',  ( 18.46374345091000180, -10.65057997983000071, -0.8337922338850000115 ) ) ;
#4400 = CARTESIAN_POINT ( 'NONE',  ( 12.12715188846799919, -18.37746116585185163, -3.168951450962140370 ) ) ;
#4401 = CARTESIAN_POINT ( 'NONE',  ( 21.27499561642000003, 0.8783766217751999283, 1.810055405318000021 ) ) ;
#4402 = CYLINDRICAL_SURFACE ( 'NONE', #7108, 20.75000000000000000 ) ;
#4403 = ORIENTED_EDGE ( 'NONE', *, *, #2970, .F. ) ;
#4404 = CARTESIAN_POINT ( 'NONE',  ( -17.80313699973024910, 0.9248515187649199998, -1.706319358371985118 ) ) ;
#4405 = DIRECTION ( 'NONE',  ( -1.000000000000000000, 0.000000000000000000, 0.000000000000000000 ) ) ;
#4406 = CARTESIAN_POINT ( 'NONE',  ( 20.71980138217620748, 1.120832326098549547, 1.803828401724913766 ) ) ;
#4407 = CYLINDRICAL_SURFACE ( 'NONE', #1149, 1.479999999999999982 ) ;
#4408 = CARTESIAN_POINT ( 'NONE',  ( 14.15777043229926413, 14.25560354243512862, 0.4691628919229414163 ) ) ;
#4409 = DIRECTION ( 'NONE',  ( 0.000000000000000000, 1.000000000000000000, 0.000000000000000000 ) ) ;
#4410 = VERTEX_POINT ( 'NONE', #4433 ) ;
#4411 = DIRECTION ( 'NONE',  ( 0.000000000000000000, 0.000000000000000000, -1.000000000000000000 ) ) ;
#4412 = CARTESIAN_POINT ( 'NONE',  ( -11.93853199940899934, -19.91177410060315012, -3.538182448970389693 ) ) ;
#4413 = CARTESIAN_POINT ( 'NONE',  ( 17.61902465346042490, 10.97875948729075724, -0.6128442091778969480 ) ) ;
#4414 = CARTESIAN_POINT ( 'NONE',  ( -20.74961210058781447, 4.523706609576499015E-10, 1.853687649275173932 ) ) ;
#4415 = ORIENTED_EDGE ( 'NONE', *, *, #350, .T. ) ;
#4416 = CARTESIAN_POINT ( 'NONE',  ( 20.13628523046999774, 7.017498411404999636, -0.5093458097820999786 ) ) ;
#4417 = CARTESIAN_POINT ( 'NONE',  ( -9.429341767175000050E-07, 5.953309985518000817E-06, 4.850961730363999358 ) ) ;
#4418 = EDGE_CURVE ( 'NONE', #4834, #7200, #7376, .T. ) ;
#4419 = ORIENTED_EDGE ( 'NONE', *, *, #2736, .F. ) ;
#4420 = DIRECTION ( 'NONE',  ( 0.000000000000000000, 0.000000000000000000, -1.000000000000000000 ) ) ;
#4421 = ORIENTED_EDGE ( 'NONE', *, *, #1041, .F. ) ;
#4422 = CARTESIAN_POINT ( 'NONE',  ( -10.01679663384718033, 20.12007686103615001, -3.838110276909383778 ) ) ;
#4423 = EDGE_CURVE ( 'NONE', #8638, #5546, #1758, .T. ) ;
#4424 = EDGE_CURVE ( 'NONE', #6444, #5846, #2271, .T. ) ;
#4425 = CARTESIAN_POINT ( 'NONE',  ( -10.66925078880000122, -21.81562534837999934, -0.8855196148493000852 ) ) ;
#4426 = ORIENTED_EDGE ( 'NONE', *, *, #6788, .F. ) ;
#4427 = CARTESIAN_POINT ( 'NONE',  ( 11.95424274719000124, -19.91831487908999776, -3.534929139927000197 ) ) ;
#4428 = CARTESIAN_POINT ( 'NONE',  ( -12.88641205529058098, 11.37688978818809993, -2.066192302877590148 ) ) ;
#4429 = ORIENTED_EDGE ( 'NONE', *, *, #4166, .T. ) ;
#4430 = ADVANCED_FACE ( 'NONE', ( #1325 ), #6309, .T. ) ;
#4431 = CARTESIAN_POINT ( 'NONE',  ( -2.716135064767311480, 20.61624367680387238, 3.383693845754000229 ) ) ;
#4432 = CARTESIAN_POINT ( 'NONE',  ( 21.24104256973000204, -1.759633934310999903, 1.547575728164000131 ) ) ;
#4433 = CARTESIAN_POINT ( 'NONE',  ( 1.300000000000000044, 11.11453526335974828, -1.296306154244999842 ) ) ;
#4434 = CARTESIAN_POINT ( 'NONE',  ( 21.39598858545999960, 2.088125220373000079, -0.3542895788923000056 ) ) ;
#4435 = EDGE_LOOP ( 'NONE', ( #2948, #4532, #2034, #4632, #7568, #5855 ) ) ;
#4436 = EDGE_CURVE ( 'NONE', #1574, #3541, #7884, .T. ) ;
#4437 = EDGE_CURVE ( 'NONE', #3818, #8552, #7283, .T. ) ;
#4438 = CARTESIAN_POINT ( 'NONE',  ( -20.74961182454622133, 4.529070993825146320E-10, -1.206320699158265564 ) ) ;
#4439 = EDGE_CURVE ( 'NONE', #1345, #1357, #4508, .T. ) ;
#4440 = CARTESIAN_POINT ( 'NONE',  ( 16.47980258731951864, 10.94514136911177715, 0.3236939221953000212 ) ) ;
#4441 = CARTESIAN_POINT ( 'NONE',  ( -20.72783648077034613, 0.9249961968705143756, -1.156309865933985215 ) ) ;
#4442 = ORIENTED_EDGE ( 'NONE', *, *, #8547, .T. ) ;
#4443 = EDGE_CURVE ( 'NONE', #530, #3021, #5677, .T. ) ;
#4444 = CARTESIAN_POINT ( 'NONE',  ( 14.28980356865528556, 14.13778423439953258, 0.4841638144216667272 ) ) ;
#4445 = CARTESIAN_POINT ( 'NONE',  ( 2.170793554198164535E-09, 20.75000000000024869, 3.383693845754243590 ) ) ;
#4446 = CARTESIAN_POINT ( 'NONE',  ( 10.01592089730661250, 20.06990594796000238, -2.068331160266999813 ) ) ;
#4447 = CARTESIAN_POINT ( 'NONE',  ( -17.76042919209906401, -8.005203562551287177, -0.3088475821366075680 ) ) ;
#4448 = CARTESIAN_POINT ( 'NONE',  ( 5.477226969231372422, 12.34999999999999964, -2.096306154244998776 ) ) ;
#4449 = CARTESIAN_POINT ( 'NONE',  ( 9.958845221211015897, 16.80004265439290734, -0.2585620282054101327 ) ) ;
#4450 = CIRCLE ( 'NONE', #7836, 0.5000000000000000000 ) ;
#4451 = EDGE_LOOP ( 'NONE', ( #568, #1649, #5775, #1144, #4033 ) ) ;
#4452 = CYLINDRICAL_SURFACE ( 'NONE', #1825, 0.5000000000000004441 ) ;
#4453 = CARTESIAN_POINT ( 'NONE',  ( 19.73556614054415448, -6.439774600779702318, 1.259845917302179430 ) ) ;
#4454 = CARTESIAN_POINT ( 'NONE',  ( -10.37868946336999976, 18.97285617905999899, 1.254839298966000216 ) ) ;
#4455 = AXIS2_PLACEMENT_3D ( 'NONE', #316, #5759, #1609 ) ;
#4456 = CARTESIAN_POINT ( 'NONE',  ( -11.57344471039000133, -21.54803865705000021, -0.8580190092476999153 ) ) ;
#4457 = DIRECTION ( 'NONE',  ( 0.4226182617406815667, 0.9063077870366583744, 0.000000000000000000 ) ) ;
#4458 = DIRECTION ( 'NONE',  ( 1.000000000000000000, 0.000000000000000000, 0.000000000000000000 ) ) ;
#4459 = ORIENTED_EDGE ( 'NONE', *, *, #2906, .T. ) ;
#4460 = FACE_OUTER_BOUND ( 'NONE', #7898, .T. ) ;
#4461 = CARTESIAN_POINT ( 'NONE',  ( 21.19882529308000230, 2.369336573930000078, -0.005494040335314000038 ) ) ;
#4462 = CARTESIAN_POINT ( 'NONE',  ( -21.19701817425000101, -2.402235508776000117, 0.2129514299613999850 ) ) ;
#4463 = CARTESIAN_POINT ( 'NONE',  ( 19.74984709483000245, 8.216214619822999055, 1.702795708710000078 ) ) ;
#4464 = CARTESIAN_POINT ( 'NONE',  ( -10.00171034733393505, 19.23989484987359688, -3.524755172158394956 ) ) ;
#4465 = CARTESIAN_POINT ( 'NONE',  ( 18.00750567946980496, -10.39887648910722717, 3.383693845753999785 ) ) ;
#4466 = AXIS2_PLACEMENT_3D ( 'NONE', #7101, #3075, #3744 ) ;
#4467 = EDGE_LOOP ( 'NONE', ( #6513, #2177, #2533, #3244 ) ) ;
#4468 = CARTESIAN_POINT ( 'NONE',  ( 18.39632327694581093, 9.598843829680948403, 1.853685253762354268 ) ) ;
#4469 = CARTESIAN_POINT ( 'NONE',  ( -10.05156011668357152, 22.11167545888503838, -1.844244305215253954 ) ) ;
#4470 = CARTESIAN_POINT ( 'NONE',  ( -21.29906525463999856, 2.176184009783999951, -0.4117519786251000458 ) ) ;
#4471 = CARTESIAN_POINT ( 'NONE',  ( -10.01562748967451810, -20.05309663597556380, 0.7477995661321809040 ) ) ;
#4472 = B_SPLINE_CURVE_WITH_KNOTS ( 'NONE', 3,
 ( #309, #2351, #1161, #3710, #336, #5872, #6564, #2527, #7233, #4061, #2792, #4200, #7212, #1136, #4506, #6597, #7714, #8381 ),
 .UNSPECIFIED., .F., .F.,
 ( 4, 2, 2, 2, 2, 2, 2, 2, 4 ),
 ( 0.4318181818181774378, 0.5028409090909052859, 0.5738636363636331339, 0.6448863636363608709, 0.7159090909090887189, 0.7869318181818165669, 0.8579545454545443040, 0.9289772727272721520, 1.000000000000000000 ),
 .UNSPECIFIED. ) ;
#4473 = CARTESIAN_POINT ( 'NONE',  ( 12.09889797683762147, 20.92718660887173598, -0.2345889851452938879 ) ) ;
#4474 = CARTESIAN_POINT ( 'NONE',  ( -12.80683094212841233, 15.00652169473097963, -0.01793394345331583359 ) ) ;
#4475 = CARTESIAN_POINT ( 'NONE',  ( 18.39626106933509675, 9.598962713334930896, -1.706307364045170027 ) ) ;
#4476 = ORIENTED_EDGE ( 'NONE', *, *, #7821, .F. ) ;
#4477 = ADVANCED_FACE ( 'NONE', ( #3335 ), #3870, .T. ) ;
#4478 = CARTESIAN_POINT ( 'NONE',  ( 19.25170975175677057, 7.739931251056090922, -1.156306154250821061 ) ) ;
#4479 = EDGE_CURVE ( 'NONE', #6420, #4845, #5057, .T. ) ;
#4480 = DIRECTION ( 'NONE',  ( 0.000000000000000000, 0.000000000000000000, 1.000000000000000000 ) ) ;
#4481 = ORIENTED_EDGE ( 'NONE', *, *, #7622, .T. ) ;
#4482 = CARTESIAN_POINT ( 'NONE',  ( -11.46543460223999844, -21.69357892144000033, -2.022795341254999713 ) ) ;
#4483 = CARTESIAN_POINT ( 'NONE',  ( 10.63958516735999993, -20.39017281593999797, -3.715153438555000243 ) ) ;
#4484 = CARTESIAN_POINT ( 'NONE',  ( 16.03380181273132266, -7.816294695429488293, -1.706306154247999807 ) ) ;
#4485 = CARTESIAN_POINT ( 'NONE',  ( -11.89482504949489261, -13.56089824298378943, 5.710772084629348377 ) ) ;
#4486 = EDGE_CURVE ( 'NONE', #7918, #6175, #7073, .T. ) ;
#4487 = CYLINDRICAL_SURFACE ( 'NONE', #2711, 1.479999999999999982 ) ;
#4488 = CARTESIAN_POINT ( 'NONE',  ( 21.21574797625000031, 2.149506552636999857, -0.5100204392320000224 ) ) ;
#4489 = CARTESIAN_POINT ( 'NONE',  ( 21.23030772628000307, -1.932948332555999960, 1.409299056057999877 ) ) ;
#4490 = ORIENTED_EDGE ( 'NONE', *, *, #1093, .F. ) ;
#4491 = CARTESIAN_POINT ( 'NONE',  ( 19.14356946179999852, -9.960848134297000556, 1.493645897823999924 ) ) ;
#4492 = CARTESIAN_POINT ( 'NONE',  ( -12.78845748765520440, -12.54636230975530786, -2.068853862457066040 ) ) ;
#4493 = DIRECTION ( 'NONE',  ( -0.000000000000000000, -0.000000000000000000, -1.000000000000000000 ) ) ;
#4494 = CARTESIAN_POINT ( 'NONE',  ( -12.41798085569723220, -19.20153671724566280, 0.6798098984307430204 ) ) ;
#4495 = CARTESIAN_POINT ( 'NONE',  ( 12.79706896709818942, 14.61011846775408607, -0.3944278905907120936 ) ) ;
#4496 = FACE_OUTER_BOUND ( 'NONE', #8091, .T. ) ;
#4497 = B_SPLINE_CURVE_WITH_KNOTS ( 'NONE', 3,
 ( #8161, #2052, #4116, #4960, #258, #4239, #200, #6921, #136, #4268 ),
 .UNSPECIFIED., .F., .F.,
 ( 4, 2, 2, 2, 4 ),
 ( 0.000000000000000000, 0.1079545454545443595, 0.2159090909090887189, 0.3238636363636330784, 0.4318181818181774378 ),
 .UNSPECIFIED. ) ;
#4498 = ORIENTED_EDGE ( 'NONE', *, *, #5510, .T. ) ;
#4499 = CARTESIAN_POINT ( 'NONE',  ( -21.53219028492999954, 1.548338586479000245, 1.383256291781000069 ) ) ;
#4500 = AXIS2_PLACEMENT_3D ( 'NONE', #3195, #5242, #1853 ) ;
#4501 = CARTESIAN_POINT ( 'NONE',  ( 19.38571550117242737, 2.907059819717098925, -0.1793995901353935829 ) ) ;
#4502 = CARTESIAN_POINT ( 'NONE',  ( 7.976683851838012984, 16.17891649160964818, 5.710772084629347489 ) ) ;
#4503 = CARTESIAN_POINT ( 'NONE',  ( -17.95948147407948881, -7.724525707250657014, -0.2303915701094163548 ) ) ;
#4504 = CARTESIAN_POINT ( 'NONE',  ( -12.88641205529058098, 11.37688978818809993, -2.066192302877590148 ) ) ;
#4505 = DIRECTION ( 'NONE',  ( -0.4226182617406808451, -0.9063077870366587074, 0.000000000000000000 ) ) ;
#4506 = CARTESIAN_POINT ( 'NONE',  ( -5.380113296564528191, -20.08634546023310108, 4.523749079003891893 ) ) ;
#4507 = CARTESIAN_POINT ( 'NONE',  ( -18.18285923460685538, 2.022300885793463454, -1.389151760752791009 ) ) ;
#4508 = LINE ( 'NONE', #3277, #707 ) ;
#4509 = ORIENTED_EDGE ( 'NONE', *, *, #7768, .T. ) ;
#4510 = CARTESIAN_POINT ( 'NONE',  ( -20.63863065086037096, -2.151792529873616910, -0.6129844327701199358 ) ) ;
#4511 = CARTESIAN_POINT ( 'NONE',  ( 3.350000000000004530, 12.34999999999999787, -2.066306154244998528 ) ) ;
#4512 = TOROIDAL_SURFACE ( 'NONE', #3603, 13.70343595421000060, 7.746253394606999798 ) ;
#4513 = CARTESIAN_POINT ( 'NONE',  ( -10.30407798212999815, -21.40314026691999771, -0.1449903632019000077 ) ) ;
#4514 = CARTESIAN_POINT ( 'NONE',  ( 12.04962038168000049, -19.10863541080000161, -3.457793145378000421 ) ) ;
#4515 = CARTESIAN_POINT ( 'NONE',  ( -17.08058880648393796, 5.799854320452139333, 5.710772084629348377 ) ) ;
#4516 = CARTESIAN_POINT ( 'NONE',  ( 21.49769452398914638, 1.885579579027473196, -0.3956345420760616904 ) ) ;
#4517 = EDGE_LOOP ( 'NONE', ( #7574, #4636, #391 ) ) ;
#4518 = AXIS2_PLACEMENT_3D ( 'NONE', #5543, #914, #2961 ) ;
#4519 = ORIENTED_EDGE ( 'NONE', *, *, #5122, .F. ) ;
#4520 = CARTESIAN_POINT ( 'NONE',  ( -21.21574794552000398, 2.149506993371000263, -0.5100198226673999802 ) ) ;
#4521 = CARTESIAN_POINT ( 'NONE',  ( -21.55284129381574942, -1.092726232047142698, 1.493695379372974363 ) ) ;
#4522 = CARTESIAN_POINT ( 'NONE',  ( 18.45112570575000177, 9.624525793211999414, 0.3236938457535999958 ) ) ;
#4523 = VERTEX_POINT ( 'NONE', #2688 ) ;
#4524 = CARTESIAN_POINT ( 'NONE',  ( 12.14573201803000124, 20.79170692609000071, -0.1272709119951000167 ) ) ;
#4525 = ORIENTED_EDGE ( 'NONE', *, *, #6969, .T. ) ;
#4526 = CARTESIAN_POINT ( 'NONE',  ( -5.545734977061997029, 12.35000000000000142, -1.566306154244998750 ) ) ;
#4527 = EDGE_LOOP ( 'NONE', ( #3726, #8432, #2844 ) ) ;
#4528 = CARTESIAN_POINT ( 'NONE',  ( -21.49291190898000181, 2.000066409698999959, -0.2968271671680000057 ) ) ;
#4529 = DIRECTION ( 'NONE',  ( 0.000000000000000000, 1.000000000000000000, 2.168404344971003346E-15 ) ) ;
#4530 = CARTESIAN_POINT ( 'NONE',  ( 17.81580910206723445, 1.245333278766264318, -1.686781599143654331 ) ) ;
#4531 =( BOUNDED_CURVE ( )  B_SPLINE_CURVE ( 3, ( #6005, #596, #1236, #1824 ),
 .UNSPECIFIED., .F., .F. ) 
 B_SPLINE_CURVE_WITH_KNOTS ( ( 4, 4 ),
 ( 0.000000000000000000, 3.141592653589793116 ),
 .UNSPECIFIED. ) 
 CURVE ( )  GEOMETRIC_REPRESENTATION_ITEM ( )  RATIONAL_B_SPLINE_CURVE ( ( 1.000000000000000000, 0.3333333333333333703, 0.3333333333333333703, 1.000000000000000000 ) ) 
 REPRESENTATION_ITEM ( '' )  );
#4532 = ORIENTED_EDGE ( 'NONE', *, *, #8634, .T. ) ;
#4533 = B_SPLINE_CURVE_WITH_KNOTS ( 'NONE', 3,
 ( #5273, #5216, #3813, #3255, #3873, #1212, #7916, #3929, #8580, #5950, #1889, #7858, #6617, #2576 ),
 .UNSPECIFIED., .F., .F.,
 ( 4, 2, 2, 2, 2, 2, 4 ),
 ( 2.626576503367025911E-14, 0.0009478131460578853367, 0.001895626292089504792, 0.002369532865105310887, 0.002843439438121116766, 0.003317346011136922644, 0.003791252584152728956 ),
 .UNSPECIFIED. ) ;
#4534 = CARTESIAN_POINT ( 'NONE',  ( -11.84835657410517129, -21.25828097491252322, -2.760062721596175717 ) ) ;
#4535 = CARTESIAN_POINT ( 'NONE',  ( -12.14796955830211900, -18.22675760464819916, -3.101750140326450023 ) ) ;
#4536 = CARTESIAN_POINT ( 'NONE',  ( -20.75316633334922400, 0.3083328338365783905, 1.803693845816847663 ) ) ;
#4537 = CARTESIAN_POINT ( 'NONE',  ( 19.45052312690262752, 7.224146983718815918, -0.9684360278617398787 ) ) ;
#4538 = VERTEX_POINT ( 'NONE', #7882 ) ;
#4539 = EDGE_CURVE ( 'NONE', #2729, #530, #8297, .T. ) ;
#4540 = CARTESIAN_POINT ( 'NONE',  ( 12.23174094222999919, -20.60951238114000006, -0.03860909229487000105 ) ) ;
#4541 = EDGE_CURVE ( 'NONE', #8518, #2578, #7755, .T. ) ;
#4542 = EDGE_CURVE ( 'NONE', #963, #4098, #8431, .T. ) ;
#4543 = CARTESIAN_POINT ( 'NONE',  ( -10.02545750215000098, -21.78159522614999943, -0.4373947050992000318 ) ) ;
#4544 = CARTESIAN_POINT ( 'NONE',  ( 18.21374693853254101, -9.938890468172765225, -1.118780063140998093 ) ) ;
#4545 = DIRECTION ( 'NONE',  ( -0.9999999996273669645, 1.461364281415951729E-05, -2.305878233929925143E-05 ) ) ;
#4546 = ORIENTED_EDGE ( 'NONE', *, *, #6731, .F. ) ;
#4547 = CARTESIAN_POINT ( 'NONE',  ( 18.30242271190582670, -9.778803502403482284, -1.206302906098728034 ) ) ;
#4548 = CARTESIAN_POINT ( 'NONE',  ( 13.66266952474712859, 14.13314734658984584, -0.1054747840585728985 ) ) ;
#4549 = CARTESIAN_POINT ( 'NONE',  ( -21.54467709457411928, -1.241926471516649588, -0.8171502458146230330 ) ) ;
#4550 = EDGE_CURVE ( 'NONE', #6538, #6259, #1033, .T. ) ;
#4551 = B_SPLINE_CURVE_WITH_KNOTS ( 'NONE', 3,
 ( #6371, #8392, #8362, #1635 ),
 .UNSPECIFIED., .F., .F.,
 ( 4, 4 ),
 ( 0.000000000000000000, 1.000000000000000000 ),
 .UNSPECIFIED. ) ;
#4552 = CARTESIAN_POINT ( 'NONE',  ( -10.00235236954386409, 19.27724264193807358, -3.545443809450796291 ) ) ;
#4553 = ORIENTED_EDGE ( 'NONE', *, *, #6123, .F. ) ;
#4554 = FACE_BOUND ( 'NONE', #1194, .T. ) ;
#4555 = CARTESIAN_POINT ( 'NONE',  ( 11.86259855977000122, 21.46272145580999791, -0.8504757268079999877 ) ) ;
#4556 = CARTESIAN_POINT ( 'NONE',  ( 20.64999999999981739, -1.847737847993143003E-09, 3.533693845755199181 ) ) ;
#4557 = B_SPLINE_CURVE_WITH_KNOTS ( 'NONE', 3,
 ( #8748, #3439, #1086, #1058 ),
 .UNSPECIFIED., .F., .F.,
 ( 4, 4 ),
 ( 0.000000000000000000, 1.000000000000000000 ),
 .UNSPECIFIED. ) ;
#4558 = CARTESIAN_POINT ( 'NONE',  ( 21.25690207292000267, -1.467760740286000010, -1.054685678705000074 ) ) ;
#4559 = VERTEX_POINT ( 'NONE', #8080 ) ;
#4560 = CARTESIAN_POINT ( 'NONE',  ( 12.09351391746326776, -18.62081249500151259, -3.277607488043839279 ) ) ;
#4561 = CARTESIAN_POINT ( 'NONE',  ( -10.00196026377180836, -19.27010178841032584, 1.158825474965203828 ) ) ;
#4562 = CARTESIAN_POINT ( 'NONE',  ( -11.95364041589516724, -21.50478531694126616, -1.031461106934783878 ) ) ;
#4563 = CARTESIAN_POINT ( 'NONE',  ( 9.993885732164065061, 18.80751218241588774, -3.286581971695437421 ) ) ;
#4564 = CONICAL_SURFACE ( 'NONE', #2293, 20.69999999999999929, 0.7853981633972997312 ) ;
#4565 = CARTESIAN_POINT ( 'NONE',  ( 18.39626969313990301, -9.598945847188950609, -1.706306467023694928 ) ) ;
#4566 = CARTESIAN_POINT ( 'NONE',  ( -21.53222213844000166, -1.548331915981000062, -0.7358689898335001311 ) ) ;
#4567 = CARTESIAN_POINT ( 'NONE',  ( -17.94509944627860065, 1.624443602960325528, -1.582207947735096987 ) ) ;
#4568 = CARTESIAN_POINT ( 'NONE',  ( -20.61624367674520286, -2.716135065279393412, 3.633693845754827567 ) ) ;
#4569 = EDGE_CURVE ( 'NONE', #1804, #4559, #1037, .T. ) ;
#4570 = CARTESIAN_POINT ( 'NONE',  ( 10.03415656521653965, 21.11462666283068401, -3.598940574826271277 ) ) ;
#4571 = ORIENTED_EDGE ( 'NONE', *, *, #6676, .F. ) ;
#4572 = CARTESIAN_POINT ( 'NONE',  ( 10.75209843480999972, -18.95437651006000124, -3.410700134110999926 ) ) ;
#4573 = AXIS2_PLACEMENT_3D ( 'NONE', #8717, #4692, #558 ) ;
#4574 = CARTESIAN_POINT ( 'NONE',  ( 2.716135067105117873, 20.61624367650274081, 4.523749079003892781 ) ) ;
#4575 = DIRECTION ( 'NONE',  ( -0.000000000000000000, -0.000000000000000000, -1.000000000000000000 ) ) ;
#4576 = CARTESIAN_POINT ( 'NONE',  ( -12.94255971197000221, -16.20516465401999895, 1.737393141679000053 ) ) ;
#4577 = CARTESIAN_POINT ( 'NONE',  ( 17.65750450827398765, -10.89868942914022121, -0.07812384799069026220 ) ) ;
#4578 = EDGE_CURVE ( 'NONE', #6020, #6769, #921, .T. ) ;
#4579 = CARTESIAN_POINT ( 'NONE',  ( 21.26153353991000117, 1.361507433132000289, -1.091916933145999913 ) ) ;
#4580 = CARTESIAN_POINT ( 'NONE',  ( 18.19428911470999921, 11.13776723267999991, 0.3236938352879000225 ) ) ;
#4581 = CARTESIAN_POINT ( 'NONE',  ( -21.19793850161000037, 2.389809576368000066, 0.5446920135432000709 ) ) ;
#4582 = DIRECTION ( 'NONE',  ( -0.9063077870366409439, -0.4226182617407189257, 0.000000000000000000 ) ) ;
#4583 = CARTESIAN_POINT ( 'NONE',  ( 11.85880539973999959, 21.45434577084000338, -2.409298132119999991 ) ) ;
#4584 = PRODUCT_DEFINITION_FORMATION_WITH_SPECIFIED_SOURCE ( 'ANY', '', #271, .NOT_KNOWN. ) ;
#4585 = CARTESIAN_POINT ( 'NONE',  ( 0.000000000000000000, 0.000000000000000000, 5.638832967551000053 ) ) ;
#4586 = CARTESIAN_POINT ( 'NONE',  ( -12.67435519794102206, -17.74201561256308324, 1.228134266754870474 ) ) ;
#4587 = ORIENTED_EDGE ( 'NONE', *, *, #3642, .F. ) ;
#4588 = CARTESIAN_POINT ( 'NONE',  ( -21.56572829222999843, 0.9251671970699000269, -0.8400885783353999603 ) ) ;
#4589 = DIRECTION ( 'NONE',  ( -0.9135454180327424734, -0.4067367320409873699, -1.948676803253945464E-09 ) ) ;
#4590 = CARTESIAN_POINT ( 'NONE',  ( 18.11898848185165178, 1.936704029047832343, -1.441877263888699856 ) ) ;
#4591 = B_SPLINE_CURVE_WITH_KNOTS ( 'NONE', 3,
 ( #8696, #2664, #5387, #1383, #3391, #8727, #4072, #714, #2060, #8059, #1296, #5416, #6120, #2723, #2004, #3333, #4700, #2605, #656, #7373, #8116, #2634, #7400, #7317, #6007, #5439, #6672, #8003, #3280, #8085, #7342, #3365, #3308, #1353, #1322, #3989, #25, #3954, #6059, #4048, #4677, #6730, #8670, #4647, #2693, #5361, #598, #5330, #1269, #6090, #2032, #6758, #4017, #1942, #7428, #8755, #4753, #4727, #6702, #8031 ),
 .UNSPECIFIED., .F., .F.,
 ( 4, 1, 1, 1, 1, 2, 2, 2, 2, 1, 1, 2, 2, 1, 1, 1, 1, 2, 2, 2, 2, 2, 1, 1, 1, 2, 2, 2, 2, 2, 2, 2, 1, 2, 2, 2, 4 ),
 ( 0.000000000000000000, 0.03124999999993832711, 0.04687499999990749067, 0.05468749999989386962, 0.05859374999988883892, 0.06054687499988812421, 0.06249999999988740951, 0.09374999999986920185, 0.1093749999998617772, 0.1171874999998580441, 0.1210937499998561290, 0.1230468749998541722, 0.1249999999998522016, 0.1874999999997964961, 0.2187499999997671862, 0.2343749999997510325, 0.2421874999997444544, 0.2460937499997426503, 0.2499999999997408184, 0.3749999999997172262, 0.4374999999997055689, 0.4687499999996987410, 0.4843749999996944111, 0.4921874999996921907, 0.4960937499996918576, 0.4980468749996916356, 0.4999999999996914690, 0.6249999999997668532, 0.7499999999998421263, 0.7812499999998606670, 0.7851562499998631095, 0.7890624999998655520, 0.7968749999998705480, 0.8124999999998805400, 0.8749999999999203970, 0.9374999999999602540, 1.000000000000000000 ),
 .UNSPECIFIED. ) ;
#4592 = CARTESIAN_POINT ( 'NONE',  ( 18.59732616626999757, 10.40370853357999970, 1.657578217951999999 ) ) ;
#4593 = CARTESIAN_POINT ( 'NONE',  ( -10.80479307317000170, -18.00617658600000226, -2.952167329729999512 ) ) ;
#4594 = CARTESIAN_POINT ( 'NONE',  ( -12.81595100813091825, 13.23489661977359688, -1.290792718362127722 ) ) ;
#4595 = CARTESIAN_POINT ( 'NONE',  ( -21.28144355598000104, -2.379079692356000031, 0.3319874373880999929 ) ) ;
#4596 = LINE ( 'NONE', #862, #4273 ) ;
#4597 = EDGE_LOOP ( 'NONE', ( #2133, #3761, #3681, #7688 ) ) ;
#4598 = EDGE_CURVE ( 'NONE', #5191, #2964, #8370, .T. ) ;
#4599 = CARTESIAN_POINT ( 'NONE',  ( 18.00750567958006698, -10.39887648891221161, 3.633693845755141094 ) ) ;
#4600 = CARTESIAN_POINT ( 'NONE',  ( -12.21915583521618487, 20.29528806411896014, 0.1572373040161615387 ) ) ;
#4601 = CARTESIAN_POINT ( 'NONE',  ( 12.86183252417065148, 16.61821629385075383, 1.552365755511373901 ) ) ;
#4602 = CARTESIAN_POINT ( 'NONE',  ( 20.75000000000090239, 1.358084324208166604, 4.523749079003892781 ) ) ;
#4603 = CARTESIAN_POINT ( 'NONE',  ( 17.68094496746044086, -10.85717875841566737, 0.7082264573830162613 ) ) ;
#4604 = CARTESIAN_POINT ( 'NONE',  ( 17.63647393645868888, 10.93278091156546417, 0.3235980829866247355 ) ) ;
#4605 = LINE ( 'NONE', #7993, #3862 ) ;
#4606 = ORIENTED_EDGE ( 'NONE', *, *, #807, .T. ) ;
#4607 = CARTESIAN_POINT ( 'NONE',  ( 17.80134908974693886, -10.66196602019769379, -0.6121421068459441672 ) ) ;
#4608 = EDGE_CURVE ( 'NONE', #5191, #149, #6351, .T. ) ;
#4609 = EDGE_CURVE ( 'NONE', #3625, #3061, #7744, .T. ) ;
#4610 = CARTESIAN_POINT ( 'NONE',  ( -21.21578676366999971, -2.149506717323999894, 1.157407920018000080 ) ) ;
#4611 = CARTESIAN_POINT ( 'NONE',  ( -21.21148314651000177, 2.208413200495999984, 1.063478919453000104 ) ) ;
#4612 = B_SPLINE_CURVE_WITH_KNOTS ( 'NONE', 3,
 ( #277, #1072, #1624, #3674, #5688, #7031, #2398, #8466, #8380, #388, #2429, #7087, #2343, #3058, #5749, #7767, #7138, #3704 ),
 .UNSPECIFIED., .F., .F.,
 ( 4, 2, 2, 2, 2, 2, 2, 2, 4 ),
 ( 0.5000000000000000000, 0.5625000000000000000, 0.6250000000000000000, 0.6875000000000001110, 0.7500000000000001110, 0.8125000000000000000, 0.8750000000000000000, 0.9375000000000000000, 1.000000000000000000 ),
 .UNSPECIFIED. ) ;
#4613 = PLANE ( 'NONE',  #2479 ) ;
#4614 = COLOUR_RGB ( '',0.7921568627450980005, 0.8196078431372548767, 0.9333333333333333481 ) ;
#4615 = ORIENTED_EDGE ( 'NONE', *, *, #2146, .F. ) ;
#4616 = CARTESIAN_POINT ( 'NONE',  ( 11.76624356499000079, 21.65313020537999833, -1.624330951358000208 ) ) ;
#4617 = CARTESIAN_POINT ( 'NONE',  ( -4.495734977061997206, 12.35000000000000142, -2.066306154244998528 ) ) ;
#4618 = CARTESIAN_POINT ( 'NONE',  ( 20.64091923824636865, 2.110007909947310800, 1.231839359008317425 ) ) ;
#4619 = B_SPLINE_CURVE_WITH_KNOTS ( 'NONE', 3,
 ( #7247, #7991, #3216, #5349, #3300, #526, #1934, #6690, #4635, #3272 ),
 .UNSPECIFIED., .F., .F.,
 ( 4, 2, 2, 2, 4 ),
 ( 0.005860114645650909074, 0.1294643145233416726, 0.2530685144010324517, 0.3766727142787233973, 0.5002769141564143984 ),
 .UNSPECIFIED. ) ;
#4620 = FACE_OUTER_BOUND ( 'NONE', #6620, .T. ) ;
#4621 = ORIENTED_EDGE ( 'NONE', *, *, #6421, .F. ) ;
#4622 = CARTESIAN_POINT ( 'NONE',  ( 21.20133172813000044, -2.275810151039999951, -0.4525836193550000219 ) ) ;
#4623 = CARTESIAN_POINT ( 'NONE',  ( 20.70836821272174788, 1.502690867097987493, -1.236893188207166761 ) ) ;
#4624 = CARTESIAN_POINT ( 'NONE',  ( -10.29478187717000104, -14.68443407674999968, -2.101317381095999970 ) ) ;
#4625 = CARTESIAN_POINT ( 'NONE',  ( 19.54161665373412049, 6.978030254000987753, 1.477717362752226649 ) ) ;
#4626 = CARTESIAN_POINT ( 'NONE',  ( 4.776986150271795850, 16.51541186943673267, -2.066306154244999416 ) ) ;
#4627 = ORIENTED_EDGE ( 'NONE', *, *, #8653, .T. ) ;
#4628 = CARTESIAN_POINT ( 'NONE',  ( -20.60633176340165917, -2.504211154277197870, -0.6125365557573745345 ) ) ;
#4629 = CARTESIAN_POINT ( 'NONE',  ( -20.74961210058781447, 4.523706609576499015E-10, 1.853687649275173932 ) ) ;
#4630 = CARTESIAN_POINT ( 'NONE',  ( -10.39887648974468526, -18.00750567909972588, 3.633693845754943474 ) ) ;
#4631 = CARTESIAN_POINT ( 'NONE',  ( -12.48054587718535480, 18.84972660585009407, 0.8221084614471749763 ) ) ;
#4632 = ORIENTED_EDGE ( 'NONE', *, *, #6518, .T. ) ;
#4633 = CARTESIAN_POINT ( 'NONE',  ( 11.28818194309999789, -19.90155192863999645, 0.6404337672933000380 ) ) ;
#4634 = ADVANCED_FACE ( 'NONE', ( #5152 ), #602, .F. ) ;
#4635 = CARTESIAN_POINT ( 'NONE',  ( -20.60905041870556786, 2.404993215492235770, 0.1270706349920917577 ) ) ;
#4636 = ORIENTED_EDGE ( 'NONE', *, *, #300, .F. ) ;
#4637 = CARTESIAN_POINT ( 'NONE',  ( -10.03129167064609462, -20.95049696281390794, -3.691713770640360437 ) ) ;
#4638 = CARTESIAN_POINT ( 'NONE',  ( 18.30248642023701322, 9.778682848927077842, 1.853681725326761676 ) ) ;
#4639 = CARTESIAN_POINT ( 'NONE',  ( 17.63647022032155220, -10.93278658290223326, 0.3236937131427901626 ) ) ;
#4640 = ORIENTED_EDGE ( 'NONE', *, *, #3299, .T. ) ;
#4641 = AXIS2_PLACEMENT_3D ( 'NONE', #5814, #7093, #8416 ) ;
#4642 = EDGE_LOOP ( 'NONE', ( #8412, #442 ) ) ;
#4643 = CARTESIAN_POINT ( 'NONE',  ( -20.54623686925897275, 2.902641817392300982, -0.2054879676611131578 ) ) ;
#4644 = CARTESIAN_POINT ( 'NONE',  ( 19.71151172816647090, -6.482839708762032416, 0.3235980823524421401 ) ) ;
#4645 = ORIENTED_EDGE ( 'NONE', *, *, #2965, .T. ) ;
#4646 = CARTESIAN_POINT ( 'NONE',  ( 11.49292846584000038, 21.72901743323000190, -1.627407003437000066 ) ) ;
#4647 = CARTESIAN_POINT ( 'NONE',  ( -11.86156336744699580, 21.55224498540459521, -2.113426140179574197 ) ) ;
#4648 =( BOUNDED_CURVE ( )  B_SPLINE_CURVE ( 3, ( #2410, #1002, #7778, #4446 ),
 .UNSPECIFIED., .F., .F. ) 
 B_SPLINE_CURVE_WITH_KNOTS ( ( 4, 4 ),
 ( 0.000000000000000000, 3.141592653589793116 ),
 .UNSPECIFIED. ) 
 CURVE ( )  GEOMETRIC_REPRESENTATION_ITEM ( )  RATIONAL_B_SPLINE_CURVE ( ( 1.000000000000000000, 0.3333333333333333703, 0.3333333333333333703, 1.000000000000000000 ) ) 
 REPRESENTATION_ITEM ( '' )  );
#4649 = VERTEX_POINT ( 'NONE', #111 ) ;
#4650 = CARTESIAN_POINT ( 'NONE',  ( 18.30411585467538060, 9.772106091249179727, -1.156441344093729118 ) ) ;
#4651 = EDGE_CURVE ( 'NONE', #5535, #6932, #4989, .T. ) ;
#4652 = ORIENTED_EDGE ( 'NONE', *, *, #5552, .T. ) ;
#4653 = CARTESIAN_POINT ( 'NONE',  ( 9.190606747501998797, -14.55863165653935276, -2.066306154244998972 ) ) ;
#4654 = CARTESIAN_POINT ( 'NONE',  ( 21.39602948464999699, -2.088121733650000422, 1.001676712046999818 ) ) ;
#4655 = B_SPLINE_CURVE_WITH_KNOTS ( 'NONE', 3,
 ( #2513, #468, #2569, #5294 ),
 .UNSPECIFIED., .F., .F.,
 ( 4, 4 ),
 ( 0.000000000000000000, 1.000000000000000000 ),
 .UNSPECIFIED. ) ;
#4656 = CARTESIAN_POINT ( 'NONE',  ( 20.60632686488242271, 2.504249924073902456, -0.6124574786514185298 ) ) ;
#4657 = CARTESIAN_POINT ( 'NONE',  ( 9.949771287377950912, 16.28019733325607987, -2.349098585534778127 ) ) ;
#4658 = CARTESIAN_POINT ( 'NONE',  ( 10.03337596223482642, 21.06990594796000238, -3.068331160266999369 ) ) ;
#4659 = DIRECTION ( 'NONE',  ( -2.867714664221990077E-12, 5.143437883460809982E-14, 1.000000000000000000 ) ) ;
#4660 = DIRECTION ( 'NONE',  ( 1.000000000000000000, 0.000000000000000000, 0.000000000000000000 ) ) ;
#4661 = ORIENTED_EDGE ( 'NONE', *, *, #2332, .T. ) ;
#4662 = CARTESIAN_POINT ( 'NONE',  ( 4.667064080092734990, -17.42421696911972973, 5.710772084629344825 ) ) ;
#4663 = CARTESIAN_POINT ( 'NONE',  ( 3.495734977061997206, 12.34999999999999964, -1.566306154244998750 ) ) ;
#4664 = B_SPLINE_SURFACE_WITH_KNOTS ( 'NONE', 3, 3, ( 
 ( #4826, #3499, #1544, #4295, #2260, #880, #2858, #2134, #2958 ),
 ( #1485, #7528, #4859, #4265, #1576, #2199, #2890, #4236, #8243 ),
 ( #4920, #7593, #5602, #255, #5571, #8300, #6918, #4990, #8214 ),
 ( #6883, #6852, #6279, #197, #6985, #7557, #2235, #7656, #3565 ),
 ( #3626, #2925, #7628, #3595, #4203, #5515, #1456, #227, #6187 ),
 ( #2825, #4957, #4169, #3530, #849, #1608, #5786, #975, #7689 ) ),
 .UNSPECIFIED., .F., .F., .F.,
 ( 4, 1, 1, 4 ),
 ( 4, 1, 1, 1, 1, 1, 4 ),
 ( -0.04106042718423999482, 1.266001362753999882, 2.504219714683999953, 4.048983493117000343 ),
 ( 2.008270429069999974, 3.105396961080000295, 4.140529281440000098, 5.175661601799999900, 6.210793922161000680, 7.245957964526000161, 8.342543534186999565 ),
 .UNSPECIFIED. ) ;
#4665 = EDGE_CURVE ( 'NONE', #5035, #3357, #6512, .T. ) ;
#4666 = CARTESIAN_POINT ( 'NONE',  ( -12.53646576609000007, -16.50637188700000024, 1.643858944386999754 ) ) ;
#4667 = CARTESIAN_POINT ( 'NONE',  ( -10.05123694556089298, -22.09316099739844574, -1.275728795144377425 ) ) ;
#4668 = CARTESIAN_POINT ( 'NONE',  ( 18.07203851705178366, 10.19669762885405540, 1.698470285934875923 ) ) ;
#4669 = CARTESIAN_POINT ( 'NONE',  ( -20.53843354692959977, 2.954996665412354950, 1.633754201805885042 ) ) ;
#4670 = ORIENTED_EDGE ( 'NONE', *, *, #3751, .T. ) ;
#4671 = VECTOR ( 'NONE', #660, 1000.000000000000000 ) ;
#4672 = CARTESIAN_POINT ( 'NONE',  ( -21.21150415285000435, -2.208352667999000207, 1.063620971643999935 ) ) ;
#4673 = DIRECTION ( 'NONE',  ( -1.000000000000000000, 0.000000000000000000, 0.000000000000000000 ) ) ;
#4674 = CARTESIAN_POINT ( 'NONE',  ( 19.17817760102216340, -7.922118105596114290, -1.206340018652572343 ) ) ;
#4675 = CARTESIAN_POINT ( 'NONE',  ( 10.29950541636999972, 21.69285864835000055, -0.4289388475204999884 ) ) ;
#4676 = ORIENTED_EDGE ( 'NONE', *, *, #994, .T. ) ;
#4677 = CARTESIAN_POINT ( 'NONE',  ( -11.84903139037663777, 21.31603886969323014, -2.659343140189282195 ) ) ;
#4678 = CARTESIAN_POINT ( 'NONE',  ( 11.42497337883581565, -18.69972983032029745, -3.306250886341752793 ) ) ;
#4679 = ADVANCED_FACE ( 'NONE', ( #284 ), #2173, .T. ) ;
#4680 = VECTOR ( 'NONE', #7633, 1000.000000000000000 ) ;
#4681 = B_SPLINE_CURVE_WITH_KNOTS ( 'NONE', 3,
 ( #335, #1662, #1051, #2322 ),
 .UNSPECIFIED., .F., .F.,
 ( 4, 4 ),
 ( 0.000000000000000000, 0.07071067811922332469 ),
 .UNSPECIFIED. ) ;
#4682 = CARTESIAN_POINT ( 'NONE',  ( -10.74977373383000057, -18.99747922819999957, -3.432411644214999669 ) ) ;
#4683 = CARTESIAN_POINT ( 'NONE',  ( 21.27450895612000181, -0.8938684326176999928, 1.810549923027000130 ) ) ;
#4684 = CARTESIAN_POINT ( 'NONE',  ( 9.986867826916860480, 18.40545666007489345, -3.084905883890516343 ) ) ;
#4685 = CARTESIAN_POINT ( 'NONE',  ( 19.68597795891700031, 6.559444643078513160, 0.8219279810066469905 ) ) ;
#4686 = ORIENTED_EDGE ( 'NONE', *, *, #6851, .T. ) ;
#4687 = DIRECTION ( 'NONE',  ( -1.000000000000000000, 0.000000000000000000, 0.000000000000000000 ) ) ;
#4688 = CARTESIAN_POINT ( 'NONE',  ( -5.380113297648189352, -20.08634545994467047, 3.633693845754976337 ) ) ;
#4689 = B_SPLINE_SURFACE_WITH_KNOTS ( 'NONE', 3, 3, ( 
 ( #5795, #3797, #5202, #5116 ),
 ( #1726, #349, #437, #6465 ),
 ( #1814, #6547, #7128, #3105 ),
 ( #2508, #4572, #2592, #3858 ),
 ( #8020, #3944, #5261, #2622 ),
 ( #5287, #6688, #1255, #581 ) ),
 .UNSPECIFIED., .F., .F., .F.,
 ( 4, 1, 1, 4 ),
 ( 4, 4 ),
 ( -0.04013356170537000361, 1.266001362753999882, 2.504219714683999953, 4.048314123478999882 ),
 ( 1.920539088274999973, 2.072961259738999917 ),
 .UNSPECIFIED. ) ;
#4690 = ORIENTED_EDGE ( 'NONE', *, *, #4711, .F. ) ;
#4691 = CARTESIAN_POINT ( 'NONE',  ( 20.08634546023308332, 5.380113296564570824, 4.523749079003892781 ) ) ;
#4692 = DIRECTION ( 'NONE',  ( 0.000000000000000000, 0.000000000000000000, -1.000000000000000000 ) ) ;
#4693 = CARTESIAN_POINT ( 'NONE',  ( 11.86470920992083578, -20.83885106817504607, -3.191637409361423039 ) ) ;
#4694 = FACE_OUTER_BOUND ( 'NONE', #7813, .T. ) ;
#4695 = CARTESIAN_POINT ( 'NONE',  ( -21.27860095662999740, -0.9618274109375000158, 1.803693970931000035 ) ) ;
#4696 = VERTEX_POINT ( 'NONE', #2996 ) ;
#4697 = CARTESIAN_POINT ( 'NONE',  ( 20.72783556731357635, 0.9249961706080984669, -1.156309894423348750 ) ) ;
#4698 = CARTESIAN_POINT ( 'NONE',  ( -10.60789665169000173, 20.56990594796000238, -2.068331160266999813 ) ) ;
#4699 = CARTESIAN_POINT ( 'NONE',  ( 10.03253260440999917, 22.10179559227999846, -1.277859141088999895 ) ) ;
#4700 = CARTESIAN_POINT ( 'NONE',  ( -11.90807359120278441, 20.25481988705204017, -3.473775438039502728 ) ) ;
#4701 = DIRECTION ( 'NONE',  ( -1.000000000000000000, 0.000000000000000000, 0.000000000000000000 ) ) ;
#4702 = FACE_OUTER_BOUND ( 'NONE', #1790, .T. ) ;
#4703 = ORIENTED_EDGE ( 'NONE', *, *, #4084, .F. ) ;
#4704 = CARTESIAN_POINT ( 'NONE',  ( 21.47836483197859536, -2.092533526008995004, 0.6256050234061201198 ) ) ;
#4705 = DIRECTION ( 'NONE',  ( -0.000000000000000000, -0.000000000000000000, -1.000000000000000000 ) ) ;
#4706 = CARTESIAN_POINT ( 'NONE',  ( 21.28144353158999991, -2.379079717406999972, 0.3319874367320999609 ) ) ;
#4707 = B_SPLINE_CURVE_WITH_KNOTS ( 'NONE', 3,
 ( #2612, #3237, #8705, #2583, #4657, #6679, #5254, #4684, #4563, #7269 ),
 .UNSPECIFIED., .F., .F.,
 ( 4, 2, 2, 2, 4 ),
 ( 5.222209201006511912E-18, 0.001350839735753733492, 0.002701679471507461780, 0.004052519207261190068, 0.005403358943014918356 ),
 .UNSPECIFIED. ) ;
#4708 = CARTESIAN_POINT ( 'NONE',  ( 17.64158633187641456, -10.92416274937846232, 0.5264461740453917349 ) ) ;
#4709 = CARTESIAN_POINT ( 'NONE',  ( 19.69563286797311363, 6.530309799103309665, 0.7235772897529583192 ) ) ;
#4710 = CARTESIAN_POINT ( 'NONE',  ( 0.6031322924654798356, 20.80948510086814451, 3.633693845755172180 ) ) ;
#4711 = EDGE_CURVE ( 'NONE', #4915, #786, #8508, .T. ) ;
#4712 = DIRECTION ( 'NONE',  ( -1.000000000000000000, 0.000000000000000000, 0.000000000000000000 ) ) ;
#4713 = CIRCLE ( 'NONE', #2129, 1.800000000000000044 ) ;
#4714 = CARTESIAN_POINT ( 'NONE',  ( 11.71562486234999945, -20.62154139533999953, -3.402855793131999818 ) ) ;
#4715 = VERTEX_POINT ( 'NONE', #6407 ) ;
#4716 = CARTESIAN_POINT ( 'NONE',  ( -18.91212488958967342, -2.674658819054555714, -0.7060026549317734990 ) ) ;
#4717 = CARTESIAN_POINT ( 'NONE',  ( -10.00144340168733237, -19.24049077942474284, -3.525094200785126475 ) ) ;
#4718 = CARTESIAN_POINT ( 'NONE',  ( -12.05165673973000118, -19.10768430750000135, -3.457401567022000410 ) ) ;
#4719 = VECTOR ( 'NONE', #6168, 1000.000000000000114 ) ;
#4720 = VERTEX_POINT ( 'NONE', #6321 ) ;
#4721 = AXIS2_PLACEMENT_3D ( 'NONE', #8623, #7274, #5964 ) ;
#4722 = FACE_OUTER_BOUND ( 'NONE', #8526, .T. ) ;
#4723 = CARTESIAN_POINT ( 'NONE',  ( 18.38648857385999946, -10.79313055503999941, 1.330729778222000004 ) ) ;
#4724 = DIRECTION ( 'NONE',  ( -1.000000000000000000, 0.000000000000000000, 0.000000000000000000 ) ) ;
#4725 = CARTESIAN_POINT ( 'NONE',  ( 19.17809679427295322, 7.922317368868619702, -1.706306466701889901 ) ) ;
#4726 = ORIENTED_EDGE ( 'NONE', *, *, #8713, .F. ) ;
#4727 = CARTESIAN_POINT ( 'NONE',  ( -11.95114111796102918, 21.50502212732232366, -1.062370122016386587 ) ) ;
#4728 = CARTESIAN_POINT ( 'NONE',  ( 17.68106381602270716, 10.85698012101499543, -0.06156883603501377838 ) ) ;
#4729 = ORIENTED_EDGE ( 'NONE', *, *, #5835, .F. ) ;
#4730 = B_SPLINE_CURVE_WITH_KNOTS ( 'NONE', 3,
 ( #5315, #6625, #5370, #2558 ),
 .UNSPECIFIED., .F., .F.,
 ( 4, 4 ),
 ( 2.058616366196314534E-11, 0.001850389046377143255 ),
 .UNSPECIFIED. ) ;
#4731 = CARTESIAN_POINT ( 'NONE',  ( 10.00252320804141526, 19.30235284402162321, -3.559187277471826505 ) ) ;
#4732 = CARTESIAN_POINT ( 'NONE',  ( -10.75680512981000092, -18.86853773256000011, -3.367134783318999958 ) ) ;
#4733 = CARTESIAN_POINT ( 'NONE',  ( 18.96785110378999661, -10.10178996307000077, -0.9513634598660000163 ) ) ;
#4734 = CARTESIAN_POINT ( 'NONE',  ( 20.75339542367343171, 0.5007138519109342045, 1.260179222045916481 ) ) ;
#4735 = CARTESIAN_POINT ( 'NONE',  ( 9.926552485550288907, -14.94999306769318892, -2.108248341986540986 ) ) ;
#4736 = CARTESIAN_POINT ( 'NONE',  ( 9.983112060750290340, -18.19064668475849800, 1.633726812308154974 ) ) ;
#4737 = ORIENTED_EDGE ( 'NONE', *, *, #1140, .F. ) ;
#4738 = CARTESIAN_POINT ( 'NONE',  ( -20.68120688755361058, 1.502486366845696919, 0.6356660348084411938 ) ) ;
#4739 = CARTESIAN_POINT ( 'NONE',  ( 1.300000003056924980, 10.91529632373754133, -1.478875005754179517 ) ) ;
#4740 = ORIENTED_EDGE ( 'NONE', *, *, #6182, .F. ) ;
#4741 = CARTESIAN_POINT ( 'NONE',  ( 11.87251786115000129, -20.98838775657000255, -3.067035872103000216 ) ) ;
#4742 = DIRECTION ( 'NONE',  ( -0.000000000000000000, -0.000000000000000000, -1.000000000000000000 ) ) ;
#4743 = ORIENTED_EDGE ( 'NONE', *, *, #7194, .T. ) ;
#4744 = CARTESIAN_POINT ( 'NONE',  ( -17.97965086405735491, -1.702694724666625303, -1.555146292196695867 ) ) ;
#4745 = CARTESIAN_POINT ( 'NONE',  ( -11.06970209159999996, 20.52936980740999928, -3.596439644283000003 ) ) ;
#4746 = DIRECTION ( 'NONE',  ( -1.000000000000000000, 0.000000000000000000, 0.000000000000000000 ) ) ;
#4747 = CARTESIAN_POINT ( 'NONE',  ( -11.62333092305999926, -18.59370763083000000, -3.260322088087999948 ) ) ;
#4748 = EDGE_LOOP ( 'NONE', ( #1877, #2615, #5608, #3138 ) ) ;
#4749 = CARTESIAN_POINT ( 'NONE',  ( 1.300000000000020695, 10.55000000000000071, -1.816306154244996973 ) ) ;
#4750 = CARTESIAN_POINT ( 'NONE',  ( 18.31960136017000096, -10.91431640282999993, 1.157360588835000037 ) ) ;
#4751 = ORIENTED_EDGE ( 'NONE', *, *, #7080, .F. ) ;
#4752 = CARTESIAN_POINT ( 'NONE',  ( 10.01976642508999937, 21.49882865473999871, -0.1495814314281000146 ) ) ;
#4753 = CARTESIAN_POINT ( 'NONE',  ( -11.94079271973254031, 21.53221652037712630, -1.145806729776973842 ) ) ;
#4754 = CARTESIAN_POINT ( 'NONE',  ( -17.80316888878964932, -0.9249822048187840151, -1.706323152218325090 ) ) ;
#4755 = B_SPLINE_SURFACE_WITH_KNOTS ( 'NONE', 3, 3, ( 
 ( #1116, #2362, #5859, #5766, #7759, #7848, #5176 ),
 ( #3135, #2387, #1788, #7162, #2482, #3050, #7105 ),
 ( #7875, #7190, #6441, #3723, #3167, #8514, #8542 ),
 ( #4514, #416, #465, #3079, #8486, #1012, #6491 ),
 ( #7789, #7131, #5739, #5118, #3801, #7074, #3749 ),
 ( #2422, #7818, #5800, #8433, #4483, #351, #8458 ),
 ( #4427, #379, #1063, #6467, #3108, #5141, #3774 ) ),
 .UNSPECIFIED., .F., .F., .F.,
 ( 4, 1, 1, 1, 4 ),
 ( 4, 1, 1, 1, 4 ),
 ( -0.01556574084659999996, 0.3902512921481000041, 0.7805025842962000082, 1.170753876443999975, 1.576534406381999931 ),
 ( -0.04394805965657999636, 1.266001362753999882, 1.661274701535999876, 2.504219714683999953, 4.047607603117000075 ),
 .UNSPECIFIED. ) ;
#4756 = EDGE_CURVE ( 'NONE', #4274, #8053, #5729, .T. ) ;
#4757 = CARTESIAN_POINT ( 'NONE',  ( 10.75680514917000075, 18.86853772278999841, -3.367134779197999972 ) ) ;
#4758 = CARTESIAN_POINT ( 'NONE',  ( 0.8851493287163815227, -17.19001341594400500, -2.066306154244998528 ) ) ;
#4759 = ORIENTED_EDGE ( 'NONE', *, *, #8700, .T. ) ;
#4760 = CARTESIAN_POINT ( 'NONE',  ( 18.50889894274000014, -10.93485696606999902, 1.001628764198000177 ) ) ;
#4761 = B_SPLINE_CURVE_WITH_KNOTS ( 'NONE', 3,
 ( #113, #2870, #8254, #1380, #5493, #7540, #6233, #2142, #2174, #802, #1469, #6862, #7453, #145, #4867, #4899 ),
 .UNSPECIFIED., .F., .F.,
 ( 4, 2, 2, 2, 2, 2, 2, 4 ),
 ( 1.723733262369759829E-13, 0.0004772729431137272987, 0.0009545458860550811971, 0.001431818828996435367, 0.001909091771937789211, 0.002386364714879143055, 0.002863637657820497333, 0.003818183543703197215 ),
 .UNSPECIFIED. ) ;
#4762 = CARTESIAN_POINT ( 'NONE',  ( 20.59549714628760597, -2.504131223023515762, 0.6354753377525736990 ) ) ;
#4763 = DIRECTION ( 'NONE',  ( 0.000000000000000000, -0.7071067811865526798, -0.7071067811865422437 ) ) ;
#4764 = FACE_BOUND ( 'NONE', #813, .T. ) ;
#4765 = DIRECTION ( 'NONE',  ( 0.4067367320409895903, -0.9135454180327413631, 0.000000000000000000 ) ) ;
#4766 = CARTESIAN_POINT ( 'NONE',  ( -21.46954781308000193, -0.8933168750374999023, 1.594589975719999941 ) ) ;
#4767 = CARTESIAN_POINT ( 'NONE',  ( 18.59789623672999781, 10.40212220561000045, -1.011004427020999907 ) ) ;
#4768 = DIRECTION ( 'NONE',  ( -0.9063077870366409439, -0.4226182617407189257, 0.000000000000000000 ) ) ;
#4769 = CARTESIAN_POINT ( 'NONE',  ( 1.300000000000020695, 10.55000000000000071, -1.496306154245000020 ) ) ;
#4770 = CARTESIAN_POINT ( 'NONE',  ( 12.31107722885999856, 19.45149921316000174, 0.6671640845735999914 ) ) ;
#4771 = ORIENTED_EDGE ( 'NONE', *, *, #4931, .F. ) ;
#4772 = EDGE_CURVE ( 'NONE', #4538, #4834, #6931, .T. ) ;
#4773 = VECTOR ( 'NONE', #935, 1000.000000000000000 ) ;
#4774 = AXIS2_PLACEMENT_3D ( 'NONE', #2402, #5842, #7092 ) ;
#4775 = CARTESIAN_POINT ( 'NONE',  ( -18.89160083478936158, -2.661848534934090793, -0.7274221225264708712 ) ) ;
#4776 = CARTESIAN_POINT ( 'NONE',  ( -11.08350390094999938, 20.25885077055000139, -3.642026862857999703 ) ) ;
#4777 = VERTEX_POINT ( 'NONE', #4366 ) ;
#4778 = DIRECTION ( 'NONE',  ( 1.000000000000000000, 0.000000000000000000, 0.000000000000000000 ) ) ;
#4779 = CARTESIAN_POINT ( 'NONE',  ( 10.75341545029036716, -21.06377084238482311, -0.02033245212714265143 ) ) ;
#4780 = CARTESIAN_POINT ( 'NONE',  ( 10.72307014771000055, 21.03582802731000001, 0.004164223587545999583 ) ) ;
#4781 = CARTESIAN_POINT ( 'NONE',  ( 9.992649123325950455, -18.73666690978408056, 1.410495858397031954 ) ) ;
#4782 = CARTESIAN_POINT ( 'NONE',  ( 16.34094220137643916, 10.82750101263664355, -0.1793650105739939549 ) ) ;
#4783 = ORIENTED_EDGE ( 'NONE', *, *, #4933, .F. ) ;
#4784 = ADVANCED_FACE ( 'NONE', ( #7139 ), #2061, .T. ) ;
#4785 = B_SPLINE_CURVE_WITH_KNOTS ( 'NONE', 3,
 ( #6474, #3055, #8439, #4398, #302, #2313, #356, #5033, #3753, #990 ),
 .UNSPECIFIED., .F., .F.,
 ( 4, 2, 2, 2, 4 ),
 ( 0.000000000000000000, 0.2500000000000000000, 0.5000000000000000000, 0.7500000000000000000, 1.000000000000000000 ),
 .UNSPECIFIED. ) ;
#4786 = CARTESIAN_POINT ( 'NONE',  ( 21.51632117994058646, -1.660043048099104190, 1.264012475616669962 ) ) ;
#4787 = CARTESIAN_POINT ( 'NONE',  ( 11.69382169299000118, 16.53852550148999967, -2.489500840073999743 ) ) ;
#4788 = CARTESIAN_POINT ( 'NONE',  ( 18.75183065704999663, -10.50639054118999915, -0.8340361566038999586 ) ) ;
#4789 = CARTESIAN_POINT ( 'NONE',  ( 20.69032413327198583, -1.502321125417957148, -0.6129938232683630472 ) ) ;
#4790 = CARTESIAN_POINT ( 'NONE',  ( 17.71971860261665555, -10.79701879047336277, 1.008173784137631035 ) ) ;
#4791 = CARTESIAN_POINT ( 'NONE',  ( 18.86018434139072042, 10.48848166262483161, 1.345832668091510032 ) ) ;
#4792 = CARTESIAN_POINT ( 'NONE',  ( 18.46456908010999953, 10.65027971194999878, -0.8342289031363000484 ) ) ;
#4793 = ORIENTED_EDGE ( 'NONE', *, *, #4876, .F. ) ;
#4794 = CARTESIAN_POINT ( 'NONE',  ( -18.13791728827381888, -8.419253230836018176, 0.3341929284671124045 ) ) ;
#4795 = CARTESIAN_POINT ( 'NONE',  ( 10.62050716242000092, -21.67513971941999884, -2.753005976355999529 ) ) ;
#4796 = CARTESIAN_POINT ( 'NONE',  ( 18.00750568009607733, 10.39887648800203301, 3.383693845754000229 ) ) ;
#4797 = AXIS2_PLACEMENT_3D ( 'NONE', #1915, #3334, #1974 ) ;
#4798 = CARTESIAN_POINT ( 'NONE',  ( -18.60171553182946980, -2.451008959827993827, -1.015040589386992487 ) ) ;
#4799 = CARTESIAN_POINT ( 'NONE',  ( 12.43339784682010674, -16.02263272978998287, -2.370574844887628263 ) ) ;
#4800 = CARTESIAN_POINT ( 'NONE',  ( -11.94121707080000050, 21.56584804621000018, -1.223821820406999938 ) ) ;
#4801 = CARTESIAN_POINT ( 'NONE',  ( 20.60904923735078853, 2.405000011462031129, 0.3236938182002782605 ) ) ;
#4802 = FACE_OUTER_BOUND ( 'NONE', #6882, .T. ) ;
#4803 = CARTESIAN_POINT ( 'NONE',  ( 12.88621533708354150, 11.37755126571295961, -2.066400928784905222 ) ) ;
#4804 = ORIENTED_EDGE ( 'NONE', *, *, #7938, .F. ) ;
#4805 = CARTESIAN_POINT ( 'NONE',  ( -12.13692173806999897, -18.47745659359999948, -3.213782213594000403 ) ) ;
#4806 = FACE_OUTER_BOUND ( 'NONE', #5301, .T. ) ;
#4807 = DIRECTION ( 'NONE',  ( 0.000000000000000000, 0.000000000000000000, -1.000000000000000000 ) ) ;
#4808 = LINE ( 'NONE', #3071, #2597 ) ;
#4809 = ORIENTED_EDGE ( 'NONE', *, *, #6169, .F. ) ;
#4810 = DIRECTION ( 'NONE',  ( 0.000000000000000000, 0.000000000000000000, 1.000000000000000000 ) ) ;
#4811 = CARTESIAN_POINT ( 'NONE',  ( 19.54856064095488932, 6.962676299643626443, -1.448525157805211849 ) ) ;
#4812 = CARTESIAN_POINT ( 'NONE',  ( -12.90196459402107010, -16.15015525457948797, 1.460564022205577128 ) ) ;
#4813 = CARTESIAN_POINT ( 'NONE',  ( 15.63267528551912733, 9.551564844605136884, -1.371067131726393606 ) ) ;
#4814 = FACE_OUTER_BOUND ( 'NONE', #2382, .T. ) ;
#4815 = CARTESIAN_POINT ( 'NONE',  ( 21.47840095375668668, -2.092158317131781686, 0.01817709087143098284 ) ) ;
#4816 = CARTESIAN_POINT ( 'NONE',  ( 8.435879440299448362, -15.00830420238514229, -2.066306154244998528 ) ) ;
#4817 = EDGE_LOOP ( 'NONE', ( #3337, #3552, #5241, #7140 ) ) ;
#4818 = CARTESIAN_POINT ( 'NONE',  ( 19.06114919112999928, -10.13174109920000099, -0.8433001770915000694 ) ) ;
#4819 = CARTESIAN_POINT ( 'NONE',  ( 19.84817439819373064, -6.051717274770338939, -0.2033085578030086604 ) ) ;
#4820 = DIRECTION ( 'NONE',  ( -1.000000000000000000, 0.000000000000000000, 0.000000000000000000 ) ) ;
#4821 = EDGE_CURVE ( 'NONE', #8053, #649, #6398, .T. ) ;
#4822 = CARTESIAN_POINT ( 'NONE',  ( -4.778749469422749918, 16.52024446737408070, -2.066306154244998528 ) ) ;
#4823 = EDGE_CURVE ( 'NONE', #299, #3893, #2935, .T. ) ;
#4824 = CARTESIAN_POINT ( 'NONE',  ( 10.25802932271000145, -20.62654069378000088, -3.741122857229000065 ) ) ;
#4825 = ORIENTED_EDGE ( 'NONE', *, *, #4034, .F. ) ;
#4826 = CARTESIAN_POINT ( 'NONE',  ( 12.16090163915999867, -18.27999477704999975, -3.125942379078999966 ) ) ;
#4827 = ADVANCED_FACE ( 'NONE', ( #4936 ), #6198, .T. ) ;
#4828 = CARTESIAN_POINT ( 'NONE',  ( 17.99991456012002899, -1.178091653069084588, 5.710772084629347489 ) ) ;
#4829 = FACE_OUTER_BOUND ( 'NONE', #3692, .T. ) ;
#4830 = CARTESIAN_POINT ( 'NONE',  ( -11.73354591189000118, 21.61638440062000299, -2.022982249632999885 ) ) ;
#4831 = CARTESIAN_POINT ( 'NONE',  ( 12.57102402161999954, 15.45169509221000048, -1.580710315142999978 ) ) ;
#4832 = CARTESIAN_POINT ( 'NONE',  ( -11.49186370728000028, -20.13264407345000251, -3.585078056279999981 ) ) ;
#4833 = ADVANCED_FACE ( 'NONE', ( #2176 ), #4292, .T. ) ;
#4834 = VERTEX_POINT ( 'NONE', #983 ) ;
#4835 = AXIS2_PLACEMENT_3D ( 'NONE', #7036, #3010, #4529 ) ;
#4836 = CARTESIAN_POINT ( 'NONE',  ( -0.0001470041326440999993, -0.0001995674094548000033, -1.156354105549000089 ) ) ;
#4837 = CARTESIAN_POINT ( 'NONE',  ( -9.958859447068968862, -16.80085765324925262, -0.2577492698129518200 ) ) ;
#4838 = EDGE_LOOP ( 'NONE', ( #1024, #8048, #6542, #2663, #8122, #4303 ) ) ;
#4839 = CARTESIAN_POINT ( 'NONE',  ( -16.55518718204396222, -7.808698735499292276, 0.08369384575500000978 ) ) ;
#4840 = CARTESIAN_POINT ( 'NONE',  ( 12.79839353438985761, -14.38792544477144197, -0.5539979691973198062 ) ) ;
#4841 = CARTESIAN_POINT ( 'NONE',  ( 18.25875590527000014, 11.01251326505000172, -0.4692144057771999721 ) ) ;
#4842 = ORIENTED_EDGE ( 'NONE', *, *, #2049, .T. ) ;
#4843 = PRODUCT_DEFINITION_SHAPE ( 'NONE', 'NONE',  #3839 ) ;
#4844 = B_SPLINE_CURVE_WITH_KNOTS ( 'NONE', 3,
 ( #2987, #3655, #912, #6312 ),
 .UNSPECIFIED., .F., .F.,
 ( 4, 4 ),
 ( 0.000000000000000000, 1.000000000000000000 ),
 .UNSPECIFIED. ) ;
#4845 = VERTEX_POINT ( 'NONE', #6287 ) ;
#4846 = CARTESIAN_POINT ( 'NONE',  ( -20.66729840135377927, -1.832467679364444768, 1.509034556117262671 ) ) ;
#4847 = CARTESIAN_POINT ( 'NONE',  ( 19.05571123609999873, -10.14177299722000214, 1.487429332909000035 ) ) ;
#4848 = CARTESIAN_POINT ( 'NONE',  ( 16.66796948926580058, -11.03286157639150034, 0.3237863076832830367 ) ) ;
#4849 = EDGE_CURVE ( 'NONE', #8552, #3818, #1765, .T. ) ;
#4850 = CARTESIAN_POINT ( 'NONE',  ( -12.07749883531000101, -21.12269651489999944, -0.3875132854243000247 ) ) ;
#4851 = ORIENTED_EDGE ( 'NONE', *, *, #2278, .T. ) ;
#4852 = CARTESIAN_POINT ( 'NONE',  ( 19.54196886189422955, 6.977034459314539916, -0.8292380052635446308 ) ) ;
#4853 = AXIS2_PLACEMENT_3D ( 'NONE', #2380, #2265, #231 ) ;
#4854 = DIRECTION ( 'NONE',  ( -0.4226182617407191477, 0.9063077870366408328, 0.000000000000000000 ) ) ;
#4855 = CARTESIAN_POINT ( 'NONE',  ( 11.85880539701000025, -21.45434577169000079, -2.409298132082000166 ) ) ;
#4856 = CARTESIAN_POINT ( 'NONE',  ( 10.48126877783999866, 20.28443823990000183, 0.5892651293808000013 ) ) ;
#4857 = ORIENTED_EDGE ( 'NONE', *, *, #4308, .F. ) ;
#4858 = CARTESIAN_POINT ( 'NONE',  ( -9.881801195752998979, 14.33308963758000054, -2.063008989057999898 ) ) ;
#4859 = CARTESIAN_POINT ( 'NONE',  ( 12.06951548370999916, -17.30310208516000259, -2.714788178669000018 ) ) ;
#4860 = CARTESIAN_POINT ( 'NONE',  ( -12.02777078569291902, 19.12716028546713432, -3.455518937018520642 ) ) ;
#4861 = CARTESIAN_POINT ( 'NONE',  ( -11.04247352077999977, 21.53377803375999733, -2.754786240745999759 ) ) ;
#4862 = CARTESIAN_POINT ( 'NONE',  ( 19.72277883815634425, 6.433962108065611751, 0.6359700123746930833 ) ) ;
#4863 = CARTESIAN_POINT ( 'NONE',  ( 12.94255425085999889, 16.20518569204999793, 1.737376129619000009 ) ) ;
#4864 = CARTESIAN_POINT ( 'NONE',  ( -10.25543000679000016, -19.54374782140000022, -3.690822377507999796 ) ) ;
#4865 = ORIENTED_EDGE ( 'NONE', *, *, #5227, .F. ) ;
#4866 = CARTESIAN_POINT ( 'NONE',  ( 19.17806198873979895, -7.922399455555648728, 1.853682258614105294 ) ) ;
#4867 = CARTESIAN_POINT ( 'NONE',  ( 18.99481173455381011, -5.596935830910553022, 0.06474758574373427888 ) ) ;
#4868 = CARTESIAN_POINT ( 'NONE',  ( 18.81241149165310134, 8.772369959300455378, -1.206306154247840157 ) ) ;
#4869 = EDGE_LOOP ( 'NONE', ( #7231, #8210, #195, #863, #1216 ) ) ;
#4870 = CARTESIAN_POINT ( 'NONE',  ( 10.00196669715480091, -19.27047035693092880, 1.158653938838174025 ) ) ;
#4871 = CARTESIAN_POINT ( 'NONE',  ( 17.96619590443079417, -1.681067811942050794, -1.565545216315494148 ) ) ;
#4872 = B_SPLINE_SURFACE_WITH_KNOTS ( 'NONE', 3, 3, ( 
 ( #4863, #2237, #2106, #8188 ),
 ( #4144, #4209, #3535, #5545 ),
 ( #6922, #6226, #2896, #1489 ),
 ( #106, #4831, #165, #794 ),
 ( #5518, #6257, #1461, #6346 ),
 ( #290, #5639, #6989, #1579 ) ),
 .UNSPECIFIED., .F., .F., .F.,
 ( 4, 1, 1, 4 ),
 ( 4, 4 ),
 ( -0.01999999999997999905, 0.000000000000000000, 1.000000000000000000, 1.020000000000000018 ),
 ( 0.0001955104313754999943, 0.9900439588646999800 ),
 .UNSPECIFIED. ) ;
#4873 = LINE ( 'NONE', #4355, #1599 ) ;
#4874 = ADVANCED_FACE ( 'NONE', ( #1124 ), #7725, .T. ) ;
#4875 = EDGE_CURVE ( 'NONE', #8420, #4098, #4397, .T. ) ;
#4876 = EDGE_CURVE ( 'NONE', #2971, #7539, #3978, .T. ) ;
#4877 = ADVANCED_FACE ( 'NONE', ( #4183 ), #5460, .T. ) ;
#4878 = CARTESIAN_POINT ( 'NONE',  ( 11.01559350766543233, 17.62405212036707525, 1.633695903704483143 ) ) ;
#4879 = CARTESIAN_POINT ( 'NONE',  ( 6.038250478813566247, -16.12193479354925429, -2.066306154244998528 ) ) ;
#4880 = CARTESIAN_POINT ( 'NONE',  ( 19.85282255239999927, 7.972318460992000588, 1.703018107788999869 ) ) ;
#4881 = CARTESIAN_POINT ( 'NONE',  ( -10.25589384737999943, 19.20982280138000320, -3.522064591636999697 ) ) ;
#4882 = ORIENTED_EDGE ( 'NONE', *, *, #7873, .F. ) ;
#4883 = VECTOR ( 'NONE', #116, 1000.000000000000000 ) ;
#4884 = CARTESIAN_POINT ( 'NONE',  ( 18.38646610178999552, 10.79309221189000034, -0.6833896751621000298 ) ) ;
#4885 = CARTESIAN_POINT ( 'NONE',  ( 20.53851522195487789, -2.954977576514185689, 0.7604072693289333218 ) ) ;
#4886 = CARTESIAN_POINT ( 'NONE',  ( 12.19136270113000009, -20.54657290941000269, 0.007684873504155000784 ) ) ;
#4887 = CARTESIAN_POINT ( 'NONE',  ( -16.71788114985039542, -7.443282196283823815, -3.566078549922982234E-08 ) ) ;
#4888 = EDGE_CURVE ( 'NONE', #4777, #1562, #1617, .T. ) ;
#4889 = CARTESIAN_POINT ( 'NONE',  ( -9.893947267580001537, 14.94918254527000023, -2.100013439919000025 ) ) ;
#4890 = ORIENTED_EDGE ( 'NONE', *, *, #1478, .F. ) ;
#4891 = AXIS2_PLACEMENT_3D ( 'NONE', #3377, #8179, #4085 ) ;
#4892 = CARTESIAN_POINT ( 'NONE',  ( 2.533488065736209990E-15, -20.62500000000002132, 3.508693845755001206 ) ) ;
#4893 = CARTESIAN_POINT ( 'NONE',  ( -11.49292846584000038, 21.72901743325000012, -1.627407003450999978 ) ) ;
#4894 = CARTESIAN_POINT ( 'NONE',  ( 19.06868927217665544, 8.118309740314677114, 1.260127333020252927 ) ) ;
#4895 = CARTESIAN_POINT ( 'NONE',  ( 18.39410952680808720, -9.597961708964607652, 1.803647597835059235 ) ) ;
#4896 = CARTESIAN_POINT ( 'NONE',  ( -11.50088065137000015, -19.99839908512999997, -3.605295978588000327 ) ) ;
#4897 = CARTESIAN_POINT ( 'NONE',  ( 17.81565375257318351, -10.62855058564205457, -0.6125197861675024669 ) ) ;
#4898 = CARTESIAN_POINT ( 'NONE',  ( 10.04720078679766182, -21.86192961697301129, -2.753217071066805133 ) ) ;
#4899 = CARTESIAN_POINT ( 'NONE',  ( 19.16576168259589963, -5.676649418170450545, 0.3237284725022330223 ) ) ;
#4900 = CARTESIAN_POINT ( 'NONE',  ( 19.78665590940889274, 6.249914154783295039, -0.7011454568144735999 ) ) ;
#4901 = CARTESIAN_POINT ( 'NONE',  ( 8.461415415572178134, -19.02577024179818110, 1.633720573383592223 ) ) ;
#4902 = CARTESIAN_POINT ( 'NONE',  ( -18.69928856558351526, 2.528793638652232278, -0.9212348319042346079 ) ) ;
#4903 = FACE_OUTER_BOUND ( 'NONE', #1317, .T. ) ;
#4904 = B_SPLINE_CURVE_WITH_KNOTS ( 'NONE', 3,
 ( #2600, #3276, #3303, #3414 ),
 .UNSPECIFIED., .F., .F.,
 ( 4, 4 ),
 ( 0.000000000000000000, 1.000000000000000000 ),
 .UNSPECIFIED. ) ;
#4905 = AXIS2_PLACEMENT_3D ( 'NONE', #4062, #3350, #8135 ) ;
#4906 = ORIENTED_EDGE ( 'NONE', *, *, #3251, .F. ) ;
#4907 = CARTESIAN_POINT ( 'NONE',  ( -20.62959990817885725, -2.217535072785364214, -0.4234429409328590022 ) ) ;
#4908 = CARTESIAN_POINT ( 'NONE',  ( 19.74421611651000319, 8.229491935610999676, -1.054945632853999893 ) ) ;
#4909 = CARTESIAN_POINT ( 'NONE',  ( -10.74977376142999930, 18.99747846056000000, -3.432411257043999964 ) ) ;
#4910 = CARTESIAN_POINT ( 'NONE',  ( -11.94121707328999982, -21.56584804563999569, -1.223821820374000113 ) ) ;
#4911 = DIRECTION ( 'NONE',  ( -4.576538830397179855E-14, -1.393631950250528193E-13, 1.000000000000000000 ) ) ;
#4912 = EDGE_CURVE ( 'NONE', #8638, #2817, #5568, .T. ) ;
#4913 = FACE_OUTER_BOUND ( 'NONE', #8258, .T. ) ;
#4914 = CARTESIAN_POINT ( 'NONE',  ( 10.26715194682999943, -21.79192245707000097, -2.753694517845999723 ) ) ;
#4915 = VERTEX_POINT ( 'NONE', #4511 ) ;
#4916 = CARTESIAN_POINT ( 'NONE',  ( 20.20386717310999813, -6.838510297306998886, -0.1123796744233999945 ) ) ;
#4917 = B_SPLINE_SURFACE_WITH_KNOTS ( 'NONE', 3, 3, ( 
 ( #6094, #2815, #6176, #8062, #1412, #2698 ),
 ( #1, #6150, #8173, #7460, #29, #5444 ),
 ( #1387, #4075, #92, #5501, #2784, #6127 ),
 ( #7433, #3394, #2036, #4757, #2726, #7489 ) ),
 .UNSPECIFIED., .F., .F., .F.,
 ( 4, 4 ),
 ( 4, 1, 1, 4 ),
 ( 1.920538176663999952, 2.072961260090000035 ),
 ( -0.04013001698873000511, 1.266001362753999882, 2.504219714683999953, 4.048314091041000040 ),
 .UNSPECIFIED. ) ;
#4918 = AXIS2_PLACEMENT_3D ( 'NONE', #6437, #2449, #7156 ) ;
#4919 = CARTESIAN_POINT ( 'NONE',  ( 17.74424440422218296, 10.75673475714650529, -0.4481313390455678447 ) ) ;
#4920 = CARTESIAN_POINT ( 'NONE',  ( 11.48085059636999894, -18.59585321934000035, -3.258394835979999904 ) ) ;
#4921 = ADVANCED_FACE ( 'NONE', ( #5364 ), #4689, .T. ) ;
#4922 = CARTESIAN_POINT ( 'NONE',  ( 4.889015159332999892E-05, -0.0002174092056840999925, 1.493693831940000161 ) ) ;
#4923 = CARTESIAN_POINT ( 'NONE',  ( -11.04373659804999974, 21.29992928292000087, -3.068238428328999845 ) ) ;
#4924 = CARTESIAN_POINT ( 'NONE',  ( 19.44821370654667447, 7.189990227851139615, -0.6126002280292193181 ) ) ;
#4925 = CARTESIAN_POINT ( 'NONE',  ( 12.88617591070344126, -11.37722449946298120, -2.066257018295830417 ) ) ;
#4926 = CARTESIAN_POINT ( 'NONE',  ( 19.80475479276000073, -7.849976669758000902, 1.767722057590999984 ) ) ;
#4927 = ADVANCED_FACE ( 'NONE', ( #7344 ), #6093, .T. ) ;
#4928 = FACE_OUTER_BOUND ( 'NONE', #3198, .T. ) ;
#4929 = ORIENTED_EDGE ( 'NONE', *, *, #1092, .F. ) ;
#4930 = CARTESIAN_POINT ( 'NONE',  ( 18.46131954593932534, -9.382234012827167291, 0.6358958199282919166 ) ) ;
#4931 = EDGE_CURVE ( 'NONE', #6706, #3111, #1540, .T. ) ;
#4932 = CARTESIAN_POINT ( 'NONE',  ( -10.03337596223014572, 21.06990594796000238, -1.068331160267000257 ) ) ;
#4933 = EDGE_CURVE ( 'NONE', #3666, #4720, #3110, .T. ) ;
#4934 = CARTESIAN_POINT ( 'NONE',  ( -20.53851199624320145, -2.955001391821240109, 0.3236698511825675251 ) ) ;
#4935 = DIRECTION ( 'NONE',  ( 0.000000000000000000, 0.000000000000000000, -1.000000000000000000 ) ) ;
#4936 = FACE_OUTER_BOUND ( 'NONE', #3096, .T. ) ;
#4937 = VERTEX_POINT ( 'NONE', #496 ) ;
#4938 = CARTESIAN_POINT ( 'NONE',  ( -19.19889257776447522, 2.825146896173244659, -0.3918715648266914986 ) ) ;
#4939 = B_SPLINE_SURFACE_WITH_KNOTS ( 'NONE', 3, 3, ( 
 ( #8328, #306, #1660, #3005 ),
 ( #2979, #7649, #4287, #2253 ),
 ( #5038, #6390, #2916, #995 ),
 ( #2285, #7681, #218, #7619 ),
 ( #3586, #4981, #8293, #8383 ),
 ( #4321, #1626, #186, #3676 ),
 ( #6943, #5596, #2347, #4948 ),
 ( #903, #6977, #1568, #1535 ),
 ( #937, #2949, #6274, #6335 ),
 ( #3648, #7006, #2318, #279 ),
 ( #248, #5658, #2225, #4258 ),
 ( #6303, #3034, #6366, #5010 ),
 ( #1600, #7059, #8265, #7738 ) ),
 .UNSPECIFIED., .F., .F., .F.,
 ( 4, 1, 1, 1, 1, 1, 1, 1, 1, 1, 4 ),
 ( 4, 4 ),
 ( -0.01011789485910000001, 0.000000000000000000, 2.758680581800999797E-06, 0.1666684677124999903, 0.3333341767441999615, 0.4999998857760999948, 0.6666655948080000282, 0.8333313038398000305, 0.9999970128716000328, 1.000000000000000000, 1.010149520794999978 ),
 ( 0.1679172791062000236, 0.8302881936247999972 ),
 .UNSPECIFIED. ) ;
#4940 = VECTOR ( 'NONE', #612, 1000.000000000000227 ) ;
#4941 = CARTESIAN_POINT ( 'NONE',  ( -20.61343516776160456, -2.367093003520226446, 0.7101819419375130504 ) ) ;
#4942 = CARTESIAN_POINT ( 'NONE',  ( 17.91543379823999871, -7.333479488589000006, 0.3236939221948000323 ) ) ;
#4943 = CARTESIAN_POINT ( 'NONE',  ( 20.01781311074000058, 8.078538868822001007, 1.487477280759999854 ) ) ;
#4944 = CARTESIAN_POINT ( 'NONE',  ( 19.93566508846000218, -8.262148260667999011, 1.493645897858000060 ) ) ;
#4945 = CARTESIAN_POINT ( 'NONE',  ( 19.12614212485560472, 8.221260617770077772, 3.633693845755067375 ) ) ;
#4946 = VERTEX_POINT ( 'NONE', #1931 ) ;
#4947 = EDGE_CURVE ( 'NONE', #6706, #3832, #7240, .T. ) ;
#4948 = CARTESIAN_POINT ( 'NONE',  ( 20.38135737632999778, -7.106416742193999880, 0.3166475697701999770 ) ) ;
#4949 = EDGE_CURVE ( 'NONE', #6259, #3573, #8088, .T. ) ;
#4950 = CARTESIAN_POINT ( 'NONE',  ( -11.16401116077000033, 18.91518353924000095, -3.405429070864999908 ) ) ;
#4951 = DIRECTION ( 'NONE',  ( 1.000000000000000000, 0.000000000000000000, 0.000000000000000000 ) ) ;
#4952 = ORIENTED_EDGE ( 'NONE', *, *, #1582, .F. ) ;
#4953 = CARTESIAN_POINT ( 'NONE',  ( 11.23444945628000013, -20.86442586316000103, 0.006378441984655000216 ) ) ;
#4954 = CARTESIAN_POINT ( 'NONE',  ( -20.63333333333360642, 2.088372032924947499E-09, 3.517027179088192401 ) ) ;
#4955 = ORIENTED_EDGE ( 'NONE', *, *, #3077, .T. ) ;
#4956 = CARTESIAN_POINT ( 'NONE',  ( -12.04597119566999908, 12.22517228411999923, -2.065551133890999758 ) ) ;
#4957 = CARTESIAN_POINT ( 'NONE',  ( 9.974237082576999924, -18.98253585389999643, -3.380364227542999700 ) ) ;
#4958 = PLANE ( 'NONE',  #7288 ) ;
#4959 = CARTESIAN_POINT ( 'NONE',  ( -17.83443105684172281, -8.348101619140287255, -0.06305887977797330901 ) ) ;
#4960 = CARTESIAN_POINT ( 'NONE',  ( -14.58481837852582075, 14.90324993166925793, 4.523749079003888340 ) ) ;
#4961 = CARTESIAN_POINT ( 'NONE',  ( 10.03749908113080025, -21.30606952527254805, -0.02725576966041375060 ) ) ;
#4962 = CARTESIAN_POINT ( 'NONE',  ( 19.72027835891999814, -8.052695832051998792, 1.800872300071999721 ) ) ;
#4963 = ORIENTED_EDGE ( 'NONE', *, *, #928, .F. ) ;
#4964 = AXIS2_PLACEMENT_3D ( 'NONE', #814, #901, #4256 ) ;
#4965 = ORIENTED_EDGE ( 'NONE', *, *, #808, .T. ) ;
#4966 = CARTESIAN_POINT ( 'NONE',  ( 19.58118315752998129, -6.809927928632688143, 0.6356071895722834597 ) ) ;
#4967 = CARTESIAN_POINT ( 'NONE',  ( 17.80316417110933713, -0.9254719819435821559, -1.706306388398422857 ) ) ;
#4968 = ORIENTED_EDGE ( 'NONE', *, *, #6970, .F. ) ;
#4969 = CARTESIAN_POINT ( 'NONE',  ( -21.47527706312004980, 2.122699270898584789, 0.4777987603017601059 ) ) ;
#4970 = CARTESIAN_POINT ( 'NONE',  ( 11.83739463337999887, 19.20776226886999893, -3.498603618119999759 ) ) ;
#4971 = CARTESIAN_POINT ( 'NONE',  ( 12.19950089822999928, -20.89913767092000185, 0.6884525829211000092 ) ) ;
#4972 = CARTESIAN_POINT ( 'NONE',  ( -18.61105052436095519, 2.458865959912934329, -1.006034239029572008 ) ) ;
#4973 = B_SPLINE_CURVE_WITH_KNOTS ( 'NONE', 3,
 ( #7844, #1090, #3796, #6406, #7727, #411, #5794, #8510, #5087, #5169, #3693, #1114, #8401, #320 ),
 .UNSPECIFIED., .F., .F.,
 ( 4, 2, 2, 2, 2, 2, 4 ),
 ( 0.000000000000000000, 0.2500000000000007216, 0.3750000000000006106, 0.5000000000000005551, 0.6250000000000004441, 0.7500000000000003331, 1.000000000000000000 ),
 .UNSPECIFIED. ) ;
#4974 = ADVANCED_FACE ( 'NONE', ( #4620 ), #7769, .T. ) ;
#4975 = CARTESIAN_POINT ( 'NONE',  ( -20.68148342600060730, -1.672180917523351296, 1.616231089105639507 ) ) ;
#4976 = CARTESIAN_POINT ( 'NONE',  ( 10.28907797277999947, 15.61912018950999936, -2.237863347239000156 ) ) ;
#4977 = VERTEX_POINT ( 'NONE', #1904 ) ;
#4978 = CARTESIAN_POINT ( 'NONE',  ( 20.10109062935000068, 7.613061640203000024, 1.480223575080999998 ) ) ;
#4979 = CARTESIAN_POINT ( 'NONE',  ( -11.93869617242000025, 18.32372685256999745, -3.141974822065999984 ) ) ;
#4980 = DIRECTION ( 'NONE',  ( 0.000000000000000000, 0.7071067811865451302, 0.7071067811865500152 ) ) ;
#4981 = CARTESIAN_POINT ( 'NONE',  ( 20.03437925511000017, -7.526124673475000471, 1.579446730513000219 ) ) ;
#4982 = AXIS2_PLACEMENT_3D ( 'NONE', #5256, #3240, #2586 ) ;
#4983 = CARTESIAN_POINT ( 'NONE',  ( -11.08044751022999996, 20.31941980204999609, -3.630625202628999570 ) ) ;
#4984 = CARTESIAN_POINT ( 'NONE',  ( -20.65950462936029908, -1.951740946376193664, -1.448060486010747994 ) ) ;
#4985 = CARTESIAN_POINT ( 'NONE',  ( 20.22594154361000207, -6.780958815383000271, 0.2130688468880000130 ) ) ;
#4986 = ORIENTED_EDGE ( 'NONE', *, *, #5616, .F. ) ;
#4987 = LINE ( 'NONE', #7, #3385 ) ;
#4988 = DIRECTION ( 'NONE',  ( -0.9999999998932254108, 1.461331779205780288E-05, 0.000000000000000000 ) ) ;
#4989 = B_SPLINE_CURVE_WITH_KNOTS ( 'NONE', 3,
 ( #741, #2806, #8195, #3476, #4147, #4837, #1520, #799, #6196, #6861, #2834, #7602 ),
 .UNSPECIFIED., .F., .F.,
 ( 4, 2, 2, 2, 2, 4 ),
 ( 3.478488935228279032E-16, 0.001408109698363710447, 0.002112164547545395017, 0.002816219396727079154, 0.004224329095090447427, 0.005632438793453815699 ),
 .UNSPECIFIED. ) ;
#4990 = CARTESIAN_POINT ( 'NONE',  ( 12.02140972133999952, -12.60694816692000053, -2.069945379113999895 ) ) ;
#4991 = DIRECTION ( 'NONE',  ( 0.000000000000000000, 0.000000000000000000, -1.000000000000000000 ) ) ;
#4992 = CARTESIAN_POINT ( 'NONE',  ( -10.72307023631999989, 21.03582648435999758, 0.004165182478081000048 ) ) ;
#4993 = CARTESIAN_POINT ( 'NONE',  ( 18.72086339097637264, 8.840215802061145212, 0.6358189764953537937 ) ) ;
#4994 = PLANE ( 'NONE',  #5304 ) ;
#4995 = EDGE_LOOP ( 'NONE', ( #2425, #2195, #7393, #8132, #2635 ) ) ;
#4996 = CIRCLE ( 'NONE', #3358, 21.58000000003000451 ) ;
#4997 = CARTESIAN_POINT ( 'NONE',  ( 19.09732677334364936, -8.131768034593921612, -1.237088377157145924 ) ) ;
#4998 = DIRECTION ( 'NONE',  ( -1.000000000000000000, -5.923446015530547188E-15, 0.000000000000000000 ) ) ;
#4999 = CARTESIAN_POINT ( 'NONE',  ( 11.16401112287999986, 18.91518408838000198, -3.405429322637000045 ) ) ;
#5000 = CARTESIAN_POINT ( 'NONE',  ( 11.82796305938000003, -23.24616974943999992, 0.1639650818914000219 ) ) ;
#5001 = CARTESIAN_POINT ( 'NONE',  ( -19.41696744401465935, 2.902847140478580723, -0.1335517786414502361 ) ) ;
#5002 = B_SPLINE_SURFACE_WITH_KNOTS ( 'NONE', 5, 5, ( 
 ( #5463, #4304, #1553, #6961, #4214, #6261 ),
 ( #293, #5609, #4244, #6320, #4897, #7601 ),
 ( #5706, #5021, #6376, #263, #3571, #1519 ),
 ( #6927, #2995, #8280, #205, #2931, #6350 ),
 ( #982, #7698, #4930, #1644, #7567, #7667 ),
 ( #236, #2269, #7634, #6993, #1612, #919 ),
 ( #6890, #2899, #2967, #2865, #3538, #8251 ),
 ( #886, #6286, #3661, #169, #8341, #4997 ),
 ( #8368, #953, #3632, #2241, #3604, #5675 ),
 ( #2301, #1583, #4336, #857, #7022, #5579 ),
 ( #2207, #8308, #4966, #4271, #5642, #1035 ),
 ( #2417, #4453, #3019, #6486, #7043, #1008 ) ),
 .UNSPECIFIED., .F., .F., .F.,
 ( 6, 3, 3, 6 ),
 ( 6, 6 ),
 ( -2.504092009637923777, -0.5008234352608358364, 0.5008109265552769251, 2.504079351677226839 ),
 ( -1.560713211148030410, 1.560686608562369626 ),
 .UNSPECIFIED. ) ;
#5003 = ORIENTED_EDGE ( 'NONE', *, *, #7636, .T. ) ;
#5004 = EDGE_CURVE ( 'NONE', #2538, #2976, #481, .T. ) ;
#5005 = DIRECTION ( 'NONE',  ( -1.000000000000000000, 0.000000000000000000, -2.322134505067882768E-14 ) ) ;
#5006 = DIRECTION ( 'NONE',  ( 0.9063077870366587074, -0.4226182617406809006, 0.000000000000000000 ) ) ;
#5007 = CARTESIAN_POINT ( 'NONE',  ( 20.66659504262760549, 1.864168039834113388, 1.548394333750034768 ) ) ;
#5008 = CARTESIAN_POINT ( 'NONE',  ( 21.53226198391000068, 1.546661460509000108, -0.7348144922914999766 ) ) ;
#5009 = DIRECTION ( 'NONE',  ( -1.000000000000000000, 0.000000000000000000, 0.000000000000000000 ) ) ;
#5010 = CARTESIAN_POINT ( 'NONE',  ( 19.93147526404000303, -8.286909416923000649, -0.8399385666970000663 ) ) ;
#5011 = VERTEX_POINT ( 'NONE', #6855 ) ;
#5012 = CARTESIAN_POINT ( 'NONE',  ( -11.49119269166999935, 20.13294871135000008, -3.585152341808999665 ) ) ;
#5013 = DIRECTION ( 'NONE',  ( 0.000000000000000000, 0.000000000000000000, 1.000000000000000000 ) ) ;
#5014 = CARTESIAN_POINT ( 'NONE',  ( -4.495734977061997206, 12.35000000000000142, -2.066306154244998528 ) ) ;
#5015 = CARTESIAN_POINT ( 'NONE',  ( -21.46847792442000014, 0.9198477691963999892, 1.595246577094999951 ) ) ;
#5016 = AXIS2_PLACEMENT_3D ( 'NONE', #4122, #82, #4810 ) ;
#5017 = CARTESIAN_POINT ( 'NONE',  ( -17.75087650612011458, -8.097605787450824266, -0.2756145620887756054 ) ) ;
#5018 = CARTESIAN_POINT ( 'NONE',  ( -11.00728186570080069, -13.27476897356187813, -2.066306154244998528 ) ) ;
#5019 = VERTEX_POINT ( 'NONE', #2800 ) ;
#5020 = CARTESIAN_POINT ( 'NONE',  ( -21.27986591843999875, -0.9250002213522000583, -1.156306218934999963 ) ) ;
#5021 = CARTESIAN_POINT ( 'NONE',  ( 18.00900259602952858, -10.27642547233177694, 1.260278862834350422 ) ) ;
#5022 = CARTESIAN_POINT ( 'NONE',  ( 4.889015114884000019E-05, -0.0002174092056760999899, 1.648693846078000069 ) ) ;
#5023 = FACE_BOUND ( 'NONE', #7506, .T. ) ;
#5024 = EDGE_LOOP ( 'NONE', ( #2957, #3146 ) ) ;
#5025 = PLANE ( 'NONE',  #4096 ) ;
#5026 = CARTESIAN_POINT ( 'NONE',  ( 10.00891433001999964, 20.79238084412000021, -3.752071150736999705 ) ) ;
#5027 = CARTESIAN_POINT ( 'NONE',  ( 19.93569080374999913, 8.262138434601999037, 1.493693845673000009 ) ) ;
#5028 = CARTESIAN_POINT ( 'NONE',  ( 18.96198773692000117, 10.11268693889000048, -0.9478599894033998829 ) ) ;
#5029 = CYLINDRICAL_SURFACE ( 'NONE', #4905, 1.480000000000001092 ) ;
#5030 = B_SPLINE_CURVE_WITH_KNOTS ( 'NONE', 3,
 ( #3103, #7814, #4570, #1197, #5908, #1842, #495, #7243, #5229, #5965, #6575, #3270, #5260, #524, #5937, #7215, #1141, #3245, #6546, #2591 ),
 .UNSPECIFIED., .F., .F.,
 ( 4, 2, 2, 2, 2, 2, 2, 2, 2, 4 ),
 ( 4.091337135425211056E-18, 0.0005656701066002746111, 0.001131340213200545102, 0.001697010319800815485, 0.002262680426401085867, 0.002828350533001356901, 0.003394020639601627500, 0.003676855692901763017, 0.003959690746201898967, 0.004525360852802176072 ),
 .UNSPECIFIED. ) ;
#5031 = AXIS2_PLACEMENT_3D ( 'NONE', #5866, #3706, #1800 ) ;
#5032 = CIRCLE ( 'NONE', #6001, 0.2000000000000000944 ) ;
#5033 = CARTESIAN_POINT ( 'NONE',  ( 20.54614492931331782, 2.903315093394486457, -0.2039007893768853830 ) ) ;
#5034 = CARTESIAN_POINT ( 'NONE',  ( 9.875734800696998050, 14.01595691607000127, -2.066711433884000026 ) ) ;
#5035 = VERTEX_POINT ( 'NONE', #8218 ) ;
#5036 = CARTESIAN_POINT ( 'NONE',  ( -21.26189220115999845, 1.362719381386999995, 1.738942588171999981 ) ) ;
#5037 = CARTESIAN_POINT ( 'NONE',  ( 21.49204934496000163, 2.009243159771000098, 0.9311989190644999193 ) ) ;
#5038 = CARTESIAN_POINT ( 'NONE',  ( 19.66502627134000036, -8.166728855896002059, 1.810739278620999926 ) ) ;
#5039 = CARTESIAN_POINT ( 'NONE',  ( 4.495734977061997206, 12.34999999999999964, -2.096306154244998776 ) ) ;
#5040 = EDGE_CURVE ( 'NONE', #2084, #8518, #5754, .T. ) ;
#5041 = CARTESIAN_POINT ( 'NONE',  ( -10.03844958277161048, 21.36057347410968887, -3.404252819738956770 ) ) ;
#5042 = DIRECTION ( 'NONE',  ( 1.000000000000000000, 0.000000000000000000, 0.000000000000000000 ) ) ;
#5043 = LINE ( 'NONE', #3428, #5143 ) ;
#5044 = VERTEX_POINT ( 'NONE', #5576 ) ;
#5045 = CARTESIAN_POINT ( 'NONE',  ( -10.75341527228813732, -21.06377317858800780, -0.02033400332234756858 ) ) ;
#5046 = B_SPLINE_SURFACE_WITH_KNOTS ( 'NONE', 3, 3, ( 
 ( #8312, #7075, #7638, #1587, #240, #3724, #3635 ),
 ( #8344, #1614, #4310, #4970, #5680, #3023, #5062 ),
 ( #3051, #4276, #6324, #923, #8434, #268, #6353 ),
 ( #2305, #4999, #5647, #7760, #4339, #7027, #2275 ),
 ( #295, #6380, #1647, #5740, #3699, #322, #2997 ),
 ( #6996, #2973, #7668, #5090, #7702, #957, #2336 ),
 ( #3664, #8373, #1705, #1039, #2388, #1013, #5026 ) ),
 .UNSPECIFIED., .F., .F., .F.,
 ( 4, 1, 1, 1, 4 ),
 ( 4, 1, 1, 1, 4 ),
 ( -0.04811088105485999966, 1.266001362753999882, 1.661274701535999876, 2.504219714683999953, 4.047648680532000220 ),
 ( -0.01556483529555000023, 0.3902512921481000041, 0.7805025842962000082, 1.170753876443999975, 1.576534397440999991 ),
 .UNSPECIFIED. ) ;
#5047 = PRODUCT_RELATED_PRODUCT_CATEGORY ( 'part', '', ( #271 ) ) ;
#5048 = CARTESIAN_POINT ( 'NONE',  ( -21.56675005820999758, 0.9006623892656000496, 1.486907213640999981 ) ) ;
#5049 = B_SPLINE_CURVE_WITH_KNOTS ( 'NONE', 3,
 ( #5027, #2213, #4369, #7703, #3667, #296, #6933, #5712, #2904, #7607, #3577, #8286, #926, #5648, #208, #891, #5613, #1557 ),
 .UNSPECIFIED., .F., .F.,
 ( 4, 2, 2, 2, 2, 2, 2, 2, 4 ),
 ( 0.000000000000000000, 0.1250000000000006939, 0.2500000000000007772, 0.3750000000000007216, 0.5000000000000006661, 0.6250000000000006661, 0.7500000000000006661, 0.8750000000000006661, 1.000000000000000000 ),
 .UNSPECIFIED. ) ;
#5050 = CARTESIAN_POINT ( 'NONE',  ( 0.000000000000000000, 13.58546473663999876, -1.496306154245000020 ) ) ;
#5051 = CARTESIAN_POINT ( 'NONE',  ( 20.70815191145279854, -1.311403913414377120, 1.765578874331726666 ) ) ;
#5052 = CARTESIAN_POINT ( 'NONE',  ( -10.00658907950321819, -19.53528646405835190, -3.690584061091314982 ) ) ;
#5053 = ORIENTED_EDGE ( 'NONE', *, *, #984, .F. ) ;
#5054 = CARTESIAN_POINT ( 'NONE',  ( 20.74999999999991118, -2.362884501620482906E-10, 3.633693845755083807 ) ) ;
#5055 = EDGE_CURVE ( 'NONE', #5208, #6973, #3760, .T. ) ;
#5056 = CARTESIAN_POINT ( 'NONE',  ( 20.63715971395146909, -2.169549930159583084, -1.302325238440896538 ) ) ;
#5057 = B_SPLINE_CURVE_WITH_KNOTS ( 'NONE', 3,
 ( #2029, #7452, #1969, #8055, #5383, #1999, #8722, #1939, #6753, #4697 ),
 .UNSPECIFIED., .F., .F.,
 ( 4, 2, 2, 2, 4 ),
 ( 0.5002768139136464232, 0.6237445569127092471, 0.7472122999117720710, 0.8706800429108348949, 0.9941477859098977188 ),
 .UNSPECIFIED. ) ;
#5058 = LINE ( 'NONE', #7958, #3252 ) ;
#5059 = CARTESIAN_POINT ( 'NONE',  ( -17.16647409005769376, 1.036930133119323916, -2.066306154244998528 ) ) ;
#5060 = EDGE_CURVE ( 'NONE', #1588, #1797, #5981, .T. ) ;
#5061 = DIRECTION ( 'NONE',  ( 0.000000000000000000, 0.000000000000000000, -1.000000000000000000 ) ) ;
#5062 = CARTESIAN_POINT ( 'NONE',  ( 11.76374924661000065, 20.00728132536000103, -3.555408481933000520 ) ) ;
#5063 = CARTESIAN_POINT ( 'NONE',  ( -11.93853199940899934, -19.91177410060315012, -3.538182448970389693 ) ) ;
#5064 = ORIENTED_EDGE ( 'NONE', *, *, #1140, .T. ) ;
#5065 = ADVANCED_FACE ( 'NONE', ( #924 ), #4872, .T. ) ;
#5066 = VERTEX_POINT ( 'NONE', #3471 ) ;
#5067 = DIRECTION ( 'NONE',  ( -2.322035083487000063E-14, -1.424779836848000096E-13, 1.000000000000000000 ) ) ;
#5068 = CARTESIAN_POINT ( 'NONE',  ( 18.19578343569000012, -11.13543453704999919, 0.2129001990157000090 ) ) ;
#5069 = CARTESIAN_POINT ( 'NONE',  ( 19.66506570733000103, 8.166685989044999872, 1.810787221271000114 ) ) ;
#5070 = CARTESIAN_POINT ( 'NONE',  ( 21.24096294461000056, 1.692620079754000084, -1.028879191963000039 ) ) ;
#5071 = CARTESIAN_POINT ( 'NONE',  ( 4.495734977061997206, 12.34999999999999964, -1.566306154244998750 ) ) ;
#5072 = ORIENTED_EDGE ( 'NONE', *, *, #6480, .T. ) ;
#5073 = DIRECTION ( 'NONE',  ( 0.9063077870512549206, -0.4226182617093789395, -8.810022428608568898E-10 ) ) ;
#5074 = ORIENTED_EDGE ( 'NONE', *, *, #408, .F. ) ;
#5075 = EDGE_CURVE ( 'NONE', #8321, #3294, #2579, .T. ) ;
#5076 = DIRECTION ( 'NONE',  ( -0.9990570364649706825, -0.04341702304200874274, 1.757823454908506768E-12 ) ) ;
#5077 = ORIENTED_EDGE ( 'NONE', *, *, #6409, .T. ) ;
#5078 = B_SPLINE_SURFACE_WITH_KNOTS ( 'NONE', 3, 3, ( 
 ( #2574, #5329, #1857, #1268, #7886, #6670, #7341, #3838, #5977, #6559, #7227, #4524, #1183 ),
 ( #539, #1888, #3901, #5893, #6644, #4583, #5922, #7971, #7316, #2520, #477, #3197, #5213 ),
 ( #1156, #3872, #5271, #1210, #3926, #8639, #6616, #4616, #8579, #4555, #507, #565, #3953 ),
 ( #6587, #3279, #5245, #2604, #7258, #8000, #8667, #4646, #8115, #2059, #6089, #680, #3987 ),
 ( #743, #1295, #3332, #5360, #6701, #6779, #8141, #6728, #6033, #2691, #7398, #4071, #2086 ),
 ( #52, #6805, #3364, #6119, #4046, #2780, #1971, #627, #7371, #8695, #24, #6756, #4780 ),
 ( #7427, #3306, #3389, #2751, #1405, #5413, #8084, #5438, #2003, #8030, #4675, #8754, #5465 ),
 ( #2662, #1381, #2721, #8058, #3418, #4016, #4099, #8724, #4699, #7454, #6146, #4752, #654 ) ),
 .UNSPECIFIED., .F., .F., .F.,
 ( 4, 1, 1, 1, 1, 4 ),
 ( 4, 1, 1, 1, 1, 1, 1, 1, 1, 1, 4 ),
 ( -0.06750468695929999485, -0.004944176971025999838, 1.266001362753999882, 1.661274701535999876, 2.504219714683999953, 4.045293333064999608 ),
 ( 1.514523591256999868, 2.341507752889000038, 2.731759045037000178, 3.122010337185000317, 3.512261629333000013, 3.902512921481000152, 4.292764213628999848, 4.683015505776999987, 5.073266797925000127, 5.463518090074000355, 6.290772363631999653 ),
 .UNSPECIFIED. ) ;
#5079 = CARTESIAN_POINT ( 'NONE',  ( 19.76922826578694981, 2.955004433010135045, 0.3235662647112614865 ) ) ;
#5080 = CARTESIAN_POINT ( 'NONE',  ( 19.67703014207999956, 8.154925269996999404, -1.156306155109999789 ) ) ;
#5081 = VERTEX_POINT ( 'NONE', #6375 ) ;
#5082 = CARTESIAN_POINT ( 'NONE',  ( 17.42421696911974038, 4.667064080092709233, 5.710772084629344825 ) ) ;
#5083 = CARTESIAN_POINT ( 'NONE',  ( -10.30629204989999970, 21.17698141288000002, 0.0007865405602370999444 ) ) ;
#5084 = CARTESIAN_POINT ( 'NONE',  ( 20.71979766627831765, -1.120901952026243098, 1.803827078491859082 ) ) ;
#5085 = DIRECTION ( 'NONE',  ( -1.000000000000000000, 0.000000000000000000, 0.000000000000000000 ) ) ;
#5086 = ORIENTED_EDGE ( 'NONE', *, *, #1467, .F. ) ;
#5087 = CARTESIAN_POINT ( 'NONE',  ( 19.60999894225734863, -6.783324548106570262, 1.259595556661287086 ) ) ;
#5088 = DIRECTION ( 'NONE',  ( -0.9063077870366409439, -0.4226182617407189257, 0.000000000000000000 ) ) ;
#5089 = CARTESIAN_POINT ( 'NONE',  ( 1.300000000000020695, 10.55000000000000071, -1.766306154245000037 ) ) ;
#5090 = CARTESIAN_POINT ( 'NONE',  ( 10.25557546769999995, 19.91632471237999624, -3.796465974203000027 ) ) ;
#5091 = ORIENTED_EDGE ( 'NONE', *, *, #6893, .T. ) ;
#5092 = CARTESIAN_POINT ( 'NONE',  ( -13.56089824298375923, -11.89482504949492103, 5.710772084629347489 ) ) ;
#5093 = CARTESIAN_POINT ( 'NONE',  ( -12.22134500774433974, 17.69657727231385635, -2.865636422145134699 ) ) ;
#5094 = CARTESIAN_POINT ( 'NONE',  ( -21.21152281895999892, -2.208414514507999638, -0.4160889253502000340 ) ) ;
#5095 = DIRECTION ( 'NONE',  ( -1.000000000000000000, 0.000000000000000000, 0.000000000000000000 ) ) ;
#5096 = CARTESIAN_POINT ( 'NONE',  ( 21.26473637029999963, 1.179354253444000022, 1.810788407600000038 ) ) ;
#5097 = ORIENTED_EDGE ( 'NONE', *, *, #7184, .F. ) ;
#5098 = LINE ( 'NONE', #3683, #1278 ) ;
#5099 = CARTESIAN_POINT ( 'NONE',  ( -12.49689327770985336, -15.45590464593001379, -2.283028554224815210 ) ) ;
#5100 = AXIS2_PLACEMENT_3D ( 'NONE', #1537, #7010, #4951 ) ;
#5101 = CARTESIAN_POINT ( 'NONE',  ( 20.66657926239560439, -1.864340950430354082, -0.9008991420158571906 ) ) ;
#5102 = CARTESIAN_POINT ( 'NONE',  ( 16.49701525716679384, -10.95318466629477427, 0.06490842577815932046 ) ) ;
#5103 = B_SPLINE_SURFACE_WITH_KNOTS ( 'NONE', 3, 3, ( 
 ( #1365, #2880, #7646, #1567, #6872, #3616, #7522, #6940, #6273, #6243, #4850, #902, #184 ),
 ( #4226, #1503, #8326, #6210, #5594, #2125, #4160, #2848, #4910, #7616, #842, #7582, #8263 ),
 ( #2153, #815, #2947, #2915, #217, #2187, #3523, #5623, #4285, #5533, #6844, #1476, #1534 ),
 ( #7550, #4192, #5563, #7104, #1816, #7160, #4482, #5117, #6549, #4456, #1787, #3828, #2386 ),
 ( #6439, #378, #7788, #2510, #2420, #414, #7130, #5140, #3107, #3800, #5858, #498, #1760 ),
 ( #2453, #1173, #8457, #3748, #5799, #3078, #6519, #5174, #7219, #4425, #2481, #1703, #7189 ),
 ( #8571, #8513, #6490, #8541, #1094, #1062, #5233, #3134, #3189, #1729, #6466, #4513, #1115 ),
 ( #7904, #7817, #3859, #3773, #8485, #464, #5883, #3165, #5204, #5828, #4543, #7874, #7847 ) ),
 .UNSPECIFIED., .F., .F., .F.,
 ( 4, 1, 1, 1, 1, 4 ),
 ( 4, 1, 1, 1, 1, 1, 1, 1, 1, 1, 4 ),
 ( -0.06750468695932999863, -0.004944176971025999838, 1.266001362753999882, 1.661274701535999876, 2.504219714683999953, 4.045293333064999608 ),
 ( 1.514523591256000001, 2.341507752889000038, 2.731759045037000178, 3.122010337185000317, 3.512261629333000013, 3.902512921481000152, 4.292764213628999848, 4.683015505776999987, 5.073266797925000127, 5.463518090074000355, 6.290772363650000365 ),
 .UNSPECIFIED. ) ;
#5104 = ORIENTED_EDGE ( 'NONE', *, *, #8087, .F. ) ;
#5105 = CARTESIAN_POINT ( 'NONE',  ( 20.72937202497904963, 0.9250031152791948763, -1.706307388516109969 ) ) ;
#5106 = B_SPLINE_CURVE_WITH_KNOTS ( 'NONE', 3,
 ( #1573, #1539, #6916, #6308 ),
 .UNSPECIFIED., .F., .F.,
 ( 4, 4 ),
 ( 0.000000000000000000, 1.000000000000000000 ),
 .UNSPECIFIED. ) ;
#5107 = CARTESIAN_POINT ( 'NONE',  ( 1.300000003056924980, 10.91529632373754133, -1.478875005754179517 ) ) ;
#5108 = CARTESIAN_POINT ( 'NONE',  ( -18.08771985224764478, -7.673237991852664308, -0.1156487707847317775 ) ) ;
#5109 = FACE_OUTER_BOUND ( 'NONE', #7819, .T. ) ;
#5110 = CARTESIAN_POINT ( 'NONE',  ( 17.64329342163296488, 10.99003624879144958, -1.237106093086855818 ) ) ;
#5111 = CARTESIAN_POINT ( 'NONE',  ( 9.918465420051834514, 14.48668539532529387, -1.882190544991086512 ) ) ;
#5112 = ADVANCED_FACE ( 'NONE', ( #3562, #7783 ), #4402, .T. ) ;
#5113 = EDGE_CURVE ( 'NONE', #7956, #8291, #1754, .T. ) ;
#5114 = CARTESIAN_POINT ( 'NONE',  ( -4.495734977061997206, 12.35000000000000142, -1.566306154244998750 ) ) ;
#5115 = ORIENTED_EDGE ( 'NONE', *, *, #3356, .F. ) ;
#5116 = CARTESIAN_POINT ( 'NONE',  ( 12.16966479475000007, -18.21385811221999873, -3.096306974222000186 ) ) ;
#5117 = CARTESIAN_POINT ( 'NONE',  ( -11.49292846584000038, -21.72901743323000190, -1.627407003437000066 ) ) ;
#5118 = CARTESIAN_POINT ( 'NONE',  ( 11.10089778360999979, -19.92504158270999781, -3.681140606582000263 ) ) ;
#5119 = DIRECTION ( 'NONE',  ( -1.000000000000000000, 0.000000000000000000, 0.000000000000000000 ) ) ;
#5120 = CARTESIAN_POINT ( 'NONE',  ( 21.47529151756944543, 2.122553038292297245, 0.1720489881779628805 ) ) ;
#5121 = ORIENTED_EDGE ( 'NONE', *, *, #8200, .T. ) ;
#5122 = EDGE_CURVE ( 'NONE', #1723, #7937, #5999, .T. ) ;
#5123 = CARTESIAN_POINT ( 'NONE',  ( -20.74999999971584685, 1.358084328459227441, 3.383693845754000229 ) ) ;
#5124 = CARTESIAN_POINT ( 'NONE',  ( 10.03749910602851969, 21.30607164644560214, -0.02725726600457449925 ) ) ;
#5125 = CARTESIAN_POINT ( 'NONE',  ( 21.37824180550000008, 2.276020052452000009, 0.3160474480142000386 ) ) ;
#5126 = CARTESIAN_POINT ( 'NONE',  ( 1.680000000000000160, 13.85000507806999792, -2.225273443792000538 ) ) ;
#5127 = CARTESIAN_POINT ( 'NONE',  ( -12.14796955830211900, -18.22675760464819916, -3.101750140326450023 ) ) ;
#5128 = CARTESIAN_POINT ( 'NONE',  ( 20.62650205856667540, -2.261846433547326285, -0.4473153567214412374 ) ) ;
#5129 = CARTESIAN_POINT ( 'NONE',  ( -10.05169217308824869, 22.11924096524189309, -1.643503687071869557 ) ) ;
#5130 = LINE ( 'NONE', #8568, #3413 ) ;
#5131 = ORIENTED_EDGE ( 'NONE', *, *, #1250, .F. ) ;
#5132 = CARTESIAN_POINT ( 'NONE',  ( 14.06108081726919856, 14.30434879505710377, 0.4210335885352010643 ) ) ;
#5133 = B_SPLINE_SURFACE_WITH_KNOTS ( 'NONE', 3, 3, ( 
 ( #6780, #834, #5556, #2810 ),
 ( #1439, #6897, #2874, #3481 ),
 ( #3544, #2781, #117, #175 ),
 ( #4218, #2753, #7488, #3448 ),
 ( #7573, #8257, #715, #5497 ),
 ( #6173, #5441, #7457, #8169 ),
 ( #4126, #87, #4150, #2117 ),
 ( #4841, #6836, #7514, #8199 ),
 ( #6327, #242, #6356, #7640 ),
 ( #7050, #927, #5028, #2905 ),
 ( #2308, #7672, #7608, #8375 ),
 ( #5614, #3608, #1558, #6934 ),
 ( #1590, #2938, #1526, #6265 ) ),
 .UNSPECIFIED., .F., .F., .F.,
 ( 4, 1, 1, 1, 1, 1, 1, 1, 1, 1, 4 ),
 ( 4, 4 ),
 ( -0.01011789485910000001, 0.000000000000000000, 2.758680581800999797E-06, 0.1666684677124999903, 0.3333341767441999615, 0.4999998857760999948, 0.6666655948080000282, 0.8333313038398000305, 0.9999970128716000328, 1.000000000000000000, 1.010149520794999978 ),
 ( 0.1679172791062000236, 0.8302881936247999972 ),
 .UNSPECIFIED. ) ;
#5134 = AXIS2_PLACEMENT_3D ( 'NONE', #3835, #7198, #6555 ) ;
#5135 = CARTESIAN_POINT ( 'NONE',  ( 11.84835657410461707, 21.25828097490848378, -2.760062721601955094 ) ) ;
#5136 = CARTESIAN_POINT ( 'NONE',  ( 17.80327155202772715, 10.62268522964773609, 0.6357027949723091931 ) ) ;
#5137 = CARTESIAN_POINT ( 'NONE',  ( 10.03337596223035710, -21.06990594796000238, -3.068331160266999369 ) ) ;
#5138 = VERTEX_POINT ( 'NONE', #915 ) ;
#5139 = CARTESIAN_POINT ( 'NONE',  ( -10.48126861937999976, 20.28443906410000253, 0.5892642743564999730 ) ) ;
#5140 = CARTESIAN_POINT ( 'NONE',  ( -11.07689673704999933, -21.84434313275999884, -1.633525376713000021 ) ) ;
#5141 = CARTESIAN_POINT ( 'NONE',  ( 10.25748752592000201, -20.68487265175000189, -3.723431279077999978 ) ) ;
#5142 =( NAMED_UNIT ( * ) SI_UNIT ( $, .STERADIAN. ) SOLID_ANGLE_UNIT ( ) );
#5143 = VECTOR ( 'NONE', #35, 1000.000000000000114 ) ;
#5144 = ORIENTED_EDGE ( 'NONE', *, *, #2278, .F. ) ;
#5145 = DIRECTION ( 'NONE',  ( 1.000000000000000000, 0.000000000000000000, 0.000000000000000000 ) ) ;
#5146 = AXIS2_PLACEMENT_3D ( 'NONE', #5224, #4505, #1135 ) ;
#5147 = ADVANCED_FACE ( 'NONE', ( #5792 ), #2504, .T. ) ;
#5148 = CARTESIAN_POINT ( 'NONE',  ( 13.88823462376146445, 13.67196347135537415, -0.3005810232823756256 ) ) ;
#5149 = CARTESIAN_POINT ( 'NONE',  ( 21.25659538767000001, -1.466114888451000020, 1.702710020694000015 ) ) ;
#5150 = CARTESIAN_POINT ( 'NONE',  ( 12.13254259843378513, -18.33825932814112036, -3.151486359250901259 ) ) ;
#5151 = CARTESIAN_POINT ( 'NONE',  ( 21.27397417641000388, 0.9092846155833000932, -1.163399528510999925 ) ) ;
#5152 = FACE_OUTER_BOUND ( 'NONE', #2192, .T. ) ;
#5153 = ORIENTED_EDGE ( 'NONE', *, *, #1870, .F. ) ;
#5154 = CARTESIAN_POINT ( 'NONE',  ( 19.16592280221499678, 5.676729885507310058, 0.3236322439374960114 ) ) ;
#5155 = CARTESIAN_POINT ( 'NONE',  ( 20.72953897175982618, -0.9249274819548349846, -1.206299082604264772 ) ) ;
#5156 = CARTESIAN_POINT ( 'NONE',  ( -20.53851199624320145, -2.955001391821240109, 0.3236698511825675251 ) ) ;
#5157 = LINE ( 'NONE', #5317, #4940 ) ;
#5158 = CARTESIAN_POINT ( 'NONE',  ( -21.24096291072000042, 1.692620069746000100, -1.028879155367000031 ) ) ;
#5159 = EDGE_LOOP ( 'NONE', ( #297, #6117, #6412, #3368 ) ) ;
#5160 = CARTESIAN_POINT ( 'NONE',  ( 18.98094467058942314, 2.718648736598060278, -0.6347606963227315768 ) ) ;
#5161 = B_SPLINE_CURVE_WITH_KNOTS ( 'NONE', 3,
 ( #3543, #53, #4125, #7542, #864, #8256, #3447, #1406, #174, #1496 ),
 .UNSPECIFIED., .F., .F.,
 ( 4, 2, 2, 2, 4 ),
 ( 0.005859891588783622436, 0.1294641833011463683, 0.2530684750135091532, 0.3766727667258719103, 0.5002770584382346675 ),
 .UNSPECIFIED. ) ;
#5162 = CARTESIAN_POINT ( 'NONE',  ( 12.16332626746019940, 20.59462969790470410, -0.01560723531085294810 ) ) ;
#5163 = CARTESIAN_POINT ( 'NONE',  ( -12.81486386421031298, 15.25227009965432146, 0.2269832611087349850 ) ) ;
#5164 = CARTESIAN_POINT ( 'NONE',  ( 9.910045494192710080, 14.04777557890004047, -2.066184245846950152 ) ) ;
#5165 = ORIENTED_EDGE ( 'NONE', *, *, #7650, .F. ) ;
#5166 = CARTESIAN_POINT ( 'NONE',  ( -18.36645002903225432, 2.232645577616757304, -1.230769669884623552 ) ) ;
#5167 = ORIENTED_EDGE ( 'NONE', *, *, #4912, .T. ) ;
#5168 = EDGE_CURVE ( 'NONE', #6109, #2158, #3769, .T. ) ;
#5169 = CARTESIAN_POINT ( 'NONE',  ( 19.64583151066009847, -6.678836327911797710, 1.095904220862164991 ) ) ;
#5170 = ORIENTED_EDGE ( 'NONE', *, *, #2035, .F. ) ;
#5171 = CARTESIAN_POINT ( 'NONE',  ( -10.01839446951837331, 20.21161680533083072, -3.844051524611058479 ) ) ;
#5172 = EDGE_CURVE ( 'NONE', #6608, #6576, #6036, .T. ) ;
#5173 = EDGE_CURVE ( 'NONE', #4334, #5385, #8718, .T. ) ;
#5174 = CARTESIAN_POINT ( 'NONE',  ( -10.64063362121999923, -21.96504795974999880, -1.641320725364999955 ) ) ;
#5175 = ORIENTED_EDGE ( 'NONE', *, *, #8105, .F. ) ;
#5176 = CARTESIAN_POINT ( 'NONE',  ( 9.981384404744998662, -19.31074335114000107, -3.562367486464000255 ) ) ;
#5177 = CARTESIAN_POINT ( 'NONE',  ( -20.62965048117638744, 2.217077837232320103, 1.071608117915173519 ) ) ;
#5178 = DIRECTION ( 'NONE',  ( 0.000000000000000000, 0.000000000000000000, -1.000000000000000000 ) ) ;
#5179 = ORIENTED_EDGE ( 'NONE', *, *, #7647, .T. ) ;
#5180 = VERTEX_POINT ( 'NONE', #3630 ) ;
#5181 = CARTESIAN_POINT ( 'NONE',  ( -21.27125129949000026, 1.145616037113999841, -1.141167158500000056 ) ) ;
#5182 = CARTESIAN_POINT ( 'NONE',  ( -21.25172768028999926, -1.569399274017999835, -1.010186145392000023 ) ) ;
#5183 = CARTESIAN_POINT ( 'NONE',  ( -21.47844521409291119, -2.091712106318385000, 0.6284000932144535589 ) ) ;
#5184 = CARTESIAN_POINT ( 'NONE',  ( 5.495734977061998094, 12.34999999999999964, -1.566306154244998750 ) ) ;
#5185 = ORIENTED_EDGE ( 'NONE', *, *, #2162, .T. ) ;
#5186 = CARTESIAN_POINT ( 'NONE',  ( 6.685974909792665954, -19.69021667065822712, 3.383693845753999785 ) ) ;
#5187 = AXIS2_PLACEMENT_3D ( 'NONE', #7485, #6778, #7569 ) ;
#5188 = CARTESIAN_POINT ( 'NONE',  ( 18.89517946538000004, -9.831610039597999062, 1.803645981182000035 ) ) ;
#5189 = DIRECTION ( 'NONE',  ( -0.000000000000000000, -0.000000000000000000, -1.000000000000000000 ) ) ;
#5190 = B_SPLINE_CURVE_WITH_KNOTS ( 'NONE', 3,
 ( #7035, #6479, #6452, #2403, #308, #2433, #7115, #5041, #7144, #3093, #3758, #395, #6368, #1077, #3009, #4353, #8386, #4469, #5129, #427, #999, #6533, #3149, #1213, #2523, #3841, #6502, #2466, #8642, #2493, #8581, #3903, #1859, #7262 ),
 .UNSPECIFIED., .F., .F.,
 ( 4, 1, 2, 2, 2, 2, 2, 2, 2, 2, 2, 1, 2, 2, 1, 2, 2, 1, 4 ),
 ( 0.000000000000000000, 0.06249999999999614197, 0.09374999999999542033, 0.1249999999999946987, 0.1874999999999951983, 0.2499999999999956701, 0.3749999999999967248, 0.4374999999999973355, 0.4999999999999980016, 0.5624999999999985567, 0.6249999999999991118, 0.6874999999999997780, 0.7187500000000002220, 0.7500000000000007772, 0.8750000000000029976, 0.8906250000000033307, 0.9062500000000035527, 0.9375000000000024425, 1.000000000000000000 ),
 .UNSPECIFIED. ) ;
#5191 = VERTEX_POINT ( 'NONE', #4961 ) ;
#5192 = CARTESIAN_POINT ( 'NONE',  ( 21.23496406501999800, -1.849562822808000107, -0.8337442860356000240 ) ) ;
#5193 = CARTESIAN_POINT ( 'NONE',  ( 18.38663351584960637, 2.257142449675944906, -1.213591462000062959 ) ) ;
#5194 =( BOUNDED_CURVE ( )  B_SPLINE_CURVE ( 3, ( #4362, #7747, #1030, #7270 ),
 .UNSPECIFIED., .F., .F. ) 
 B_SPLINE_CURVE_WITH_KNOTS ( ( 4, 4 ),
 ( 0.000000000000000000, 3.141592653589793116 ),
 .UNSPECIFIED. ) 
 CURVE ( )  GEOMETRIC_REPRESENTATION_ITEM ( )  RATIONAL_B_SPLINE_CURVE ( ( 1.000000000000000000, 0.3333333333333333703, 0.3333333333333333703, 1.000000000000000000 ) ) 
 REPRESENTATION_ITEM ( '' )  );
#5195 = CARTESIAN_POINT ( 'NONE',  ( -2.571746070947293310E-15, 17.99991456011998991, 5.710772084629349266 ) ) ;
#5196 = CARTESIAN_POINT ( 'NONE',  ( -18.05206375804526076, -7.681992429867485761, -0.1506172574700385403 ) ) ;
#5197 = CARTESIAN_POINT ( 'NONE',  ( 21.55960239889000007, -0.9371465932243000507, 1.493693845673000009 ) ) ;
#5198 = ORIENTED_EDGE ( 'NONE', *, *, #4305, .T. ) ;
#5199 = LINE ( 'NONE', #3156, #5302 ) ;
#5200 = EDGE_CURVE ( 'NONE', #2290, #4193, #3242, .T. ) ;
#5201 = CARTESIAN_POINT ( 'NONE',  ( -12.27938137190180079, 19.96735251958517310, 0.3263414492819551871 ) ) ;
#5202 = CARTESIAN_POINT ( 'NONE',  ( 12.16239921660000078, -18.26605008859999657, -3.119507162476999884 ) ) ;
#5203 = AXIS2_PLACEMENT_3D ( 'NONE', #1477, #2069, #127 ) ;
#5204 = CARTESIAN_POINT ( 'NONE',  ( -10.03253260440999917, -22.10179559227999846, -1.277859141088999895 ) ) ;
#5205 = CARTESIAN_POINT ( 'NONE',  ( -10.04658946117239182, -21.82690679510109177, -0.5715210242853815403 ) ) ;
#5206 = CARTESIAN_POINT ( 'NONE',  ( -14.31186932656789423, 10.97976413653303851, 5.710772084629348377 ) ) ;
#5207 = CARTESIAN_POINT ( 'NONE',  ( 0.000000000000000000, 0.000000000000000000, 5.346123950409299219 ) ) ;
#5208 = VERTEX_POINT ( 'NONE', #4300 ) ;
#5209 = VECTOR ( 'NONE', #1693, 1000.000000000000000 ) ;
#5210 = CARTESIAN_POINT ( 'NONE',  ( -21.27582127008999890, 1.035534747640999953, -1.153555872899999946 ) ) ;
#5211 = CARTESIAN_POINT ( 'NONE',  ( -21.27984730678999981, 0.9249920979006999167, 1.803693920877000201 ) ) ;
#5212 = CARTESIAN_POINT ( 'NONE',  ( -17.82717244016825120, -4.584043472875240633E-06, -1.706327233231474949 ) ) ;
#5213 = CARTESIAN_POINT ( 'NONE',  ( 12.18534592918000037, 20.54856381089999928, 0.007685003008506999071 ) ) ;
#5214 = AXIS2_PLACEMENT_3D ( 'NONE', #8194, #6800, #4097 ) ;
#5215 = ORIENTED_EDGE ( 'NONE', *, *, #3517, .F. ) ;
#5216 = CARTESIAN_POINT ( 'NONE',  ( 18.99507001030967501, 5.597074502615525304, 0.06475666700968145395 ) ) ;
#5217 = CARTESIAN_POINT ( 'NONE',  ( -20.72953213171100373, -0.9250948095613112931, -1.206350666730744203 ) ) ;
#5218 = CARTESIAN_POINT ( 'NONE',  ( -21.33806264305000155, 1.643967199003000035, -0.9308575991595000598 ) ) ;
#5219 = CARTESIAN_POINT ( 'NONE',  ( 21.27501455158999732, -0.8783863628403000279, -1.162662540450000170 ) ) ;
#5220 = EDGE_CURVE ( 'NONE', #8291, #1447, #4713, .T. ) ;
#5221 = B_SPLINE_CURVE_WITH_KNOTS ( 'NONE', 3,
 ( #346, #1811, #3631, #262 ),
 .UNSPECIFIED., .F., .F.,
 ( 4, 4 ),
 ( 0.000000000000000000, 1.000000000000000000 ),
 .UNSPECIFIED. ) ;
#5222 = CARTESIAN_POINT ( 'NONE',  ( -21.55960194964000110, -0.9371570692052000329, -0.8463061475627999819 ) ) ;
#5223 = CARTESIAN_POINT ( 'NONE',  ( 11.85113357985959759, 21.13534228707938922, -2.917167531322390595 ) ) ;
#5224 = CARTESIAN_POINT ( 'NONE',  ( 17.57964186011999885, -11.45800337752000075, 1.885046097797999920 ) ) ;
#5225 = ORIENTED_EDGE ( 'NONE', *, *, #582, .F. ) ;
#5226 = CARTESIAN_POINT ( 'NONE',  ( 18.39412662999150783, 9.597942116931688972, 1.803695377369846975 ) ) ;
#5227 = EDGE_CURVE ( 'NONE', #1797, #8369, #7948, .T. ) ;
#5228 = CARTESIAN_POINT ( 'NONE',  ( -4.138477165733999819, 14.15000000000000036, -1.496306154245000020 ) ) ;
#5229 = CARTESIAN_POINT ( 'NONE',  ( 10.05061819752458518, 22.05771294613904843, -2.216602874833578873 ) ) ;
#5230 = CARTESIAN_POINT ( 'NONE',  ( 12.67435418574378403, 17.74202150290272328, 1.228132323256563962 ) ) ;
#5231 = CIRCLE ( 'NONE', #2658, 20.62500000000002132 ) ;
#5232 = ORIENTED_EDGE ( 'NONE', *, *, #3743, .F. ) ;
#5233 = CARTESIAN_POINT ( 'NONE',  ( -10.27550733004999906, -22.03328287962000331, -2.031122623089999912 ) ) ;
#5234 = CARTESIAN_POINT ( 'NONE',  ( 18.39411122154722378, -9.597967734621281721, -1.156354102137704176 ) ) ;
#5235 = CARTESIAN_POINT ( 'NONE',  ( -11.89482504949492103, 13.56089824298375746, 5.710772084629347489 ) ) ;
#5236 = EDGE_CURVE ( 'NONE', #3691, #6999, #3137, .T. ) ;
#5237 = EDGE_CURVE ( 'NONE', #7467, #4146, #7203, .T. ) ;
#5238 = AXIS2_PLACEMENT_3D ( 'NONE', #467, #5178, #1763 ) ;
#5239 = CONICAL_SURFACE ( 'NONE', #8745, 1.435466190207000059, 0.08726646200110421692 ) ;
#5240 = DIRECTION ( 'NONE',  ( 0.9063108507755739396, 0.4226116914691879778, -8.417231875337758271E-08 ) ) ;
#5241 = ORIENTED_EDGE ( 'NONE', *, *, #7129, .T. ) ;
#5242 = DIRECTION ( 'NONE',  ( 0.000000000000000000, -0.9976519484767354395, 0.06848787995385242910 ) ) ;
#5243 = B_SPLINE_CURVE_WITH_KNOTS ( 'NONE', 3,
 ( #340, #3042, #1026, #7720 ),
 .UNSPECIFIED., .F., .F.,
 ( 4, 4 ),
 ( 0.000000000000000000, 1.000000000000000000 ),
 .UNSPECIFIED. ) ;
#5244 = CARTESIAN_POINT ( 'NONE',  ( 21.46950434141000130, 0.8933194704759001015, -0.9472099666151999608 ) ) ;
#5245 = CARTESIAN_POINT ( 'NONE',  ( 11.44878856844999859, 20.73561124807000056, -3.412522613651000292 ) ) ;
#5246 = DIRECTION ( 'NONE',  ( 0.9063107959163928529, 0.4226118091172969549, 6.963453323717949671E-09 ) ) ;
#5247 = DIRECTION ( 'NONE',  ( -1.000000000000000000, 0.000000000000000000, 0.000000000000000000 ) ) ;
#5248 = FACE_OUTER_BOUND ( 'NONE', #2408, .T. ) ;
#5249 = B_SPLINE_CURVE_WITH_KNOTS ( 'NONE', 3,
 ( #2851, #8234, #4195, #2764, #3459, #4822, #785, #5506, #1448, #6181, #2128, #5626 ),
 .UNSPECIFIED., .F., .F.,
 ( 4, 2, 2, 2, 2, 4 ),
 ( 0.000000000000000000, 0.2500000000000002220, 0.5000000000000002220, 0.6250000000000001110, 0.7500000000000001110, 1.000000000000000000 ),
 .UNSPECIFIED. ) ;
#5250 = VERTEX_POINT ( 'NONE', #489 ) ;
#5251 = CARTESIAN_POINT ( 'NONE',  ( 21.26191840858000148, -1.362714893594999976, -1.091555913135000111 ) ) ;
#5252 = CARTESIAN_POINT ( 'NONE',  ( 12.12715188846799919, -18.37746116585185163, -3.168951450962140370 ) ) ;
#5253 = CARTESIAN_POINT ( 'NONE',  ( -3.100000000000000089, 12.35000000000000320, -1.816306154244996973 ) ) ;
#5254 = CARTESIAN_POINT ( 'NONE',  ( 9.972406838879289026, 17.57698721025950306, -2.737470889183811096 ) ) ;
#5255 = CARTESIAN_POINT ( 'NONE',  ( -21.20133176404000253, -2.275810117996000415, -0.4525835986937999933 ) ) ;
#5256 = CARTESIAN_POINT ( 'NONE',  ( 4.495734977061997206, 12.34999999999999964, -1.566306154244998750 ) ) ;
#5257 = LINE ( 'NONE', #2244, #1648 ) ;
#5258 = CARTESIAN_POINT ( 'NONE',  ( -20.75000000000009592, 1.892058254904140894E-09, 3.633693845754784046 ) ) ;
#5259 = ORIENTED_EDGE ( 'NONE', *, *, #3527, .T. ) ;
#5260 = CARTESIAN_POINT ( 'NONE',  ( 10.05055317772318624, 22.05398796421152241, -1.092206994418831290 ) ) ;
#5261 = CARTESIAN_POINT ( 'NONE',  ( 10.25663732203999956, -19.12947814625999854, -3.479104359209999942 ) ) ;
#5262 = CARTESIAN_POINT ( 'NONE',  ( -12.98829978900000093, -16.14241449923000005, 1.643108279316000120 ) ) ;
#5263 = CARTESIAN_POINT ( 'NONE',  ( -10.05055317772313472, -22.05398796420889340, -1.092206994409068876 ) ) ;
#5264 = CARTESIAN_POINT ( 'NONE',  ( -12.94255971197000221, -16.17058341478000116, 1.713493108272999832 ) ) ;
#5265 = EDGE_LOOP ( 'NONE', ( #626, #7285, #173, #8744 ) ) ;
#5266 = AXIS2_PLACEMENT_3D ( 'NONE', #4289, #5013, #3590 ) ;
#5267 = FACE_OUTER_BOUND ( 'NONE', #5327, .T. ) ;
#5268 = CARTESIAN_POINT ( 'NONE',  ( -21.27858146017999985, 0.9618274206129000525, -1.156306278710999891 ) ) ;
#5269 = CARTESIAN_POINT ( 'NONE',  ( 13.12752617252729692, 12.59148690880188148, 0.08369384575500000978 ) ) ;
#5270 = CARTESIAN_POINT ( 'NONE',  ( -12.12199206956508135, 20.81096479197582383, -0.1516314475358247760 ) ) ;
#5271 = CARTESIAN_POINT ( 'NONE',  ( 11.71562486386000046, 20.62154140598999774, -3.402855784130000227 ) ) ;
#5272 = ORIENTED_EDGE ( 'NONE', *, *, #5512, .F. ) ;
#5273 = CARTESIAN_POINT ( 'NONE',  ( 19.16592280221499678, 5.676729885507310058, 0.3236322439374960114 ) ) ;
#5274 = ORIENTED_EDGE ( 'NONE', *, *, #3557, .T. ) ;
#5275 = CARTESIAN_POINT ( 'NONE',  ( -21.20214192747000226, 2.264242809825999903, -0.4692143843541000114 ) ) ;
#5276 = CARTESIAN_POINT ( 'NONE',  ( 21.56677930192000048, -0.9007506932855999793, 1.486872473033000075 ) ) ;
#5277 = ORIENTED_EDGE ( 'NONE', *, *, #2970, .T. ) ;
#5278 = B_SPLINE_CURVE_WITH_KNOTS ( 'NONE', 3,
 ( #1185, #5978, #7972, #4556 ),
 .UNSPECIFIED., .F., .F.,
 ( 4, 4 ),
 ( 0.000000000000000000, 1.000000000000000000 ),
 .UNSPECIFIED. ) ;
#5279 = CARTESIAN_POINT ( 'NONE',  ( 18.26580544851000454, 11.01086872154000140, 0.9662025635190999440 ) ) ;
#5280 = CARTESIAN_POINT ( 'NONE',  ( -10.28198238461000003, -16.52191197612000195, -2.433870406398999986 ) ) ;
#5281 = CARTESIAN_POINT ( 'NONE',  ( 5.380113296564599246, -20.08634546023308332, 4.523749079003891893 ) ) ;
#5282 = CARTESIAN_POINT ( 'NONE',  ( -21.47512910813000175, -2.172952795268999981, 0.3306914350743999642 ) ) ;
#5283 = ORIENTED_EDGE ( 'NONE', *, *, #6290, .F. ) ;
#5284 = CARTESIAN_POINT ( 'NONE',  ( -20.72937218322210029, -0.9249933278564370642, -1.706307364869480203 ) ) ;
#5285 = ORIENTED_EDGE ( 'NONE', *, *, #7246, .F. ) ;
#5286 = CARTESIAN_POINT ( 'NONE',  ( -12.76856873512419099, 17.18116498015627869, 1.395537402507808000 ) ) ;
#5287 = CARTESIAN_POINT ( 'NONE',  ( 9.981293508718000140, -19.32604325486000363, -3.571015043538000366 ) ) ;
#5288 = ORIENTED_EDGE ( 'NONE', *, *, #1733, .F. ) ;
#5289 = EDGE_CURVE ( 'NONE', #1011, #3081, #6295, .T. ) ;
#5290 = CARTESIAN_POINT ( 'NONE',  ( -9.988898087039999041, -20.51401306760000054, 0.5579111820260000965 ) ) ;
#5291 = CARTESIAN_POINT ( 'NONE',  ( -10.04721244685358172, -21.86259762087316005, -2.752023990045292745 ) ) ;
#5292 = CARTESIAN_POINT ( 'NONE',  ( 10.00286818446740078, 19.31473378429799936, -3.565986344090485094 ) ) ;
#5293 = CARTESIAN_POINT ( 'NONE',  ( 18.07195215063676841, -10.19685060891745820, -1.051040314848965096 ) ) ;
#5294 = CARTESIAN_POINT ( 'NONE',  ( 20.74961180210769385, -6.340959873882222310E-10, -1.206320756045127895 ) ) ;
#5295 = VERTEX_POINT ( 'NONE', #6403 ) ;
#5296 = CARTESIAN_POINT ( 'NONE',  ( -21.25659540809000347, -1.466114460168999933, 1.702710188831999982 ) ) ;
#5297 = CARTESIAN_POINT ( 'NONE',  ( -21.19697524881999939, 2.402235489699000137, 0.4344366369490000324 ) ) ;
#5298 = B_SPLINE_CURVE_WITH_KNOTS ( 'NONE', 3,
 ( #3196, #475, #7396, #3361 ),
 .UNSPECIFIED., .F., .F.,
 ( 4, 4 ),
 ( 0.000000000000000000, 1.000000000000000000 ),
 .UNSPECIFIED. ) ;
#5299 = CARTESIAN_POINT ( 'NONE',  ( 19.66108597161261429, -6.633682117021868940, -0.3604726444717166189 ) ) ;
#5300 = EDGE_CURVE ( 'NONE', #3606, #3711, #3932, .T. ) ;
#5301 = EDGE_LOOP ( 'NONE', ( #5551, #8558, #6216, #7577, #5707 ) ) ;
#5302 = VECTOR ( 'NONE', #6568, 1000.000000000000000 ) ;
#5303 = DIRECTION ( 'NONE',  ( -1.758937284681000001E-12, -1.253024142742000083E-14, -1.000000000000000000 ) ) ;
#5304 = AXIS2_PLACEMENT_3D ( 'NONE', #6347, #2991, #8366 ) ;
#5305 = CARTESIAN_POINT ( 'NONE',  ( 10.60789669779000022, -20.56990594796000238, -2.068331160266999813 ) ) ;
#5306 = CARTESIAN_POINT ( 'NONE',  ( 0.000000000000000000, 0.000000000000000000, 5.346123950409299219 ) ) ;
#5307 = B_SPLINE_CURVE_WITH_KNOTS ( 'NONE', 3,
 ( #3505, #11, #2385, #7737 ),
 .UNSPECIFIED., .F., .F.,
 ( 4, 4 ),
 ( 1.070767475152839142E-15, 0.001519224632056959514 ),
 .UNSPECIFIED. ) ;
#5308 = CARTESIAN_POINT ( 'NONE',  ( 11.19987252093000052, 20.56990594796000238, -2.068331160266999813 ) ) ;
#5309 = ORIENTED_EDGE ( 'NONE', *, *, #6907, .T. ) ;
#5310 = CARTESIAN_POINT ( 'NONE',  ( 21.36269739324000128, -1.151429584772000192, -1.059378794791000056 ) ) ;
#5311 = CARTESIAN_POINT ( 'NONE',  ( 18.46372542505000069, 10.65053903849000072, 1.481135106139999991 ) ) ;
#5312 = CARTESIAN_POINT ( 'NONE',  ( -12.88412467558000074, -11.69036816686000080, -2.066895242599000149 ) ) ;
#5313 = CIRCLE ( 'NONE', #8726, 1.235464736641000316 ) ;
#5314 = CARTESIAN_POINT ( 'NONE',  ( 20.61624367650274081, -2.716135067105104550, 4.523749079003894558 ) ) ;
#5315 = CARTESIAN_POINT ( 'NONE',  ( 17.80316417110933713, -0.9254719819435821559, -1.706306388398422857 ) ) ;
#5316 = CARTESIAN_POINT ( 'NONE',  ( -20.70840660034593839, 1.502313434128775382, -1.237192677927825724 ) ) ;
#5317 = CARTESIAN_POINT ( 'NONE',  ( 18.78891420016999803, -7.740819922872000269, 1.803645897902000028 ) ) ;
#5318 = CARTESIAN_POINT ( 'NONE',  ( -13.71215507560591007, -15.63277634376920844, 3.633693845754918605 ) ) ;
#5319 = CARTESIAN_POINT ( 'NONE',  ( -12.37774642242709788, 19.42379890664602016, 0.5770941311608723812 ) ) ;
#5320 = ORIENTED_EDGE ( 'NONE', *, *, #4888, .F. ) ;
#5321 = CARTESIAN_POINT ( 'NONE',  ( 10.60789669779000022, -20.06990594796000238, -2.068331160266999813 ) ) ;
#5322 = LINE ( 'NONE', #3479, #4883 ) ;
#5323 = CARTESIAN_POINT ( 'NONE',  ( -9.986874744997225051, -18.40585299663372965, -3.085102353392101371 ) ) ;
#5324 = CARTESIAN_POINT ( 'NONE',  ( 17.95605337004887403, -10.39584333556378049, 1.508376185637771982 ) ) ;
#5325 = CARTESIAN_POINT ( 'NONE',  ( -12.19949554136000103, -16.99223008535999924, -3.964113940679999892 ) ) ;
#5326 = CARTESIAN_POINT ( 'NONE',  ( 11.43925529124818041, 18.56335916141185649, -3.241700833909760160 ) ) ;
#5327 = EDGE_LOOP ( 'NONE', ( #2735, #2457, #2474, #7968, #7102, #7171, #4124, #7699, #6743, #189, #8192 ) ) ;
#5328 = CARTESIAN_POINT ( 'NONE',  ( -21.24641881219000084, -1.665814285390999849, 1.606537898877999915 ) ) ;
#5329 = CARTESIAN_POINT ( 'NONE',  ( 11.94008641619000066, 20.13402085588000290, -3.525397863344000182 ) ) ;
#5330 = CARTESIAN_POINT ( 'NONE',  ( -11.88126504183306587, 21.59821906661551694, -1.785191355883437581 ) ) ;
#5331 = CARTESIAN_POINT ( 'NONE',  ( -18.25543629127909639, -7.689989388296999628, 0.08369384575629071343 ) ) ;
#5332 = SHAPE_DEFINITION_REPRESENTATION ( #4843, #1659 ) ;
#5333 = ORIENTED_EDGE ( 'NONE', *, *, #2383, .F. ) ;
#5334 = CARTESIAN_POINT ( 'NONE',  ( -11.48205634171999812, -18.58301489335999790, -3.252159508266999843 ) ) ;
#5335 = CARTESIAN_POINT ( 'NONE',  ( 21.37828631976000082, -2.276016255591999826, 0.3313394356416000108 ) ) ;
#5336 = B_SPLINE_CURVE_WITH_KNOTS ( 'NONE', 3,
 ( #7780, #913, #7066, #8424 ),
 .UNSPECIFIED., .F., .F.,
 ( 4, 4 ),
 ( 0.000000000000000000, 1.000000000000000000 ),
 .UNSPECIFIED. ) ;
#5337 = DIRECTION ( 'NONE',  ( 0.000000000000000000, 0.000000000000000000, -1.000000000000000000 ) ) ;
#5338 = CARTESIAN_POINT ( 'NONE',  ( -10.25629543674999944, -19.14047624308000195, -3.485078487551000581 ) ) ;
#5339 = EDGE_CURVE ( 'NONE', #8017, #3111, #7496, .T. ) ;
#5340 = CARTESIAN_POINT ( 'NONE',  ( -20.68121199571537261, -1.502508022696672940, 0.01165721082406775272 ) ) ;
#5341 = VECTOR ( 'NONE', #5854, 1000.000000000000000 ) ;
#5342 = ORIENTED_EDGE ( 'NONE', *, *, #1653, .F. ) ;
#5343 = EDGE_CURVE ( 'NONE', #3294, #801, #1158, .T. ) ;
#5344 = CARTESIAN_POINT ( 'NONE',  ( -18.34449436701599012, -7.757904143361447957, 0.2259232303633790240 ) ) ;
#5345 = CARTESIAN_POINT ( 'NONE',  ( 0.0005843383016716000283, 0.0003573772910145000181, 4.851286429741999306 ) ) ;
#5346 = CARTESIAN_POINT ( 'NONE',  ( 12.14798533461480012, -18.22670561100150266, -3.101727070111275353 ) ) ;
#5347 = CARTESIAN_POINT ( 'NONE',  ( 10.40131242884999985, -17.93563454177999716, 1.646323748356999905 ) ) ;
#5348 = ADVANCED_FACE ( 'NONE', ( #594 ), #6571, .T. ) ;
#5349 = CARTESIAN_POINT ( 'NONE',  ( -20.68145140934162640, 1.672555579055180708, -0.9686437280919553139 ) ) ;
#5350 = CARTESIAN_POINT ( 'NONE',  ( -10.00252320812460383, -19.30235284878778401, -3.559187280085463367 ) ) ;
#5351 = CARTESIAN_POINT ( 'NONE',  ( -12.19949554136000103, -17.01727451022000182, -3.934289929860000257 ) ) ;
#5352 = ORIENTED_EDGE ( 'NONE', *, *, #5755, .F. ) ;
#5353 = EDGE_CURVE ( 'NONE', #1775, #2627, #5991, .T. ) ;
#5354 = CARTESIAN_POINT ( 'NONE',  ( -21.26155953091000228, -1.361506871073999925, 1.739304792383999931 ) ) ;
#5355 = CARTESIAN_POINT ( 'NONE',  ( 18.64540018655999987, -10.31219992298000143, 1.702662072843999841 ) ) ;
#5356 = B_SPLINE_CURVE_WITH_KNOTS ( 'NONE', 3,
 ( #4644, #3925, #4044, #1235, #7315, #5299, #1912, #5384, #2689, #8028, #8694, #5357, #1266, #6004, #1970, #4674 ),
 .UNSPECIFIED., .F., .F.,
 ( 4, 2, 2, 2, 2, 2, 2, 4 ),
 ( 0.000000000000000000, 0.1249999999999999167, 0.2499999999999998335, 0.3749999999999997780, 0.4999999999999996669, 0.6249999999999994449, 0.7499999999999993339, 1.000000000000000000 ),
 .UNSPECIFIED. ) ;
#5357 = CARTESIAN_POINT ( 'NONE',  ( 19.45892411618581264, -7.205525005397429794, -1.003484281577762038 ) ) ;
#5358 = VECTOR ( 'NONE', #153, 1000.000000000000000 ) ;
#5359 = ORIENTED_EDGE ( 'NONE', *, *, #7300, .F. ) ;
#5360 = CARTESIAN_POINT ( 'NONE',  ( 11.04373659804999974, 21.29992928292000087, -3.068238428328999845 ) ) ;
#5361 = CARTESIAN_POINT ( 'NONE',  ( -11.87729310150228557, 21.59331414503798996, -1.844050701228543199 ) ) ;
#5362 = CARTESIAN_POINT ( 'NONE',  ( 10.00466905060427614, -19.42528808234185789, -3.628433374204924622 ) ) ;
#5363 = B_SPLINE_CURVE_WITH_KNOTS ( 'NONE', 3,
 ( #2550, #3230, #7290, #4494, #7946, #3176, #4586, #541, #7973, #7917 ),
 .UNSPECIFIED., .F., .F.,
 ( 4, 2, 2, 2, 4 ),
 ( 8.970998689257881342E-17, 0.001183147053564348765, 0.002366294107128607757, 0.003549441160692866967, 0.004732588214257125309 ),
 .UNSPECIFIED. ) ;
#5364 = FACE_OUTER_BOUND ( 'NONE', #7458, .T. ) ;
#5365 = DIRECTION ( 'NONE',  ( -0.9063077870366408328, -0.4226182617407188147, -2.322134505067882453E-14 ) ) ;
#5366 = ORIENTED_EDGE ( 'NONE', *, *, #8624, .F. ) ;
#5367 = CARTESIAN_POINT ( 'NONE',  ( 20.62512098272893013, -2.503880455585798526, -1.237429534169609102 ) ) ;
#5368 = CARTESIAN_POINT ( 'NONE',  ( -10.26481860350999931, -18.28477078461000005, -3.044147114627999695 ) ) ;
#5369 = DIRECTION ( 'NONE',  ( 0.000000000000000000, 0.000000000000000000, 1.000000000000000000 ) ) ;
#5370 = CARTESIAN_POINT ( 'NONE',  ( 17.83528533520025761, 0.3081190042576520960, -1.706306154247999807 ) ) ;
#5371 = LINE ( 'NONE', #4440, #1759 ) ;
#5372 = CARTESIAN_POINT ( 'NONE',  ( -20.78407694308291909, -0.5009778247490219716, -1.237007735328808922 ) ) ;
#5373 = CARTESIAN_POINT ( 'NONE',  ( -18.22556959522931308, -8.362944162583572094, 0.4133890600183789399 ) ) ;
#5374 = ORIENTED_EDGE ( 'NONE', *, *, #7070, .F. ) ;
#5375 = CARTESIAN_POINT ( 'NONE',  ( -9.993889154963561339, -18.80770827446765026, -3.286689979237198411 ) ) ;
#5376 = VERTEX_POINT ( 'NONE', #4414 ) ;
#5377 = CARTESIAN_POINT ( 'NONE',  ( 18.19431725101000197, -11.13780858411000096, 0.3236459147501999922 ) ) ;
#5378 = CARTESIAN_POINT ( 'NONE',  ( 18.39632327694581093, 9.598843829680948403, 1.853685253762354268 ) ) ;
#5379 = CARTESIAN_POINT ( 'NONE',  ( -12.93540905052000234, 10.87000074236999936, -2.009984881074000196 ) ) ;
#5380 = PRESENTATION_LAYER_ASSIGNMENT (  '', '', ( #7915 ) ) ;
#5381 = ORIENTED_EDGE ( 'NONE', *, *, #1053, .F. ) ;
#5382 = CARTESIAN_POINT ( 'NONE',  ( -21.19743727535000133, -2.389869805379000400, 0.5442277706044998942 ) ) ;
#5383 = CARTESIAN_POINT ( 'NONE',  ( 20.64091719013826776, 2.109993457679625539, -0.5845037671622032027 ) ) ;
#5384 = CARTESIAN_POINT ( 'NONE',  ( 19.61014950746565688, -6.782889142455784892, -0.6117769708571066944 ) ) ;
#5385 = VERTEX_POINT ( 'NONE', #5877 ) ;
#5386 = CARTESIAN_POINT ( 'NONE',  ( 11.93853199940901888, 19.91177410060315012, -3.538182448970395022 ) ) ;
#5387 = CARTESIAN_POINT ( 'NONE',  ( -11.92998120790100458, 19.98594332810238683, -3.531076752689153775 ) ) ;
#5388 = EDGE_CURVE ( 'NONE', #2290, #5066, #28, .T. ) ;
#5389 = CARTESIAN_POINT ( 'NONE',  ( 19.17811189611397538, 7.922280514237201920, 1.853689892583486376 ) ) ;
#5390 = ORIENTED_EDGE ( 'NONE', *, *, #2160, .T. ) ;
#5391 = EDGE_CURVE ( 'NONE', #4937, #2084, #1830, .T. ) ;
#5392 = ORIENTED_EDGE ( 'NONE', *, *, #1712, .F. ) ;
#5393 = CARTESIAN_POINT ( 'NONE',  ( 21.47533513245117121, -2.122546573583392160, 0.4753439941221734300 ) ) ;
#5394 = DIRECTION ( 'NONE',  ( 0.000000000000000000, 0.000000000000000000, -1.000000000000000000 ) ) ;
#5395 = CARTESIAN_POINT ( 'NONE',  ( 21.45991207339000084, -1.139145057179999920, -0.9513155120166000289 ) ) ;
#5396 = B_SPLINE_CURVE_WITH_KNOTS ( 'NONE', 3,
 ( #607, #3427, #4708, #724, #95, #4790, #6099, #3456, #5398, #6132, #7521, #2096, #1416, #2011, #752, #4026 ),
 .UNSPECIFIED., .F., .F.,
 ( 4, 2, 2, 2, 2, 2, 2, 4 ),
 ( 0.000000000000000000, 0.1249999999999996392, 0.2499999999999992784, 0.3749999999999988343, 0.4999999999999983347, 0.6249999999999978906, 0.7499999999999974465, 1.000000000000000000 ),
 .UNSPECIFIED. ) ;
#5397 = CARTESIAN_POINT ( 'NONE',  ( 20.68120634963588955, -1.502488286343435231, 0.6356094247652899210 ) ) ;
#5398 = CARTESIAN_POINT ( 'NONE',  ( 17.83336451765615038, -10.60843049537758453, 1.334877854309788114 ) ) ;
#5399 = CARTESIAN_POINT ( 'NONE',  ( -21.53229367840999942, -1.546656046823000175, 1.382202029578000202 ) ) ;
#5400 = CARTESIAN_POINT ( 'NONE',  ( 10.00092468072358010, 19.20261121409579985, -3.504218695403119810 ) ) ;
#5401 = ORIENTED_EDGE ( 'NONE', *, *, #7600, .F. ) ;
#5402 = AXIS2_PLACEMENT_3D ( 'NONE', #3319, #6628, #5507 ) ;
#5403 = CARTESIAN_POINT ( 'NONE',  ( -1.299999999998000089, 11.11453526336000053, -1.496306154245000020 ) ) ;
#5404 = CARTESIAN_POINT ( 'NONE',  ( 18.39628683781149121, 9.598912033386024945, -1.206330687263921897 ) ) ;
#5405 = CARTESIAN_POINT ( 'NONE',  ( 20.05136357272815317, -7.978570767168512212, -0.8166541365750094039 ) ) ;
#5406 = CARTESIAN_POINT ( 'NONE',  ( -11.79828688017999916, -19.60231481394000141, -3.571389492219999795 ) ) ;
#5407 = ORIENTED_EDGE ( 'NONE', *, *, #2209, .F. ) ;
#5408 = LINE ( 'NONE', #4181, #5936 ) ;
#5409 = CARTESIAN_POINT ( 'NONE',  ( -21.23561936736999911, -1.848966963906000016, 1.481616904008999924 ) ) ;
#5410 = CARTESIAN_POINT ( 'NONE',  ( 20.39023856423656866, -3.985580947686590658, 1.633894716274942427 ) ) ;
#5411 = CARTESIAN_POINT ( 'NONE',  ( -12.70443049114000011, 13.68483724604000074, -2.107336503302000175 ) ) ;
#5412 = CARTESIAN_POINT ( 'NONE',  ( 18.59733933325000166, -10.40374906325999937, -1.010235766280999981 ) ) ;
#5413 = CARTESIAN_POINT ( 'NONE',  ( 10.27100218829000156, 21.94092828507000092, -2.402722550017999836 ) ) ;
#5414 = VERTEX_POINT ( 'NONE', #3265 ) ;
#5415 = AXIS2_PLACEMENT_3D ( 'NONE', #4698, #678, #593 ) ;
#5416 = CARTESIAN_POINT ( 'NONE',  ( -11.91689834819910132, 20.15705161481979957, -3.499586325847628743 ) ) ;
#5417 = CONICAL_SURFACE ( 'NONE', #7474, 18.61440856384000142, 1.512327796852801054 ) ;
#5418 = B_SPLINE_CURVE_WITH_KNOTS ( 'NONE', 3,
 ( #1021, #4492, #362, #2401, #5099, #7114, #1048, #5750, #3812, #5127 ),
 .UNSPECIFIED., .F., .F.,
 ( 4, 2, 2, 2, 4 ),
 ( 0.000000000000000000, 0.003519851339004430486, 0.004399814173755536156, 0.005279777008506647898, 0.007039702678008859238 ),
 .UNSPECIFIED. ) ;
#5419 = CARTESIAN_POINT ( 'NONE',  ( 21.55960239889000007, -0.9371465932243000507, 1.493693845673000009 ) ) ;
#5420 = CARTESIAN_POINT ( 'NONE',  ( 10.35131993967504194, 20.62968016584859399, -3.717130468722860126 ) ) ;
#5421 = CARTESIAN_POINT ( 'NONE',  ( 18.78125492911999928, -10.04188769081999943, -1.167490025415000243 ) ) ;
#5422 = CARTESIAN_POINT ( 'NONE',  ( 11.19987252093000052, 21.06990594796000238, -2.068331160266999813 ) ) ;
#5423 = CARTESIAN_POINT ( 'NONE',  ( 17.99991456012002189, 2.204353775097682403E-15, 5.346123950409299219 ) ) ;
#5424 = CARTESIAN_POINT ( 'NONE',  ( -21.27489630425999678, -0.8784741767466001106, 1.810025415170999796 ) ) ;
#5425 = EDGE_LOOP ( 'NONE', ( #837, #415, #3777, #5179, #4906, #3921 ) ) ;
#5426 = CARTESIAN_POINT ( 'NONE',  ( 19.86305035866071833, 6.001810597587064144, 0.7603853974536979310 ) ) ;
#5427 = CARTESIAN_POINT ( 'NONE',  ( -18.19957742860535532, -8.382883001397592793, 0.3915901275067801834 ) ) ;
#5428 = CARTESIAN_POINT ( 'NONE',  ( 10.01991957123000176, -21.32876221845000231, -3.475427737932999861 ) ) ;
#5429 = ORIENTED_EDGE ( 'NONE', *, *, #1312, .T. ) ;
#5430 = CARTESIAN_POINT ( 'NONE',  ( 17.36538055857924689, -11.35808596476272037, 0.3236872503781250132 ) ) ;
#5431 = CARTESIAN_POINT ( 'NONE',  ( 18.39412275057765100, 9.597940242736969552, -1.156307878150347301 ) ) ;
#5432 = CARTESIAN_POINT ( 'NONE',  ( -17.82717244016825120, -4.584043472875240633E-06, -1.706327233231474949 ) ) ;
#5433 = CARTESIAN_POINT ( 'NONE',  ( 12.80008118300415632, -16.99484787346879600, 1.452836473932011208 ) ) ;
#5434 = LINE ( 'NONE', #3047, #8690 ) ;
#5435 = EDGE_LOOP ( 'NONE', ( #7463, #7154, #158, #5840 ) ) ;
#5436 = CARTESIAN_POINT ( 'NONE',  ( 18.21136316888999929, -11.10639994416999876, 0.6528340205796999696 ) ) ;
#5437 = CARTESIAN_POINT ( 'NONE',  ( 20.19112494588000217, 6.872796234310000862, 0.8641498658181000492 ) ) ;
#5438 = CARTESIAN_POINT ( 'NONE',  ( 10.28055757561999961, 22.06427988085999914, -1.649909348837000023 ) ) ;
#5439 = CARTESIAN_POINT ( 'NONE',  ( -11.87952730791547040, 20.61961120991160357, -3.320489799295739619 ) ) ;
#5440 = CARTESIAN_POINT ( 'NONE',  ( 20.21459297754000062, 6.812141029372999590, -0.006298288644414999637 ) ) ;
#5441 = CARTESIAN_POINT ( 'NONE',  ( 18.37848690482000080, 10.98306681858000111, 1.043713103163000033 ) ) ;
#5442 = FACE_OUTER_BOUND ( 'NONE', #908, .T. ) ;
#5443 = EDGE_LOOP ( 'NONE', ( #6017, #2435, #4481, #1988, #6000 ) ) ;
#5444 = CARTESIAN_POINT ( 'NONE',  ( 9.980540315501999160, 19.28729519599999875, -3.549739094455000465 ) ) ;
#5445 = CARTESIAN_POINT ( 'NONE',  ( 18.99544455806000087, -9.835232280646000191, 1.702263978074999962 ) ) ;
#5446 = B_SPLINE_CURVE_WITH_KNOTS ( 'NONE', 3,
 ( #2141, #5645, #5059, #2304, #2419, #5857, #6976, #5844, #7834, #7177, #3152, #1078, #2469, #1746 ),
 .UNSPECIFIED., .F., .F.,
 ( 4, 2, 2, 2, 2, 2, 4 ),
 ( 0.000000000000000000, 0.1250000000000000000, 0.2500000000000000000, 0.4999999999999998335, 0.6249999999999997780, 0.7499999999999997780, 1.000000000000000000 ),
 .UNSPECIFIED. ) ;
#5447 = CARTESIAN_POINT ( 'NONE',  ( -12.15514671805000013, 18.31825928271999970, -3.142830949089999937 ) ) ;
#5448 = CARTESIAN_POINT ( 'NONE',  ( -21.56625186774000014, -0.9129294787071999817, 1.487277598296999903 ) ) ;
#5449 = CARTESIAN_POINT ( 'NONE',  ( 18.19428911470999921, 11.13776723267999991, 0.3236938352879000225 ) ) ;
#5450 = EDGE_CURVE ( 'NONE', #649, #1142, #4730, .T. ) ;
#5451 = CARTESIAN_POINT ( 'NONE',  ( -9.935094568819765826, 15.44121597333968232, -2.183698333327880103 ) ) ;
#5452 = CARTESIAN_POINT ( 'NONE',  ( 11.04247352077999977, -21.53377803375999733, -2.754786240745999759 ) ) ;
#5453 = EDGE_LOOP ( 'NONE', ( #8118, #3895, #5624, #5589 ) ) ;
#5454 = CARTESIAN_POINT ( 'NONE',  ( 18.39626969313990301, -9.598945847188950609, -1.706306467023694928 ) ) ;
#5455 = CARTESIAN_POINT ( 'NONE',  ( -17.79824892225470734, -1.018843648597320239, -1.706314267480731006 ) ) ;
#5456 = ADVANCED_FACE ( 'NONE', ( #3759 ), #8710, .T. ) ;
#5457 = CARTESIAN_POINT ( 'NONE',  ( -12.14073317416532127, -18.27901457976761179, -3.125049978548292362 ) ) ;
#5458 = CARTESIAN_POINT ( 'NONE',  ( 20.36022612350699745, -7.152234669636531095, 0.4799525914949554495 ) ) ;
#5459 = CARTESIAN_POINT ( 'NONE',  ( 12.13110745726135775, -20.76747478853913265, -0.1152321654433228343 ) ) ;
#5460 = CYLINDRICAL_SURFACE ( 'NONE', #7277, 1.480000000000001092 ) ;
#5461 = ORIENTED_EDGE ( 'NONE', *, *, #3460, .F. ) ;
#5462 = AXIS2_PLACEMENT_3D ( 'NONE', #5071, #2223, #5009 ) ;
#5463 = CARTESIAN_POINT ( 'NONE',  ( 17.64333940903452103, -10.98998799596876808, 1.884641289284914478 ) ) ;
#5464 = CARTESIAN_POINT ( 'NONE',  ( 19.14356946179999852, -9.960848134297000556, 1.493645897823999924 ) ) ;
#5465 = CARTESIAN_POINT ( 'NONE',  ( 10.30629201605000134, 21.17698292845000196, 0.0007855640470525999779 ) ) ;
#5466 = ORIENTED_EDGE ( 'NONE', *, *, #2836, .T. ) ;
#5467 = CARTESIAN_POINT ( 'NONE',  ( -20.72954128087523173, -0.9248969363997694426, 1.853681786051799119 ) ) ;
#5468 = CARTESIAN_POINT ( 'NONE',  ( 17.80316417110933713, -0.9254719819435821559, -1.706306388398422857 ) ) ;
#5469 = ORIENTED_EDGE ( 'NONE', *, *, #4180, .F. ) ;
#5470 = B_SPLINE_CURVE_WITH_KNOTS ( 'NONE', 3,
 ( #3887, #7871, #7305, #3186, #459, #7988, #5286, #3943, #1812, #1254, #8625, #1873, #8657, #1172, #4631, #6515, #580, #5319, #5994, #3914, #5201, #4600, #6630 ),
 .UNSPECIFIED., .F., .F.,
 ( 4, 2, 1, 1, 2, 2, 2, 2, 2, 1, 2, 2, 4 ),
 ( 0.000000000000000000, 0.1249999999999980571, 0.1874999999999960310, 0.2187499999999950318, 0.2343749999999945044, 0.2499999999999939770, 0.3749999999999931721, 0.4999999999999924505, 0.6249999999999915623, 0.6874999999999912292, 0.7187499999999908962, 0.7499999999999906741, 1.000000000000000000 ),
 .UNSPECIFIED. ) ;
#5471 = CARTESIAN_POINT ( 'NONE',  ( -3.070873911904484926E-05, -17.19000123468130070, -2.066295259086530223 ) ) ;
#5472 = CARTESIAN_POINT ( 'NONE',  ( 18.99548323612999923, -9.835154779191000785, -1.054993580702999978 ) ) ;
#5473 = CARTESIAN_POINT ( 'NONE',  ( -21.37124431320999918, -0.9145765292662000334, 1.703016878888000019 ) ) ;
#5474 = ORIENTED_EDGE ( 'NONE', *, *, #4772, .F. ) ;
#5475 = CARTESIAN_POINT ( 'NONE',  ( 19.58933071094195810, 6.842929134738473529, -0.6883035969603452653 ) ) ;
#5476 = AXIS2_PLACEMENT_3D ( 'NONE', #6410, #2363, #5119 ) ;
#5477 = VERTEX_POINT ( 'NONE', #1925 ) ;
#5478 = CARTESIAN_POINT ( 'NONE',  ( 0.000000000000000000, 0.000000000000000000, -2.096306154244998776 ) ) ;
#5479 = CARTESIAN_POINT ( 'NONE',  ( 20.61624367651971568, 2.716135066924111108, 3.383693845753999341 ) ) ;
#5480 = ORIENTED_EDGE ( 'NONE', *, *, #2160, .F. ) ;
#5481 = VERTEX_POINT ( 'NONE', #8650 ) ;
#5482 = CARTESIAN_POINT ( 'NONE',  ( -19.35930167527191514, -2.885377190138976200, -0.2038224514138610721 ) ) ;
#5483 = EDGE_CURVE ( 'NONE', #2588, #4146, #6759, .T. ) ;
#5484 = CARTESIAN_POINT ( 'NONE',  ( -11.19987252092999874, 19.84990594795999996, -2.788331160267000008 ) ) ;
#5485 = CARTESIAN_POINT ( 'NONE',  ( -11.94338803744000010, 21.16538027184000015, -0.3898986250945999932 ) ) ;
#5486 = CARTESIAN_POINT ( 'NONE',  ( 17.36538843173404345, -11.35807134222307191, 1.197199740763310594 ) ) ;
#5487 = CARTESIAN_POINT ( 'NONE',  ( 17.09625589944893775, -2.069591902089445323, -2.066306154244998528 ) ) ;
#5488 = ORIENTED_EDGE ( 'NONE', *, *, #7823, .F. ) ;
#5489 = ORIENTED_EDGE ( 'NONE', *, *, #8202, .T. ) ;
#5490 = CARTESIAN_POINT ( 'NONE',  ( 21.27857627257999695, 0.9619777817577999102, 1.803693967128999764 ) ) ;
#5491 = CARTESIAN_POINT ( 'NONE',  ( 10.03941588575328403, -21.41593293484119442, -3.362981797058916200 ) ) ;
#5492 = EDGE_LOOP ( 'NONE', ( #2171, #1491, #6850, #5064 ) ) ;
#5493 = CARTESIAN_POINT ( 'NONE',  ( 16.99502729714645355, -6.067739867935332931, -1.564682080398175135 ) ) ;
#5494 = CARTESIAN_POINT ( 'NONE',  ( 18.39628683781149121, 9.598912033386024945, -1.206330687263921897 ) ) ;
#5495 = CARTESIAN_POINT ( 'NONE',  ( -12.84245184176713472, -15.67908679226374957, 0.7368992871628941010 ) ) ;
#5496 = CARTESIAN_POINT ( 'NONE',  ( 20.22712725653000021, 6.778433459180999598, 0.3236938625995999796 ) ) ;
#5497 = CARTESIAN_POINT ( 'NONE',  ( 18.86043561207999986, 10.50316816656000007, 1.383256312626000017 ) ) ;
#5498 = ADVANCED_FACE ( 'NONE', ( #4394 ), #8403, .T. ) ;
#5499 = EDGE_CURVE ( 'NONE', #4834, #5044, #1023, .T. ) ;
#5500 = ADVANCED_FACE ( 'NONE', ( #6924 ), #7482, .T. ) ;
#5501 = CARTESIAN_POINT ( 'NONE',  ( 10.75444311944999853, 18.91142203321999915, -3.388844373627999840 ) ) ;
#5502 = CARTESIAN_POINT ( 'NONE',  ( 12.16093333427999923, 18.27997986063999747, -3.125936112374000153 ) ) ;
#5503 = VERTEX_POINT ( 'NONE', #3316 ) ;
#5504 = CARTESIAN_POINT ( 'NONE',  ( -20.74312233274816109, 0.6168477877210030158, -1.206306455240999664 ) ) ;
#5505 = CIRCLE ( 'NONE', #8164, 20.62500000000002132 ) ;
#5506 = CARTESIAN_POINT ( 'NONE',  ( -3.498464505658564594, 16.83738324193182123, -2.066306154244998528 ) ) ;
#5507 = DIRECTION ( 'NONE',  ( 0.000000000000000000, 1.000000000000000000, 0.000000000000000000 ) ) ;
#5508 = CARTESIAN_POINT ( 'NONE',  ( 10.66925079215000061, -21.81562534739000014, -0.8855196147428999742 ) ) ;
#5509 = CARTESIAN_POINT ( 'NONE',  ( 9.195387533515710032, 18.65078392829315490, 3.383693845753999785 ) ) ;
#5510 = EDGE_CURVE ( 'NONE', #1350, #2139, #5870, .T. ) ;
#5511 = ORIENTED_EDGE ( 'NONE', *, *, #6838, .F. ) ;
#5512 = EDGE_CURVE ( 'NONE', #1292, #5208, #5043, .T. ) ;
#5513 = VECTOR ( 'NONE', #7223, 1000.000000000000227 ) ;
#5514 = EDGE_CURVE ( 'NONE', #5376, #3327, #5782, .T. ) ;
#5515 = CARTESIAN_POINT ( 'NONE',  ( 10.28907832868000050, -15.61911077633999945, -2.237861338225000107 ) ) ;
#5516 = CARTESIAN_POINT ( 'NONE',  ( 17.99991456012002189, 1.929366633139120045E-14, 5.710772084629346601 ) ) ;
#5517 = CARTESIAN_POINT ( 'NONE',  ( -10.03333676347999948, 22.10171383223999797, -2.034813240731999873 ) ) ;
#5518 = CARTESIAN_POINT ( 'NONE',  ( 12.94255425085999889, 10.84519287518000041, -1.967074700446999946 ) ) ;
#5519 = CARTESIAN_POINT ( 'NONE',  ( -11.58626215951000127, -18.96125717468000005, -3.428170881028999695 ) ) ;
#5520 = ORIENTED_EDGE ( 'NONE', *, *, #5565, .F. ) ;
#5521 = LINE ( 'NONE', #5703, #556 ) ;
#5522 = CARTESIAN_POINT ( 'NONE',  ( 21.27585815408999892, 1.035954408784000025, 1.800920247922000117 ) ) ;
#5523 = CARTESIAN_POINT ( 'NONE',  ( 10.03749908113080025, -21.30606952527254805, -0.02725576966041375060 ) ) ;
#5524 = DIRECTION ( 'NONE',  ( -3.917117673732214995E-14, 1.389412414446006018E-13, -1.000000000000000000 ) ) ;
#5525 = CARTESIAN_POINT ( 'NONE',  ( 19.28075545088813669, 7.673803943634870173, -1.706323447710130337 ) ) ;
#5526 = CARTESIAN_POINT ( 'NONE',  ( 12.83866909377568000, -15.70186736678857642, 0.7328999246776395360 ) ) ;
#5527 = CARTESIAN_POINT ( 'NONE',  ( 19.38556112960727162, -2.907086000535587633, -0.1794127842649430316 ) ) ;
#5528 = ORIENTED_EDGE ( 'NONE', *, *, #1527, .T. ) ;
#5529 = B_SPLINE_CURVE_WITH_KNOTS ( 'NONE', 3,
 ( #3013, #4266, #2378, #5082, #7150, #1695, #6507, #7097, #3069, #1719, #1107, #5788, #4502, #6431, #1083, #1133, #6401, #5195 ),
 .UNSPECIFIED., .F., .F.,
 ( 4, 2, 2, 2, 2, 2, 2, 2, 4 ),
 ( 0.5000000000000000000, 0.5625000000000000000, 0.6250000000000000000, 0.6875000000000000000, 0.7500000000000000000, 0.8125000000000000000, 0.8750000000000000000, 0.9375000000000000000, 1.000000000000000000 ),
 .UNSPECIFIED. ) ;
#5530 = CARTESIAN_POINT ( 'NONE',  ( -20.68141734068706583, -1.672925387585090906, -0.9684280153733688667 ) ) ;
#5531 = CARTESIAN_POINT ( 'NONE',  ( 19.05710827851398648, 8.206058512591949849, -1.156306154239139738 ) ) ;
#5532 = CARTESIAN_POINT ( 'NONE',  ( 18.38384026733000098, -10.97370552137999944, 1.059091130317999951 ) ) ;
#5533 = CARTESIAN_POINT ( 'NONE',  ( -11.86259855977000122, -21.46272145580999791, -0.8504757268081999388 ) ) ;
#5534 = CARTESIAN_POINT ( 'NONE',  ( 18.31957687578999838, 10.91427705819000060, -0.5100204392320000224 ) ) ;
#5535 = VERTEX_POINT ( 'NONE', #1446 ) ;
#5536 = CARTESIAN_POINT ( 'NONE',  ( -9.944778929212930052, 15.99410558233370772, -2.292301703107301414 ) ) ;
#5537 = CARTESIAN_POINT ( 'NONE',  ( 10.28610988820000038, -22.03064077419999833, -1.268639946963000087 ) ) ;
#5538 = CARTESIAN_POINT ( 'NONE',  ( 19.69141902922000043, -8.121028486127999102, -1.156354307481999966 ) ) ;
#5539 = AXIS2_PLACEMENT_3D ( 'NONE', #5876, #6541, #7841 ) ;
#5540 = CARTESIAN_POINT ( 'NONE',  ( -10.85683266084999943, 17.06961712794999997, -2.615671964262999971 ) ) ;
#5541 = CARTESIAN_POINT ( 'NONE',  ( 17.88388552904327966, -2.356154175500504877, 5.710772084629348377 ) ) ;
#5542 = CARTESIAN_POINT ( 'NONE',  ( -10.26715195692999849, 21.79192245373999981, -2.753694517825000077 ) ) ;
#5543 = CARTESIAN_POINT ( 'NONE',  ( 4.495734977061997206, 12.34999999999999964, -2.066306154244998528 ) ) ;
#5544 = FACE_OUTER_BOUND ( 'NONE', #4597, .T. ) ;
#5545 = CARTESIAN_POINT ( 'NONE',  ( 11.82796356314000086, 23.22587396627999823, 0.1311529817670000209 ) ) ;
#5546 = VERTEX_POINT ( 'NONE', #6180 ) ;
#5547 = ADVANCED_FACE ( 'NONE', ( #1431 ), #56, .T. ) ;
#5548 = CARTESIAN_POINT ( 'NONE',  ( 20.75000000000000000, 0.000000000000000000, 3.868041429999999892 ) ) ;
#5549 = CARTESIAN_POINT ( 'NONE',  ( 18.89517554438999980, -9.831617865580000171, -1.156354102959000096 ) ) ;
#5550 = TOROIDAL_SURFACE ( 'NONE', #3732, 1.235464736641000094, 0.2000000000000000111 ) ;
#5551 = ORIENTED_EDGE ( 'NONE', *, *, #7196, .F. ) ;
#5552 = EDGE_CURVE ( 'NONE', #8518, #8224, #8611, .T. ) ;
#5553 = CARTESIAN_POINT ( 'NONE',  ( -3.445734977061997828, 12.35000000000000142, -2.066306154244998528 ) ) ;
#5554 = DIRECTION ( 'NONE',  ( 0.000000000000000000, -0.7071067811865526798, 0.7071067811865422437 ) ) ;
#5555 = CARTESIAN_POINT ( 'NONE',  ( 12.79909776929363652, -14.59511024809965640, -0.3895418116324875224 ) ) ;
#5556 = CARTESIAN_POINT ( 'NONE',  ( 19.08048735813000008, 9.882946389293000067, 1.594616360242000042 ) ) ;
#5557 = LINE ( 'NONE', #2903, #6411 ) ;
#5558 = CARTESIAN_POINT ( 'NONE',  ( 11.99979660617847266, 16.96927952863381961, 1.633681769258647609 ) ) ;
#5559 = CARTESIAN_POINT ( 'NONE',  ( 10.41292708706702541, 21.17876672325201071, -0.02326106508876310194 ) ) ;
#5560 = ORIENTED_EDGE ( 'NONE', *, *, #2655, .F. ) ;
#5561 = CARTESIAN_POINT ( 'NONE',  ( 20.68124808064368025, 1.698226777129871579, 1.659422383076246899 ) ) ;
#5562 = CARTESIAN_POINT ( 'NONE',  ( -9.979789354585999916, 19.24870001631000349, -3.528296565020000219 ) ) ;
#5563 = CARTESIAN_POINT ( 'NONE',  ( -11.44878856844999859, -20.73561124807000056, -3.412522613651000292 ) ) ;
#5564 = CARTESIAN_POINT ( 'NONE',  ( 18.24343477848000106, 11.04953345641999896, -0.2167618152377999707 ) ) ;
#5565 = EDGE_CURVE ( 'NONE', #4946, #3362, #3970, .T. ) ;
#5566 = CARTESIAN_POINT ( 'NONE',  ( -12.15230949891000023, 18.35234867483000087, -3.157967612279999781 ) ) ;
#5567 = CARTESIAN_POINT ( 'NONE',  ( 10.29190493905000103, -21.92773198751000052, -0.8995440981215000464 ) ) ;
#5568 = CIRCLE ( 'NONE', #1067, 21.58000001245999755 ) ;
#5569 = ORIENTED_EDGE ( 'NONE', *, *, #5499, .F. ) ;
#5570 = CARTESIAN_POINT ( 'NONE',  ( -10.27381299996000052, 17.40863967591999995, -2.694535383434999876 ) ) ;
#5571 = CARTESIAN_POINT ( 'NONE',  ( 11.79156827533999952, -15.49270419047999958, -2.289895143793000187 ) ) ;
#5572 = CARTESIAN_POINT ( 'NONE',  ( -12.06992773970204169, 18.79909256005598550, -3.346147554812278546 ) ) ;
#5573 = CYLINDRICAL_SURFACE ( 'NONE', #1716, 0.5000000000000004441 ) ;
#5574 = CARTESIAN_POINT ( 'NONE',  ( -10.64063362973999993, 21.96504795738000126, -1.641320725246999901 ) ) ;
#5575 = CARTESIAN_POINT ( 'NONE',  ( 18.47610700491779667, 9.389108997319613792, -0.6127396457905452953 ) ) ;
#5576 = CARTESIAN_POINT ( 'NONE',  ( -21.27986630500999610, -0.9249911678793000247, 1.803693848021999946 ) ) ;
#5577 = CARTESIAN_POINT ( 'NONE',  ( 20.02702936502999975, -7.298022920340000219, 1.481087158291000128 ) ) ;
#5578 = ORIENTED_EDGE ( 'NONE', *, *, #5300, .F. ) ;
#5579 = CARTESIAN_POINT ( 'NONE',  ( 19.47296966106468830, -7.201752155637882069, -1.237191459426491669 ) ) ;
#5580 = CARTESIAN_POINT ( 'NONE',  ( 10.04168648986322765, -21.54601575717878958, -3.225775009047213260 ) ) ;
#5581 = ORIENTED_EDGE ( 'NONE', *, *, #4006, .F. ) ;
#5582 = DIRECTION ( 'NONE',  ( 0.000000000000000000, -1.000000000000000000, 0.000000000000000000 ) ) ;
#5583 = CARTESIAN_POINT ( 'NONE',  ( 0.000000000000000000, 0.000000000000000000, 5.674802526090000576 ) ) ;
#5584 = ORIENTED_EDGE ( 'NONE', *, *, #5853, .F. ) ;
#5585 = CARTESIAN_POINT ( 'NONE',  ( -19.40625909561937590, 2.899760136689372825, -0.1466591065312259634 ) ) ;
#5586 = ORIENTED_EDGE ( 'NONE', *, *, #5946, .F. ) ;
#5587 = ADVANCED_FACE ( 'NONE', ( #6614 ), #2252, .F. ) ;
#5588 = ADVANCED_FACE ( 'NONE', ( #4928 ), #5103, .T. ) ;
#5589 = ORIENTED_EDGE ( 'NONE', *, *, #2852, .F. ) ;
#5590 = CARTESIAN_POINT ( 'NONE',  ( -20.61336324925418140, -2.367714391809045527, -0.06054806964110735074 ) ) ;
#5591 = CARTESIAN_POINT ( 'NONE',  ( -12.65728818225835717, -16.49848323037967290, 4.202389014246000087 ) ) ;
#5592 = CARTESIAN_POINT ( 'NONE',  ( 20.29298052677000186, 6.837748198786000486, 0.3319874367320999609 ) ) ;
#5593 = CARTESIAN_POINT ( 'NONE',  ( -0.0001470041418122999984, -0.0001995674052147000058, 0.3236458979192000096 ) ) ;
#5594 = CARTESIAN_POINT ( 'NONE',  ( -11.85559802845000021, -21.25815788313999732, -2.763193973383000213 ) ) ;
#5595 = VERTEX_POINT ( 'NONE', #1143 ) ;
#5596 = CARTESIAN_POINT ( 'NONE',  ( 20.29293031611999965, -6.837751024904000552, 0.3153514305590000566 ) ) ;
#5597 = CARTESIAN_POINT ( 'NONE',  ( 20.53851402026559825, -2.954995455470625032, 0.3236706849976924705 ) ) ;
#5598 = CARTESIAN_POINT ( 'NONE',  ( 11.86259855770999927, -21.46272145641999884, -0.8504757268620000143 ) ) ;
#5599 = CARTESIAN_POINT ( 'NONE',  ( -12.92112582096164175, -16.23595548766774854, 1.633710346826434900 ) ) ;
#5600 = ORIENTED_EDGE ( 'NONE', *, *, #4542, .T. ) ;
#5601 = CARTESIAN_POINT ( 'NONE',  ( -12.32103603353999866, 15.07297619533999899, -2.227468345025000129 ) ) ;
#5602 = CARTESIAN_POINT ( 'NONE',  ( 11.58851517436000123, -17.57878481776999990, -2.808654025108000329 ) ) ;
#5603 = CARTESIAN_POINT ( 'NONE',  ( 11.43927105793670940, -18.56332933737940394, -3.241686715180048584 ) ) ;
#5604 = CARTESIAN_POINT ( 'NONE',  ( -12.14573221880999832, 20.79170593941000078, -0.1272701262366000008 ) ) ;
#5605 = CARTESIAN_POINT ( 'NONE',  ( 19.28668176887527608, 7.556776518545429866, 0.01163841960072997152 ) ) ;
#5606 = CARTESIAN_POINT ( 'NONE',  ( -20.43968902246576036, 4.128304533902512397, 3.633693845755024299 ) ) ;
#5607 = CARTESIAN_POINT ( 'NONE',  ( -10.67612520441000079, -19.12934930181000226, -3.498969915961000154 ) ) ;
#5608 = ORIENTED_EDGE ( 'NONE', *, *, #2794, .F. ) ;
#5609 = CARTESIAN_POINT ( 'NONE',  ( 17.81575622791995883, -10.62838570383394909, 1.260320095740826485 ) ) ;
#5610 = CARTESIAN_POINT ( 'NONE',  ( -21.47531130956577172, 2.122352806905615008, 0.1692161047782921035 ) ) ;
#5611 = CARTESIAN_POINT ( 'NONE',  ( -20.60424733502068761, 2.455095063331863781, 0.5253757078380784096 ) ) ;
#5612 = ORIENTED_EDGE ( 'NONE', *, *, #5172, .F. ) ;
#5613 = CARTESIAN_POINT ( 'NONE',  ( 19.99572221379023773, 8.117292781511636690, -0.8463061542402999793 ) ) ;
#5614 = CARTESIAN_POINT ( 'NONE',  ( 18.90346897254999803, 9.801111390975000504, -1.163156363294999718 ) ) ;
#5615 = LINE ( 'NONE', #8151, #3811 ) ;
#5616 = EDGE_CURVE ( 'NONE', #6932, #7411, #3816, .T. ) ;
#5617 = EDGE_CURVE ( 'NONE', #1552, #6813, #8007, .T. ) ;
#5618 = EDGE_CURVE ( 'NONE', #6973, #8221, #4619, .T. ) ;
#5619 = CARTESIAN_POINT ( 'NONE',  ( -10.01241156253863807, 19.86885629402119591, 0.8443040879306409341 ) ) ;
#5620 = PLANE ( 'NONE',  #7887 ) ;
#5621 = CARTESIAN_POINT ( 'NONE',  ( 1.081226572629999979E-06, -5.953309988759999941E-06, 4.850961730363999358 ) ) ;
#5622 = CARTESIAN_POINT ( 'NONE',  ( 9.983114425952880566, 18.19064840843564923, 1.633711006505734975 ) ) ;
#5623 = CARTESIAN_POINT ( 'NONE',  ( -11.76624356499000079, -21.65313020537999833, -1.624330951358000208 ) ) ;
#5624 = ORIENTED_EDGE ( 'NONE', *, *, #6101, .T. ) ;
#5625 = FACE_OUTER_BOUND ( 'NONE', #988, .T. ) ;
#5626 = CARTESIAN_POINT ( 'NONE',  ( 5.694972323165010227E-08, 17.18999595947529713, -2.066300294919140246 ) ) ;
#5627 = CARTESIAN_POINT ( 'NONE',  ( -12.04962038168000049, 19.10863541080000161, -3.457793145378000421 ) ) ;
#5628 = PLANE ( 'NONE',  #5266 ) ;
#5629 = CARTESIAN_POINT ( 'NONE',  ( 11.90777351806000084, -21.61386030726000129, -1.623178502288000091 ) ) ;
#5630 = CARTESIAN_POINT ( 'NONE',  ( -5.495734977061998094, 12.35000000000000142, -1.566306154244998750 ) ) ;
#5631 = CARTESIAN_POINT ( 'NONE',  ( -10.77060493729000079, 18.61504434636000127, -3.237376972200000314 ) ) ;
#5632 = ORIENTED_EDGE ( 'NONE', *, *, #1041, .T. ) ;
#5633 = AXIS2_PLACEMENT_3D ( 'NONE', #5014, #2231, #4232 ) ;
#5634 = CARTESIAN_POINT ( 'NONE',  ( -19.76926175930339724, -2.955004418068249983, 0.3236120856750730468 ) ) ;
#5635 = ADVANCED_FACE ( 'NONE', ( #4814 ), #7933, .T. ) ;
#5636 = DIRECTION ( 'NONE',  ( 0.000000000000000000, 1.000000000000000000, 0.000000000000000000 ) ) ;
#5637 = CARTESIAN_POINT ( 'NONE',  ( -17.82590716619762716, -8.337418136968977933, -0.07794103714422595530 ) ) ;
#5638 = CARTESIAN_POINT ( 'NONE',  ( 19.61815405951206515, 6.827124844460345621, -1.236838875654326264 ) ) ;
#5639 = CARTESIAN_POINT ( 'NONE',  ( 12.57102402161999954, 13.90145579913999896, -2.977513922541000113 ) ) ;
#5640 = CARTESIAN_POINT ( 'NONE',  ( 1.735823222326124959, 20.74998809115973941, 1.633719001320036446 ) ) ;
#5641 = ADVANCED_FACE ( 'NONE', ( #2929 ), #1997, .T. ) ;
#5642 = CARTESIAN_POINT ( 'NONE',  ( 19.59356716568818868, -6.815844447165525288, -0.6129527316990361907 ) ) ;
#5643 = CARTESIAN_POINT ( 'NONE',  ( 9.780594263887000039, 18.26894668441999769, 1.646706129987000056 ) ) ;
#5644 = CARTESIAN_POINT ( 'NONE',  ( -12.11144254497000006, 20.64768723859999966, -0.03791715827686999857 ) ) ;
#5645 = CARTESIAN_POINT ( 'NONE',  ( -17.18984251204068414, 0.5195865976839858513, -2.066306154244998083 ) ) ;
#5646 = DIRECTION ( 'NONE',  ( 0.000000000000000000, 0.000000000000000000, 1.000000000000000000 ) ) ;
#5647 = CARTESIAN_POINT ( 'NONE',  ( 11.14736562317000157, 19.15646872349000063, -3.516054666705000109 ) ) ;
#5648 = CARTESIAN_POINT ( 'NONE',  ( 20.20246089582244764, 7.587375041266747111, -0.6146881699142290323 ) ) ;
#5649 = CARTESIAN_POINT ( 'NONE',  ( 19.23295867647000179, -7.947879576821000214, 0.3236458979042000084 ) ) ;
#5650 = VECTOR ( 'NONE', #7865, 1000.000000000000000 ) ;
#5651 = B_SPLINE_CURVE_WITH_KNOTS ( 'NONE', 3,
 ( #6464, #3162, #6601, #2476, #2561, #1226, #3825, #8594, #2536, #1903, #3213, #8539, #4510, #7275, #5881, #2507, #7901, #3857 ),
 .UNSPECIFIED., .F., .F.,
 ( 4, 2, 2, 2, 2, 2, 2, 2, 4 ),
 ( 0.000000000000000000, 0.1250000000000000278, 0.2500000000000000555, 0.3750000000000001110, 0.5000000000000001110, 0.6250000000000001110, 0.7500000000000002220, 0.8750000000000001110, 1.000000000000000000 ),
 .UNSPECIFIED. ) ;
#5652 = AXIS2_PLACEMENT_3D ( 'NONE', #123, #4980, #3583 ) ;
#5653 = ORIENTED_EDGE ( 'NONE', *, *, #2980, .T. ) ;
#5654 = CARTESIAN_POINT ( 'NONE',  ( -20.72783557760274675, -0.9250001284057209894, -1.156310227835597226 ) ) ;
#5655 = CARTESIAN_POINT ( 'NONE',  ( 12.43149765629999948, 13.94459490949000013, -2.127785794698999755 ) ) ;
#5656 = CARTESIAN_POINT ( 'NONE',  ( -11.00705432871306932, 13.27414121559623439, -2.066306154244998528 ) ) ;
#5657 = DIRECTION ( 'NONE',  ( 0.000000000000000000, 0.000000000000000000, 1.000000000000000000 ) ) ;
#5658 = CARTESIAN_POINT ( 'NONE',  ( 19.75541509089999792, -8.203003315287000774, -1.055677159651000174 ) ) ;
#5659 = CARTESIAN_POINT ( 'NONE',  ( 19.26500532381999875, 0.9249999235549999366, -1.706307484006300168 ) ) ;
#5660 = CARTESIAN_POINT ( 'NONE',  ( -12.03092233605878114, 20.63833633391656974, -0.01570413781957443605 ) ) ;
#5661 = CONICAL_SURFACE ( 'NONE', #6771, 18.61440856384000142, 1.512327796852801054 ) ;
#5662 = ORIENTED_EDGE ( 'NONE', *, *, #2149, .F. ) ;
#5663 = CARTESIAN_POINT ( 'NONE',  ( 20.22707749383999953, -6.778438485712000805, 0.3236458874384999795 ) ) ;
#5664 = CARTESIAN_POINT ( 'NONE',  ( 16.66796948926580058, -11.03286157639150034, 0.3237863076832830367 ) ) ;
#5665 = AXIS2_PLACEMENT_3D ( 'NONE', #6458, #3793, #371 ) ;
#5666 = CARTESIAN_POINT ( 'NONE',  ( -12.91865016893999929, 11.27740934612000068, -2.066286101149000132 ) ) ;
#5667 = CARTESIAN_POINT ( 'NONE',  ( 19.59867559255563663, -6.810904131380328685, -0.5845306833526134893 ) ) ;
#5668 = DIRECTION ( 'NONE',  ( 0.9999999999999984457, -4.212388425767253448E-08, 3.718061013773853090E-08 ) ) ;
#5669 = VECTOR ( 'NONE', #1218, 1000.000000000000114 ) ;
#5670 = CARTESIAN_POINT ( 'NONE',  ( -10.71132010214000019, 21.26642313463000278, -0.1390686406777999762 ) ) ;
#5671 = CARTESIAN_POINT ( 'NONE',  ( 18.73639753188655988, 8.847379593504742346, -0.6127047913415701874 ) ) ;
#5672 = DIRECTION ( 'NONE',  ( 0.000000000000000000, 0.000000000000000000, -1.000000000000000000 ) ) ;
#5673 = FACE_BOUND ( 'NONE', #2489, .T. ) ;
#5674 = VERTEX_POINT ( 'NONE', #8658 ) ;
#5675 = CARTESIAN_POINT ( 'NONE',  ( 19.32546238333024036, -7.575040779114567968, -1.237150226519783569 ) ) ;
#5676 = CARTESIAN_POINT ( 'NONE',  ( -10.01592089730193003, 20.06990594796000238, -1.068331160267000257 ) ) ;
#5677 = B_SPLINE_CURVE_WITH_KNOTS ( 'NONE', 3,
 ( #7225, #2490, #8636, #1795, #7911, #6085, #5355, #22, #1348, #8112, #6003, #1293, #4723, #2056, #4750, #624, #6668, #710, #2720, #5436, #8027, #6031, #4013, #6725 ),
 .UNSPECIFIED., .F., .F.,
 ( 4, 1, 1, 1, 1, 1, 1, 1, 1, 1, 1, 1, 1, 1, 1, 1, 1, 1, 1, 1, 1, 4 ),
 ( 0.000000000000000000, 0.04761904761904999644, 0.09523809523809999289, 0.1428571428570999946, 0.1904761904761999858, 0.2380952380951999736, 0.2857142857143000203, 0.3333333333333000081, 0.3809523809523999716, 0.4285714285713999594, 0.4761904761904999783, 0.5238095238095000772, 0.5714285714286000406, 0.6190476190476000840, 0.6666666666667000474, 0.7142857142856999797, 0.7619047619048000541, 0.8095238095237999865, 0.8571428571429000609, 0.9047619047618999932, 0.9523809523809999567, 1.000000000000000000 ),
 .UNSPECIFIED. ) ;
#5678 = EDGE_CURVE ( 'NONE', #5081, #980, #5307, .T. ) ;
#5679 = CARTESIAN_POINT ( 'NONE',  ( 1.300000004063999848, 13.78622870414984725, -1.496306154245016451 ) ) ;
#5680 = CARTESIAN_POINT ( 'NONE',  ( 11.79828688017999916, 19.60231481394000141, -3.571389492219999795 ) ) ;
#5681 = VECTOR ( 'NONE', #6994, 1000.000000000000114 ) ;
#5682 = EDGE_LOOP ( 'NONE', ( #319, #7794, #2246, #4101, #5831 ) ) ;
#5683 = CARTESIAN_POINT ( 'NONE',  ( -19.76922465422605057, 2.954965490899789771, 0.3236937139960654464 ) ) ;
#5684 = ADVANCED_FACE ( 'NONE', ( #2170 ), #3330, .T. ) ;
#5685 = CARTESIAN_POINT ( 'NONE',  ( -12.43345601066831208, 16.02386735518684802, -2.370886296488395217 ) ) ;
#5686 = DIRECTION ( 'NONE',  ( -0.9998476951563913806, -0.01745240643727985833, 0.000000000000000000 ) ) ;
#5687 = CARTESIAN_POINT ( 'NONE',  ( 20.63862147161739813, 2.151879555767556962, -0.6128687398354704108 ) ) ;
#5688 = CARTESIAN_POINT ( 'NONE',  ( -6.685974912885832566, -19.69021666960791705, 3.383693845753999785 ) ) ;
#5689 = ORIENTED_EDGE ( 'NONE', *, *, #5962, .T. ) ;
#5690 = AXIS2_PLACEMENT_3D ( 'NONE', #3725, #5145, #6413 ) ;
#5691 = CARTESIAN_POINT ( 'NONE',  ( -11.62259599583000025, 18.59403476351999984, -3.260460310085999680 ) ) ;
#5692 = CARTESIAN_POINT ( 'NONE',  ( -1.299999999960499419, 13.78622870414660717, -1.496306154243859599 ) ) ;
#5693 = EDGE_LOOP ( 'NONE', ( #5880, #4118, #7665 ) ) ;
#5694 = CARTESIAN_POINT ( 'NONE',  ( -12.92097108093750002, 16.23577618015760038, 1.633914089293755145 ) ) ;
#5695 = CARTESIAN_POINT ( 'NONE',  ( 15.66843975649193510, -8.503956304018348789, -1.706362954607230087 ) ) ;
#5696 = CARTESIAN_POINT ( 'NONE',  ( -21.26473648532000382, 1.179354248130999983, 1.810788379727999997 ) ) ;
#5697 = ORIENTED_EDGE ( 'NONE', *, *, #7081, .T. ) ;
#5698 = CARTESIAN_POINT ( 'NONE',  ( 18.77334946385806091, -5.493673406457403985, 0.3236939221948000323 ) ) ;
#5699 = DIRECTION ( 'NONE',  ( -0.5919061212076012213, -0.8060069129213023320, -2.111966969942005453E-07 ) ) ;
#5700 = CARTESIAN_POINT ( 'NONE',  ( 12.92102360628125979, -16.23573473602204942, 1.633942491647304873 ) ) ;
#5701 = CARTESIAN_POINT ( 'NONE',  ( 20.70823873634533996, -1.310193998004726579, -1.118734488279502726 ) ) ;
#5702 = CARTESIAN_POINT ( 'NONE',  ( 17.51229752105621174, -9.186484659141298081, -1.706306677350358347 ) ) ;
#5703 = CARTESIAN_POINT ( 'NONE',  ( 0.000000000000000000, 10.29999999999999716, -2.066306154244998528 ) ) ;
#5704 = EDGE_LOOP ( 'NONE', ( #5374, #3524, #8166, #8327 ) ) ;
#5705 = ORIENTED_EDGE ( 'NONE', *, *, #3393, .F. ) ;
#5706 = CARTESIAN_POINT ( 'NONE',  ( 18.03386475791022292, -10.28794796555583524, 1.884558823472253675 ) ) ;
#5707 = ORIENTED_EDGE ( 'NONE', *, *, #4443, .F. ) ;
#5708 = CARTESIAN_POINT ( 'NONE',  ( 20.53851402026559825, -2.954995455470625032, 0.3236706849976924705 ) ) ;
#5709 = EDGE_LOOP ( 'NONE', ( #5352, #554, #5913, #2717 ) ) ;
#5710 = DIRECTION ( 'NONE',  ( -0.000000000000000000, -0.000000000000000000, 1.000000000000000000 ) ) ;
#5711 = CARTESIAN_POINT ( 'NONE',  ( 20.53847006639680117, -2.954956734001604968, 1.633882492204485004 ) ) ;
#5712 = CARTESIAN_POINT ( 'NONE',  ( 20.35035218142419211, 7.180669781062452017, 0.6256050233328190879 ) ) ;
#5713 = CARTESIAN_POINT ( 'NONE',  ( -19.56643850676304552, 2.937410712173683880, 0.05405393951544020664 ) ) ;
#5714 = VERTEX_POINT ( 'NONE', #3556 ) ;
#5715 = B_SPLINE_CURVE_WITH_KNOTS ( 'NONE', 3,
 ( #1512, #4171, #6687, #4662, #2650, #134, #2165, #1458, #2797, #4141, #1427, #7356, #3321, #8047, #8244, #5541, #4828, #5516 ),
 .UNSPECIFIED., .F., .F.,
 ( 4, 2, 2, 2, 2, 2, 2, 2, 4 ),
 ( 0.000000000000000000, 0.06250000000000005551, 0.1250000000000000833, 0.1875000000000001110, 0.2500000000000001110, 0.3125000000000001110, 0.3750000000000001110, 0.4375000000000000555, 0.5000000000000000000 ),
 .UNSPECIFIED. ) ;
#5716 = CARTESIAN_POINT ( 'NONE',  ( 21.27858134634000464, 0.9618275125327999664, -1.156306359632999881 ) ) ;
#5717 = CARTESIAN_POINT ( 'NONE',  ( 9.912235383461000637, 15.85581984140000245, -2.249208243397999851 ) ) ;
#5718 = CARTESIAN_POINT ( 'NONE',  ( 19.17597296411960883, 7.921283706255267454, 1.803695635631724858 ) ) ;
#5719 = CARTESIAN_POINT ( 'NONE',  ( 21.26478061698999866, 1.178060996367999991, -1.163400818518999902 ) ) ;
#5720 = ORIENTED_EDGE ( 'NONE', *, *, #7768, .F. ) ;
#5721 = CARTESIAN_POINT ( 'NONE',  ( 17.91543379823999871, -7.333479488589000006, -1.706307484006099662 ) ) ;
#5722 = AXIS2_PLACEMENT_3D ( 'NONE', #273, #5067, #5005 ) ;
#5723 = CARTESIAN_POINT ( 'NONE',  ( 20.72031744179201596, -1.127945990212570138, 1.853690227891564124 ) ) ;
#5724 = DIRECTION ( 'NONE',  ( 0.7336112449754647047, 0.6795693792730429506, 8.326672684688676518E-17 ) ) ;
#5725 = CARTESIAN_POINT ( 'NONE',  ( -9.983114246104920042, 18.19064690975329768, 1.633711975696015006 ) ) ;
#5726 = EDGE_LOOP ( 'NONE', ( #8329, #8232, #8082, #5581 ) ) ;
#5727 = FACE_BOUND ( 'NONE', #8110, .T. ) ;
#5728 = DIRECTION ( 'NONE',  ( -1.000000000000000000, 0.000000000000000000, 0.000000000000000000 ) ) ;
#5729 = B_SPLINE_CURVE_WITH_KNOTS ( 'NONE', 3,
 ( #5708, #2270, #3572, #2361, #4306, #5056, #1554, #7072, #1645, #7023 ),
 .UNSPECIFIED., .F., .F.,
 ( 4, 2, 2, 2, 4 ),
 ( 0.000000000000000000, 0.2500000000000000000, 0.5000000000000000000, 0.7500000000000000000, 1.000000000000000000 ),
 .UNSPECIFIED. ) ;
#5730 = CARTESIAN_POINT ( 'NONE',  ( 19.17811189611397538, 7.922280514237201920, 1.853689892583486376 ) ) ;
#5731 = B_SPLINE_CURVE_WITH_KNOTS ( 'NONE', 3,
 ( #6806, #4781, #4870, #2873, #6865, #147, #8168, #7571 ),
 .UNSPECIFIED., .F., .F.,
 ( 4, 2, 2, 4 ),
 ( 0.000000000000000000, 0.001769190798230948266, 0.002653786197346422182, 0.003538381596461896532 ),
 .UNSPECIFIED. ) ;
#5732 = DIRECTION ( 'NONE',  ( 1.000000000000000000, 0.000000000000000000, 0.000000000000000000 ) ) ;
#5733 = CARTESIAN_POINT ( 'NONE',  ( 17.99657489930565646, 10.27071421918869198, 0.01146414735892547360 ) ) ;
#5734 = CARTESIAN_POINT ( 'NONE',  ( -11.42497430397324187, 18.69972942118236148, -3.306250712992453877 ) ) ;
#5735 = ADVANCED_FACE ( 'NONE', ( #4496 ), #8081, .F. ) ;
#5736 = ORIENTED_EDGE ( 'NONE', *, *, #7510, .F. ) ;
#5737 = FACE_OUTER_BOUND ( 'NONE', #7799, .T. ) ;
#5738 = CARTESIAN_POINT ( 'NONE',  ( -10.00286822004432175, 19.31473326285174963, -3.565986058526120051 ) ) ;
#5739 = CARTESIAN_POINT ( 'NONE',  ( 11.51943607579999984, -19.73267640331999928, -3.615279795722000422 ) ) ;
#5740 = CARTESIAN_POINT ( 'NONE',  ( 10.65681352992000086, 19.74157132300999962, -3.722016479402000311 ) ) ;
#5741 = CARTESIAN_POINT ( 'NONE',  ( 12.94257657594000044, -16.20507351386000039, 1.737427584980999917 ) ) ;
#5742 = ORIENTED_EDGE ( 'NONE', *, *, #4542, .F. ) ;
#5743 = EDGE_CURVE ( 'NONE', #2632, #2570, #8731, .T. ) ;
#5744 = FACE_OUTER_BOUND ( 'NONE', #1285, .T. ) ;
#5745 = EDGE_CURVE ( 'NONE', #2776, #3785, #601, .T. ) ;
#5746 = CARTESIAN_POINT ( 'NONE',  ( -18.00750567792028534, 10.39887649176980133, 3.383693845753999785 ) ) ;
#5747 = CARTESIAN_POINT ( 'NONE',  ( -21.20179484894000055, -2.340466548113999679, -0.1132695872441000090 ) ) ;
#5748 = CARTESIAN_POINT ( 'NONE',  ( 19.92681371488000153, 8.298157412413999623, 1.486872473033000075 ) ) ;
#5749 = CARTESIAN_POINT ( 'NONE',  ( -20.08634546101132656, -5.380113293672737385, 3.383693845754000229 ) ) ;
#5750 = CARTESIAN_POINT ( 'NONE',  ( -12.29393013821694325, -17.15002941932247538, -2.669640754045496944 ) ) ;
#5751 = ORIENTED_EDGE ( 'NONE', *, *, #6693, .F. ) ;
#5752 = DIRECTION ( 'NONE',  ( -0.000000000000000000, 0.000000000000000000, -1.000000000000000000 ) ) ;
#5753 = DIRECTION ( 'NONE',  ( -1.000000000000000000, 0.000000000000000000, 0.000000000000000000 ) ) ;
#5754 = B_SPLINE_CURVE_WITH_KNOTS ( 'NONE', 3,
 ( #2862, #1516, #5606, #827, #7532, #853, #6191, #7358, #6283, #4174 ),
 .UNSPECIFIED., .F., .F.,
 ( 4, 2, 2, 2, 4 ),
 ( 0.000000000000000000, 0.2500000000000001110, 0.5000000000000001110, 0.7500000000000001110, 1.000000000000000000 ),
 .UNSPECIFIED. ) ;
#5755 = EDGE_CURVE ( 'NONE', #1966, #2588, #5249, .T. ) ;
#5756 = CARTESIAN_POINT ( 'NONE',  ( 0.000000000000000000, 14.40000000000000391, -2.066306154244998528 ) ) ;
#5757 = CARTESIAN_POINT ( 'NONE',  ( 11.31057421602810997, -20.20125881780952426, -3.607631944028305337 ) ) ;
#5758 = CARTESIAN_POINT ( 'NONE',  ( 10.00186190912444140, -19.26446705470722165, -3.538327055691353529 ) ) ;
#5759 = DIRECTION ( 'NONE',  ( -7.733677102147839400E-14, 1.246412174853008057E-13, -1.000000000000000000 ) ) ;
#5760 = CARTESIAN_POINT ( 'NONE',  ( 20.71977260197352777, -1.121357740316365259, -1.156306154250898111 ) ) ;
#5761 = EDGE_LOOP ( 'NONE', ( #5488, #4627, #1975, #4615 ) ) ;
#5762 = CARTESIAN_POINT ( 'NONE',  ( -12.94255386050000034, 16.20517604568000181, 1.737367207352999765 ) ) ;
#5763 = CARTESIAN_POINT ( 'NONE',  ( -19.19240467841939690, -7.995103018356741309, 1.633732522392053799 ) ) ;
#5764 = VECTOR ( 'NONE', #7295, 1000.000000000000114 ) ;
#5765 = EDGE_LOOP ( 'NONE', ( #6829, #2239, #6006, #5697, #3742, #1932 ) ) ;
#5766 = CARTESIAN_POINT ( 'NONE',  ( 11.17267617791999967, -18.79478518942999798, -3.345308558831000312 ) ) ;
#5767 = CARTESIAN_POINT ( 'NONE',  ( -5.799854320452163314, 17.08058880648393085, 5.710772084629346601 ) ) ;
#5768 = CARTESIAN_POINT ( 'NONE',  ( 21.48969851602633341, 1.972288862287424172, 0.9145316334687385584 ) ) ;
#5769 = EDGE_CURVE ( 'NONE', #7642, #8641, #1529, .T. ) ;
#5770 = AXIS2_PLACEMENT_3D ( 'NONE', #1436, #8285, #4148 ) ;
#5771 = ADVANCED_FACE ( 'NONE', ( #1855 ), #4939, .F. ) ;
#5772 = FACE_OUTER_BOUND ( 'NONE', #3580, .T. ) ;
#5773 = CARTESIAN_POINT ( 'NONE',  ( -21.19739454437000248, 2.389869827481999831, 0.1031600807038999951 ) ) ;
#5774 = CARTESIAN_POINT ( 'NONE',  ( 21.23561936555000074, -1.848966991311999930, 1.481616878695000139 ) ) ;
#5775 = ORIENTED_EDGE ( 'NONE', *, *, #2811, .F. ) ;
#5776 = CARTESIAN_POINT ( 'NONE',  ( 19.84067593412999742, 8.251553166294000263, 1.595041494393000026 ) ) ;
#5777 = CARTESIAN_POINT ( 'NONE',  ( 21.24089231398999900, 1.694732795566000094, 1.677613861230000003 ) ) ;
#5778 = DIRECTION ( 'NONE',  ( 0.000000000000000000, -1.000000000000000000, 0.000000000000000000 ) ) ;
#5779 = CARTESIAN_POINT ( 'NONE',  ( -17.24261748226967939, -8.114762424310042022, 0.08369384575500000978 ) ) ;
#5780 = CARTESIAN_POINT ( 'NONE',  ( 19.84575042059999817, 7.750635879525999528, -1.091555913135000111 ) ) ;
#5781 = CARTESIAN_POINT ( 'NONE',  ( -20.72783813001118247, 0.9249975395748216700, 1.803697761661423815 ) ) ;
#5782 = LINE ( 'NONE', #1391, #8288 ) ;
#5783 = ORIENTED_EDGE ( 'NONE', *, *, #7026, .F. ) ;
#5784 = CARTESIAN_POINT ( 'NONE',  ( 16.04968758386248240, -10.49526574840131588, -0.6391909009544214371 ) ) ;
#5785 = CARTESIAN_POINT ( 'NONE',  ( -21.27507674257000048, 0.8783752818637999837, 1.810053303369999922 ) ) ;
#5786 = CARTESIAN_POINT ( 'NONE',  ( 9.893948561771999550, -14.94914528556000022, -2.100008037124999838 ) ) ;
#5787 = B_SPLINE_CURVE_WITH_KNOTS ( 'NONE', 3,
 ( #5887, #5861, #2456, #1706, #7164, #4516, #3831, #4396, #5120, #3776, #8488, #5768, #2391, #7107, #8545, #3052, #7761, #2424 ),
 .UNSPECIFIED., .F., .F.,
 ( 4, 2, 2, 2, 2, 2, 2, 2, 4 ),
 ( 0.000000000000000000, 0.1250000000000000833, 0.2500000000000001665, 0.3750000000000001110, 0.5000000000000001110, 0.6250000000000001110, 0.7500000000000000000, 0.8750000000000000000, 1.000000000000000000 ),
 .UNSPECIFIED. ) ;
#5788 = CARTESIAN_POINT ( 'NONE',  ( 9.020669316464573484, 15.62089463499598807, 5.710772084629348377 ) ) ;
#5789 = CARTESIAN_POINT ( 'NONE',  ( -9.926175445499081818, 14.92839245763872391, -1.697754631979170759 ) ) ;
#5790 = CARTESIAN_POINT ( 'NONE',  ( 20.72783750165638850, -0.9249999999767027914, -1.156306154321633750 ) ) ;
#5791 = CARTESIAN_POINT ( 'NONE',  ( 18.14567980487652932, 10.06770718669593023, -1.653722613415007370 ) ) ;
#5792 = FACE_OUTER_BOUND ( 'NONE', #7686, .T. ) ;
#5793 = ORIENTED_EDGE ( 'NONE', *, *, #4151, .T. ) ;
#5794 = CARTESIAN_POINT ( 'NONE',  ( 19.54192522188551706, -6.977156870481543649, 1.476697553908173255 ) ) ;
#5795 = CARTESIAN_POINT ( 'NONE',  ( 12.14790129229000115, -18.37054973747000020, -3.166058092575000149 ) ) ;
#5796 = EDGE_CURVE ( 'NONE', #2729, #3462, #8500, .T. ) ;
#5797 = ORIENTED_EDGE ( 'NONE', *, *, #4578, .F. ) ;
#5798 = EDGE_CURVE ( 'NONE', #5138, #6046, #6646, .T. ) ;
#5799 = CARTESIAN_POINT ( 'NONE',  ( -10.62050715934999978, -21.67513972044999804, -2.753005976342999706 ) ) ;
#5800 = CARTESIAN_POINT ( 'NONE',  ( 11.50020564921999977, -19.99870804118999956, -3.605381830389000175 ) ) ;
#5801 = CARTESIAN_POINT ( 'NONE',  ( -15.62089463499599162, 9.020669316464571708, 5.710772084629348377 ) ) ;
#5802 = DIRECTION ( 'NONE',  ( 0.000000000000000000, 0.000000000000000000, 1.000000000000000000 ) ) ;
#5803 = ORIENTED_EDGE ( 'NONE', *, *, #6618, .T. ) ;
#5804 = ORIENTED_EDGE ( 'NONE', *, *, #3517, .T. ) ;
#5805 = CARTESIAN_POINT ( 'NONE',  ( 20.07730933458999800, 6.101721347335000267, 1.884787211456000033 ) ) ;
#5806 = CARTESIAN_POINT ( 'NONE',  ( 21.19664543992000105, -2.405006332778000022, 0.3605555795020999876 ) ) ;
#5807 = CARTESIAN_POINT ( 'NONE',  ( 10.00092468072358010, 19.20261121409579985, -3.504218695403119810 ) ) ;
#5808 = CARTESIAN_POINT ( 'NONE',  ( 21.20214187202000033, 2.264242844732000215, -0.4692144057771999721 ) ) ;
#5809 = VERTEX_POINT ( 'NONE', #4438 ) ;
#5810 = EDGE_CURVE ( 'NONE', #7357, #8310, #6811, .T. ) ;
#5811 = ORIENTED_EDGE ( 'NONE', *, *, #8213, .F. ) ;
#5812 = AXIS2_PLACEMENT_3D ( 'NONE', #4617, #7201, #3229 ) ;
#5813 = CARTESIAN_POINT ( 'NONE',  ( 20.70866118973984982, -1.322627230849507951, -1.167600284373755182 ) ) ;
#5814 = CARTESIAN_POINT ( 'NONE',  ( 1.081226596210999972E-06, 5.953309973682999827E-06, 4.850961730363999358 ) ) ;
#5815 = EDGE_LOOP ( 'NONE', ( #8404, #108, #5288, #4519 ) ) ;
#5816 = CARTESIAN_POINT ( 'NONE',  ( -21.37230118112000099, 0.8858043176644000427, 1.702337940127000016 ) ) ;
#5817 = CARTESIAN_POINT ( 'NONE',  ( -9.992647689564162050, -18.73658476938679129, 1.410529368845333531 ) ) ;
#5818 = EDGE_LOOP ( 'NONE', ( #6436, #2188, #5072, #1125 ) ) ;
#5819 = CARTESIAN_POINT ( 'NONE',  ( -11.85113357986011273, -21.13534228708317286, -2.917167531317488294 ) ) ;
#5820 = CARTESIAN_POINT ( 'NONE',  ( -18.01681837125380525, -7.694014604984493744, -0.1832705282174340589 ) ) ;
#5821 = CARTESIAN_POINT ( 'NONE',  ( 20.64096187183108810, -2.109549865667034396, -0.5848735394908451957 ) ) ;
#5822 = CARTESIAN_POINT ( 'NONE',  ( 9.964522287013465984, 17.12528153639069473, 0.08384375683555503334 ) ) ;
#5823 = ADVANCED_FACE ( 'NONE', ( #6715 ), #6449, .T. ) ;
#5824 = VERTEX_POINT ( 'NONE', #3118 ) ;
#5825 = DIRECTION ( 'NONE',  ( -1.000000000000000000, 0.000000000000000000, 0.000000000000000000 ) ) ;
#5826 = CARTESIAN_POINT ( 'NONE',  ( -20.53848984542445066, -2.954999363284999792, 1.633731880146235049 ) ) ;
#5827 = AXIS2_PLACEMENT_3D ( 'NONE', #4106, #59, #749 ) ;
#5828 = CARTESIAN_POINT ( 'NONE',  ( -10.03026978191000040, -22.00549082507000165, -0.9098204402924999767 ) ) ;
#5829 = CARTESIAN_POINT ( 'NONE',  ( 21.19669270782999959, -2.405006333196999968, 0.3236938625995999796 ) ) ;
#5830 = CARTESIAN_POINT ( 'NONE',  ( -20.68145177922362876, 1.672547964148170418, 1.616017167911139252 ) ) ;
#5831 = ORIENTED_EDGE ( 'NONE', *, *, #7184, .T. ) ;
#5832 = CARTESIAN_POINT ( 'NONE',  ( -12.16332626746135936, -20.59462969788540221, -0.01560723530122649916 ) ) ;
#5833 = DIRECTION ( 'NONE',  ( -0.03489949670250104552, 0.000000000000000000, 0.9993908270190956511 ) ) ;
#5834 = CYLINDRICAL_SURFACE ( 'NONE', #3307, 21.58000000000000540 ) ;
#5835 = EDGE_CURVE ( 'NONE', #8001, #6136, #6503, .T. ) ;
#5836 = FACE_OUTER_BOUND ( 'NONE', #1946, .T. ) ;
#5837 = CARTESIAN_POINT ( 'NONE',  ( 21.27582132154999783, 1.035534751678000021, -1.153555841713999941 ) ) ;
#5838 = CARTESIAN_POINT ( 'NONE',  ( -21.27587842233000259, -1.035968091912000011, -1.153531425830000012 ) ) ;
#5839 = CARTESIAN_POINT ( 'NONE',  ( 21.45920331934999936, 1.151524624029000021, -0.9478599894033998829 ) ) ;
#5840 = ORIENTED_EDGE ( 'NONE', *, *, #8481, .F. ) ;
#5841 = VECTOR ( 'NONE', #1678, 1000.000000000000000 ) ;
#5842 = DIRECTION ( 'NONE',  ( 0.000000000000000000, 0.000000000000000000, -1.000000000000000000 ) ) ;
#5843 = CARTESIAN_POINT ( 'NONE',  ( 20.66725788192383462, 1.832920279862435775, 1.508699830479381054 ) ) ;
#5844 = CARTESIAN_POINT ( 'NONE',  ( -15.89468202923165130, 6.566662966522149425, -2.066306154244998972 ) ) ;
#5845 = CARTESIAN_POINT ( 'NONE',  ( 21.19798112594000017, -2.389810844706000026, 0.1027067281540999938 ) ) ;
#5846 = VERTEX_POINT ( 'NONE', #4404 ) ;
#5847 = CARTESIAN_POINT ( 'NONE',  ( -10.02813971218315992, 20.76965839694410221, -3.754900548942365024 ) ) ;
#5848 = CARTESIAN_POINT ( 'NONE',  ( 10.00092465390540042, -19.20260967298735011, -3.504221499167190057 ) ) ;
#5849 = FACE_OUTER_BOUND ( 'NONE', #4817, .T. ) ;
#5850 = CARTESIAN_POINT ( 'NONE',  ( 18.27158423890573147, 9.837903668020263837, -1.706302647365935066 ) ) ;
#5851 = CARTESIAN_POINT ( 'NONE',  ( 19.99466759707999941, 7.380941290927999887, -0.8994408711893000508 ) ) ;
#5852 = CARTESIAN_POINT ( 'NONE',  ( -17.90099349113169325, 1.519909216320485257, -1.617336453761616166 ) ) ;
#5853 = EDGE_CURVE ( 'NONE', #1861, #434, #1891, .T. ) ;
#5854 = DIRECTION ( 'NONE',  ( 0.5946086390489088158, 0.3093934979380049688, -0.7421025736393117578 ) ) ;
#5855 = ORIENTED_EDGE ( 'NONE', *, *, #3527, .F. ) ;
#5856 = CARTESIAN_POINT ( 'NONE',  ( -10.60789669779000022, -21.06990594796000238, -2.068331160266999813 ) ) ;
#5857 = CARTESIAN_POINT ( 'NONE',  ( -16.72228985759868891, 4.114295988692950878, -2.066306154244998972 ) ) ;
#5858 = CARTESIAN_POINT ( 'NONE',  ( -11.17454714678000016, -21.41098042375999810, -0.4058549474792999545 ) ) ;
#5859 = CARTESIAN_POINT ( 'NONE',  ( 11.62259599579999936, -18.59403476381999809, -3.260460310228999958 ) ) ;
#5860 = DIRECTION ( 'NONE',  ( -2.305898832173195769E-05, -1.409520293864006259E-05, 0.9999999996348042375 ) ) ;
#5861 = CARTESIAN_POINT ( 'NONE',  ( 21.55284815061925840, 1.092060514818814054, -0.8463073877622321328 ) ) ;
#5862 = AXIS2_PLACEMENT_3D ( 'NONE', #7832, #5752, #8385 ) ;
#5863 = CARTESIAN_POINT ( 'NONE',  ( 13.71662204415812880, 13.84061152917089466, -0.3033815748593980954 ) ) ;
#5864 = CARTESIAN_POINT ( 'NONE',  ( 20.05809247783999893, 7.220469621760000400, 1.409299056057999877 ) ) ;
#5865 = CARTESIAN_POINT ( 'NONE',  ( -13.70336608491614072, -0.0001572755329626612146, 4.850970750756828487 ) ) ;
#5866 = CARTESIAN_POINT ( 'NONE',  ( 1.679999999989999937, 10.97907269765999949, -0.7499077161448999274 ) ) ;
#5867 = CARTESIAN_POINT ( 'NONE',  ( 20.61340258459924968, 2.367384208519218713, 0.7091552135833140147 ) ) ;
#5868 = CIRCLE ( 'NONE', #6113, 17.39991456012002402 ) ;
#5869 = ORIENTED_EDGE ( 'NONE', *, *, #494, .F. ) ;
#5870 = B_SPLINE_CURVE_WITH_KNOTS ( 'NONE', 3,
 ( #754, #2704, #1332, #7410, #8097, #726, #3343, #6817, #3399, #2068, #6070, #4134, #695, #2763, #4791, #7383, #96, #2674 ),
 .UNSPECIFIED., .F., .F.,
 ( 4, 2, 2, 2, 2, 2, 2, 2, 4 ),
 ( 0.000000000000000000, 0.1250000000000000000, 0.2500000000000000000, 0.3750000000000000000, 0.5000000000000000000, 0.6250000000000000000, 0.7500000000000000000, 0.8750000000000000000, 1.000000000000000000 ),
 .UNSPECIFIED. ) ;
#5871 = CARTESIAN_POINT ( 'NONE',  ( -21.55641440071000403, 1.138256445197999955, -0.8400895894105999684 ) ) ;
#5872 = CARTESIAN_POINT ( 'NONE',  ( -18.65078392898082527, -9.195387532136299669, 4.523749079003891893 ) ) ;
#5873 = CARTESIAN_POINT ( 'NONE',  ( 17.90290169245762186, 1.544947841655982090, -1.615452761066888288 ) ) ;
#5874 = CARTESIAN_POINT ( 'NONE',  ( 20.59550975877743539, 2.504082760372600802, 0.6361457693685631520 ) ) ;
#5875 = CARTESIAN_POINT ( 'NONE',  ( -17.95095247465761190, -7.730047770840855925, -0.2368810620935966893 ) ) ;
#5876 = CARTESIAN_POINT ( 'NONE',  ( 11.19987252092999874, 21.28990594796000124, -2.788331160267000008 ) ) ;
#5877 = CARTESIAN_POINT ( 'NONE',  ( 19.67702666738999895, 8.154933304091001034, 1.803693929031999987 ) ) ;
#5878 = CARTESIAN_POINT ( 'NONE',  ( -10.00092465388424046, -19.20260967088714921, -3.504221498009965075 ) ) ;
#5879 = FACE_OUTER_BOUND ( 'NONE', #4748, .T. ) ;
#5880 = ORIENTED_EDGE ( 'NONE', *, *, #513, .T. ) ;
#5881 = CARTESIAN_POINT ( 'NONE',  ( -20.68120873292815176, -1.698659536943365245, -1.011898732565661652 ) ) ;
#5882 = CARTESIAN_POINT ( 'NONE',  ( -10.00500631641354232, 19.44461002764813529, -3.639357935866170290 ) ) ;
#5883 = CARTESIAN_POINT ( 'NONE',  ( -10.03333673790000091, -22.10171383946000034, -2.034813241134999728 ) ) ;
#5884 = CARTESIAN_POINT ( 'NONE',  ( 21.27986598576000077, -0.9249999999661000505, -1.156306155109999789 ) ) ;
#5885 =( LENGTH_UNIT ( ) NAMED_UNIT ( * ) SI_UNIT ( .MILLI., .METRE. ) );
#5886 = EDGE_LOOP ( 'NONE', ( #8436, #6013, #2108, #2309 ) ) ;
#5887 = CARTESIAN_POINT ( 'NONE',  ( 21.55958324985000019, 0.9371523091433999753, -0.8463061541712000313 ) ) ;
#5888 = CARTESIAN_POINT ( 'NONE',  ( 14.31537897165864770, 13.69183581835224217, 0.08369384575454007213 ) ) ;
#5889 = CARTESIAN_POINT ( 'NONE',  ( 19.99457572033000119, 7.382082551374000268, 1.547575728164000131 ) ) ;
#5890 = CARTESIAN_POINT ( 'NONE',  ( -21.19664973181999912, 2.405006333912000027, 0.3236938352879000225 ) ) ;
#5891 = CARTESIAN_POINT ( 'NONE',  ( 18.39626106933509675, 9.598962713334930896, -1.706307364045170027 ) ) ;
#5892 = VERTEX_POINT ( 'NONE', #6422 ) ;
#5893 = CARTESIAN_POINT ( 'NONE',  ( 11.86491189626999976, 20.99127702144999930, -3.067001939189999860 ) ) ;
#5894 = CARTESIAN_POINT ( 'NONE',  ( -20.53848984542445066, -2.954999363284999792, 1.633731880146235049 ) ) ;
#5895 = DIRECTION ( 'NONE',  ( 1.000000000000000000, -0.000000000000000000, 0.000000000000000000 ) ) ;
#5896 = CARTESIAN_POINT ( 'NONE',  ( 12.86900243396332399, 16.00254718898486317, 1.162654904475706630 ) ) ;
#5897 = CARTESIAN_POINT ( 'NONE',  ( -21.53226210773999938, 1.546661457519000082, -0.7348144867413000103 ) ) ;
#5898 = ORIENTED_EDGE ( 'NONE', *, *, #2149, .T. ) ;
#5899 = CARTESIAN_POINT ( 'NONE',  ( 0.0001135469372636546817, -13.70344190704132181, 4.850958513841153952 ) ) ;
#5900 = CARTESIAN_POINT ( 'NONE',  ( -10.03749910602829942, -21.30607164643510032, -0.02725726599708559739 ) ) ;
#5901 = B_SPLINE_CURVE_WITH_KNOTS ( 'NONE', 3,
 ( #5155, #363, #5813, #1101, #5101, #3062, #5128, #1688, #3008, #1776, #3734, #8498, #998, #6501, #1076, #6451, #5723, #3120 ),
 .UNSPECIFIED., .F., .F.,
 ( 4, 2, 2, 2, 2, 2, 2, 2, 4 ),
 ( 0.000000000000000000, 0.1250000000000000555, 0.2500000000000001110, 0.3750000000000000555, 0.5000000000000000000, 0.6249999999999998890, 0.7499999999999998890, 0.8749999999999998890, 1.000000000000000000 ),
 .UNSPECIFIED. ) ;
#5902 = CARTESIAN_POINT ( 'NONE',  ( 18.19575535358999829, 11.13539318908999931, 0.4344399196659000095 ) ) ;
#5903 = CARTESIAN_POINT ( 'NONE',  ( -17.93181444908727684, -7.743433431001211176, -0.2509375278217179095 ) ) ;
#5904 = CARTESIAN_POINT ( 'NONE',  ( -12.80010898946681941, 14.61395590564976921, -0.3678180936728914219 ) ) ;
#5905 = ORIENTED_EDGE ( 'NONE', *, *, #3296, .F. ) ;
#5906 = CARTESIAN_POINT ( 'NONE',  ( 19.68216519834365030, 6.565553902915042706, 0.7082744951417931922 ) ) ;
#5907 = CARTESIAN_POINT ( 'NONE',  ( -20.08634546069084337, -5.380113294862987061, 3.633693845754844443 ) ) ;
#5908 = CARTESIAN_POINT ( 'NONE',  ( 10.04168292710675203, 21.54581164674075566, -3.225965313865481132 ) ) ;
#5909 = VERTEX_POINT ( 'NONE', #392 ) ;
#5910 = CARTESIAN_POINT ( 'NONE',  ( 12.11142609847000173, -20.64769123761999836, -0.03791630684570999194 ) ) ;
#5911 = EDGE_CURVE ( 'NONE', #2632, #4139, #7339, .T. ) ;
#5912 = CARTESIAN_POINT ( 'NONE',  ( 20.61624367650273015, 2.716135067105135636, 4.523749079003891893 ) ) ;
#5913 = ORIENTED_EDGE ( 'NONE', *, *, #2515, .T. ) ;
#5914 = CARTESIAN_POINT ( 'NONE',  ( 18.30409427546046430, -9.772148927765947235, 1.803779539259946496 ) ) ;
#5915 = CARTESIAN_POINT ( 'NONE',  ( -20.71979834194578274, 1.120878474746126896, 1.803828804003837494 ) ) ;
#5916 = CARTESIAN_POINT ( 'NONE',  ( 18.39629175039620179, -9.598902194449372871, -1.206312348357676978 ) ) ;
#5917 = CLOSED_SHELL ( 'NONE', ( #5456, #90, #6959, #6857, #716, #5735, #897, #806, #2843, #4827, #2121, #7565, #600, #8317, #6473, #1724, #2268, #3690, #233, #7558, #5112, #139, #5547, #7360, #89, #2637, #5147, #1768, #2803, #893, #1682, #3451, #6510, #8684, #8146, #7516, #179, #3507, #8320, #5348, #2898, #2120, #2394, #8452, #6901, #7751, #8489, #4250, #809, #7166, #8279, #6348, #3545, #2755, #7843, #6124, #6294, #5641, #4679, #8367, #5588, #1031, #2215, #3297, #7476, #2164, #2444, #4974, #1463, #4921, #2891, #3956, #768, #4253, #8407, #1959, #7612, #6434, #5823, #4005, #1916, #3073, #4113, #2842, #1110, #950, #5635, #4634, #6385, #1408, #5065, #1499, #8190, #8272, #406, #6660, #1641, #7610, #2359, #6166, #6008, #3643, #6954, #1498, #3728, #3409, #272, #3028, #4874, #2076, #3768, #7657, #5498, #4205, #6258, #850, #8032, #4877, #3601, #6810, #3159, #4784, #7319, #2216, #4296, #42, #7082, #1257, #6160, #7793, #3548, #5684, #2796, #4155, #3805, #6898, #3449, #4302, #7663, #3500, #5771, #1592, #4211, #2992, #133, #4927, #355, #445, #2169, #4833, #5500, #7517, #855, #4430, #8230, #7001, #6205, #7709, #1551, #3112, #8184, #1593, #1298, #4477, #8228, #1457, #989, #4389, #7124, #5587, #2942, #7041 ) ) ;
#5918 = CARTESIAN_POINT ( 'NONE',  ( 13.75042266825358972, 13.78979818079640829, -0.3169746370064451813 ) ) ;
#5919 = CARTESIAN_POINT ( 'NONE',  ( 18.55111536057999899, -10.49010156880999922, -0.9583922263726000201 ) ) ;
#5920 = CARTESIAN_POINT ( 'NONE',  ( 21.37174335799000247, 0.9002284121082000379, -1.055401115146000102 ) ) ;
#5921 = VERTEX_POINT ( 'NONE', #7857 ) ;
#5922 = CARTESIAN_POINT ( 'NONE',  ( 11.87417970085999919, 21.57583363615000138, -2.023646084344000062 ) ) ;
#5923 = AXIS2_PLACEMENT_3D ( 'NONE', #8573, #7250, #6553 ) ;
#5924 = DIRECTION ( 'NONE',  ( -1.000000000000000000, 0.000000000000000000, 0.000000000000000000 ) ) ;
#5925 = ORIENTED_EDGE ( 'NONE', *, *, #2224, .F. ) ;
#5926 = CARTESIAN_POINT ( 'NONE',  ( -1.300000000000000044, 12.34999999999999964, -2.066306154244998528 ) ) ;
#5927 = B_SPLINE_CURVE_WITH_KNOTS ( 'NONE', 3,
 ( #1689, #7802, #4379, #5692 ),
 .UNSPECIFIED., .F., .F.,
 ( 4, 4 ),
 ( 0.000000000000000000, 1.000000000000000000 ),
 .UNSPECIFIED. ) ;
#5928 = CARTESIAN_POINT ( 'NONE',  ( 21.27144510341000228, -1.146305409279999798, -1.141069448686999888 ) ) ;
#5929 = CARTESIAN_POINT ( 'NONE',  ( -11.01555826501250124, 17.62404488104176536, 1.633709729026999957 ) ) ;
#5930 = CARTESIAN_POINT ( 'NONE',  ( 18.48395900380316803, 2.351307064863251473, -1.126152187105799563 ) ) ;
#5931 = CARTESIAN_POINT ( 'NONE',  ( -12.13110956056229206, -20.76746336692908912, -0.1152258690417419795 ) ) ;
#5932 = CARTESIAN_POINT ( 'NONE',  ( -11.51702829442000109, -18.25481890717000155, -3.095587772909999646 ) ) ;
#5933 = CARTESIAN_POINT ( 'NONE',  ( 19.32161980222140585, 7.562837441078982259, 1.765577875754081871 ) ) ;
#5934 = CARTESIAN_POINT ( 'NONE',  ( 1.299999999999981837, 14.40000000000000568, -2.066306154244998528 ) ) ;
#5935 = ORIENTED_EDGE ( 'NONE', *, *, #2393, .T. ) ;
#5936 = VECTOR ( 'NONE', #2058, 1000.000000000000000 ) ;
#5937 = CARTESIAN_POINT ( 'NONE',  ( 10.04816559819115263, 21.91720362443113146, -0.7373196679026653433 ) ) ;
#5938 = CARTESIAN_POINT ( 'NONE',  ( 12.29003879070845784, 19.90902790364384956, 0.3551177803110626141 ) ) ;
#5939 = AXIS2_PLACEMENT_3D ( 'NONE', #8459, #5860, #4545 ) ;
#5940 = CARTESIAN_POINT ( 'NONE',  ( 5.380113296564553060, 20.08634546023309042, 4.523749079003891005 ) ) ;
#5941 = CARTESIAN_POINT ( 'NONE',  ( -10.04816559819108690, -21.91720362442700676, -0.7373196678920591607 ) ) ;
#5942 = CARTESIAN_POINT ( 'NONE',  ( 12.39762305644911855, 16.31202407441119817, -2.447087005609784871 ) ) ;
#5943 = CARTESIAN_POINT ( 'NONE',  ( 12.14796861721304033, 18.22675759074084922, -3.101750202811684787 ) ) ;
#5944 = VERTEX_POINT ( 'NONE', #8413 ) ;
#5945 = CIRCLE ( 'NONE', #8447, 7.746253394606998910 ) ;
#5946 = EDGE_CURVE ( 'NONE', #4348, #3215, #5418, .T. ) ;
#5947 = CARTESIAN_POINT ( 'NONE',  ( 13.69565254009352451, 14.20825769677837336, -0.01187060161425340134 ) ) ;
#5948 = DIRECTION ( 'NONE',  ( -0.4226182617407191477, 0.9063077870366408328, 0.000000000000000000 ) ) ;
#5949 = ORIENTED_EDGE ( 'NONE', *, *, #8598, .T. ) ;
#5950 = CARTESIAN_POINT ( 'NONE',  ( 16.99455994373894185, 6.068584263208992802, -1.565082631058757778 ) ) ;
#5951 = CARTESIAN_POINT ( 'NONE',  ( 20.78990871783999950, -0.9250000000000000444, 0.3236938457535999958 ) ) ;
#5952 = FACE_OUTER_BOUND ( 'NONE', #7053, .T. ) ;
#5953 = CARTESIAN_POINT ( 'NONE',  ( -21.43509096098999933, 1.597136650197000129, 1.481375467551000025 ) ) ;
#5954 = CARTESIAN_POINT ( 'NONE',  ( -6.834378296207510139, -19.66893392434289467, 1.633722306812762648 ) ) ;
#5955 = B_SPLINE_CURVE_WITH_KNOTS ( 'NONE', 3,
 ( #19, #3383, #5433, #6720, #3440, #6750, #1964, #672, #6082, #3328 ),
 .UNSPECIFIED., .F., .F.,
 ( 4, 2, 2, 2, 4 ),
 ( 0.000000000000000000, 0.001183521906248548089, 0.002367043812497096177, 0.003550565718745644049, 0.004734087624994192355 ),
 .UNSPECIFIED. ) ;
#5956 = CARTESIAN_POINT ( 'NONE',  ( -12.16332626746135936, -20.59462969788540221, -0.01560723530122649916 ) ) ;
#5957 = CARTESIAN_POINT ( 'NONE',  ( -11.97777398013000116, -18.02485803043999724, -3.004334752933000452 ) ) ;
#5958 = CARTESIAN_POINT ( 'NONE',  ( -21.20218243407000358, -2.264243357281999991, 1.116601419326999745 ) ) ;
#5959 = ORIENTED_EDGE ( 'NONE', *, *, #6010, .F. ) ;
#5960 = EDGE_CURVE ( 'NONE', #6858, #5035, #1744, .T. ) ;
#5961 = CARTESIAN_POINT ( 'NONE',  ( 19.45049731825469053, 7.224214263010785508, 1.615911026230727465 ) ) ;
#5962 = EDGE_CURVE ( 'NONE', #7259, #1840, #7320, .T. ) ;
#5963 = CARTESIAN_POINT ( 'NONE',  ( -20.78989926753000361, 0.9250000000000000444, 0.3236938457535999958 ) ) ;
#5964 = DIRECTION ( 'NONE',  ( -1.000000000000000000, 0.000000000000000000, 0.000000000000000000 ) ) ;
#5965 = CARTESIAN_POINT ( 'NONE',  ( 10.05164993961947673, 22.11682141116821043, -1.844561363865244275 ) ) ;
#5966 = ORIENTED_EDGE ( 'NONE', *, *, #5237, .F. ) ;
#5967 = CARTESIAN_POINT ( 'NONE',  ( -12.23174760673999906, -20.60951388716999944, -0.03861136900930999677 ) ) ;
#5968 = CARTESIAN_POINT ( 'NONE',  ( -10.05178969209362450, -22.12482782505015066, -1.652834415307053328 ) ) ;
#5969 = CARTESIAN_POINT ( 'NONE',  ( 12.14796861721304033, 18.22675759074084922, -3.101750202811684787 ) ) ;
#5970 = EDGE_CURVE ( 'NONE', #1292, #2546, #1320, .T. ) ;
#5971 = EDGE_CURVE ( 'NONE', #3111, #8017, #4531, .T. ) ;
#5972 = LINE ( 'NONE', #1749, #5650 ) ;
#5973 = CARTESIAN_POINT ( 'NONE',  ( -21.26647198292000240, -1.254462216779999917, 1.767973675836000069 ) ) ;
#5974 = ORIENTED_EDGE ( 'NONE', *, *, #2566, .T. ) ;
#5975 = DIRECTION ( 'NONE',  ( -0.000000000000000000, -0.000000000000000000, 1.000000000000000000 ) ) ;
#5976 = DIRECTION ( 'NONE',  ( 0.000000000000000000, 0.000000000000000000, -1.000000000000000000 ) ) ;
#5977 = CARTESIAN_POINT ( 'NONE',  ( 11.94719288141000035, 21.56417269631000266, -1.223705578683000006 ) ) ;
#5978 = CARTESIAN_POINT ( 'NONE',  ( 20.71666666666646250, -1.404648443230651472E-09, 3.600360512421866055 ) ) ;
#5979 = CARTESIAN_POINT ( 'NONE',  ( -20.75000000000000000, -0.3084671805328094707, -1.206334964443000146 ) ) ;
#5980 = CIRCLE ( 'NONE', #8134, 0.4000000000000005773 ) ;
#5981 = B_SPLINE_CURVE_WITH_KNOTS ( 'NONE', 3,
 ( #4803, #6827, #75, #883, #2137, #2830, #3322, #6957, #137, #4240, #5487, #8162, #2203, #2167, #1429, #201, #6164, #4925 ),
 .UNSPECIFIED., .F., .F.,
 ( 4, 2, 2, 2, 2, 2, 2, 2, 4 ),
 ( 0.000000000000000000, 0.1249999999999999445, 0.2499999999999998890, 0.3749999999999999445, 0.5000000000000000000, 0.6250000000000000000, 0.7500000000000001110, 0.8750000000000000000, 1.000000000000000000 ),
 .UNSPECIFIED. ) ;
#5982 = ORIENTED_EDGE ( 'NONE', *, *, #1585, .T. ) ;
#5983 = CARTESIAN_POINT ( 'NONE',  ( 10.66897813854275689, 20.48964302900914447, -3.680487101175490494 ) ) ;
#5984 = CARTESIAN_POINT ( 'NONE',  ( 21.24092368187000091, -1.694731861318999888, -1.030226648046999927 ) ) ;
#5985 = CARTESIAN_POINT ( 'NONE',  ( 20.68121058567371762, 1.502523676704636379, 0.01171005968135389354 ) ) ;
#5986 = CARTESIAN_POINT ( 'NONE',  ( -12.02141263220999967, -12.60706441638999920, -2.069948275567000007 ) ) ;
#5987 = CARTESIAN_POINT ( 'NONE',  ( 19.51552450719587029, 7.050788596540360054, 1.540921365553459710 ) ) ;
#5988 = DIRECTION ( 'NONE',  ( 0.000000000000000000, 1.000000000000000000, 0.000000000000000000 ) ) ;
#5989 = CARTESIAN_POINT ( 'NONE',  ( -20.59550994378863464, 2.504074418470611185, 0.01128732578891269815 ) ) ;
#5990 = CARTESIAN_POINT ( 'NONE',  ( -18.37039420032801473, -7.795012621715494028, 0.2777872939822968457 ) ) ;
#5991 = LINE ( 'NONE', #8451, #7544 ) ;
#5992 = CARTESIAN_POINT ( 'NONE',  ( -19.69021667079461579, -6.685974909385961951, 3.633693845754851992 ) ) ;
#5993 = ORIENTED_EDGE ( 'NONE', *, *, #2224, .T. ) ;
#5994 = CARTESIAN_POINT ( 'NONE',  ( -12.36083515432749458, 19.51750109074173878, 0.5347621814494014636 ) ) ;
#5995 = CARTESIAN_POINT ( 'NONE',  ( 11.50227028751000091, -17.27028336843999767, 1.645329105053999985 ) ) ;
#5996 = CARTESIAN_POINT ( 'NONE',  ( -9.918741819238396928, -14.50252029411776888, -2.065263263065348021 ) ) ;
#5997 = CARTESIAN_POINT ( 'NONE',  ( 18.39410952680808720, -9.597961708964607652, 1.803647597835059235 ) ) ;
#5998 = CARTESIAN_POINT ( 'NONE',  ( 17.63632295197295363, 10.93263978816999682, 0.5282952722894348474 ) ) ;
#5999 = CIRCLE ( 'NONE', #7903, 1.235464736641000316 ) ;
#6000 = ORIENTED_EDGE ( 'NONE', *, *, #5004, .T. ) ;
#6001 = AXIS2_PLACEMENT_3D ( 'NONE', #3997, #1331, #5369 ) ;
#6002 = ORIENTED_EDGE ( 'NONE', *, *, #5796, .T. ) ;
#6003 = CARTESIAN_POINT ( 'NONE',  ( 18.46458916414999862, -10.65031691508000122, 1.481568930845999832 ) ) ;
#6004 = CARTESIAN_POINT ( 'NONE',  ( 19.32814168456732062, -7.551227261486271658, -1.167212468152535543 ) ) ;
#6005 = CARTESIAN_POINT ( 'NONE',  ( 10.01592089730214141, -20.06990594796000238, -2.068331160266999813 ) ) ;
#6006 = ORIENTED_EDGE ( 'NONE', *, *, #8624, .T. ) ;
#6007 = CARTESIAN_POINT ( 'NONE',  ( -11.87999978070862284, 20.61247829029117185, -3.324429891587210584 ) ) ;
#6008 = ADVANCED_FACE ( 'NONE', ( #1954 ), #5078, .T. ) ;
#6009 = ORIENTED_EDGE ( 'NONE', *, *, #4129, .F. ) ;
#6010 = EDGE_CURVE ( 'NONE', #2210, #3606, #3876, .T. ) ;
#6011 = CARTESIAN_POINT ( 'NONE',  ( 13.44471946638999960, 13.43056186342000125, 0.08369384575500000978 ) ) ;
#6012 = CARTESIAN_POINT ( 'NONE',  ( 21.56626975441000127, -0.9129434116159000911, 1.487287280074999885 ) ) ;
#6013 = ORIENTED_EDGE ( 'NONE', *, *, #4423, .T. ) ;
#6014 = B_SPLINE_CURVE_WITH_KNOTS ( 'NONE', 3,
 ( #4157, #747, #2037, #839, #2785, #7546, #30, #5559, #120 ),
 .UNSPECIFIED., .F., .F.,
 ( 4, 1, 2, 2, 4 ),
 ( 0.000000000000000000, 0.2499999999999989453, 0.3750000000000001665, 0.5000000000000014433, 1.000000000000000000 ),
 .UNSPECIFIED. ) ;
#6015 = CARTESIAN_POINT ( 'NONE',  ( 17.81522599638666549, 10.63553083830171531, 1.231815938325165449 ) ) ;
#6016 = CARTESIAN_POINT ( 'NONE',  ( -21.27501458843000037, -0.8783863449727000727, -1.162662499735999999 ) ) ;
#6017 = ORIENTED_EDGE ( 'NONE', *, *, #701, .T. ) ;
#6018 = CARTESIAN_POINT ( 'NONE',  ( -0.0005848883622485000645, -0.0003575230830042999924, 4.851286720206000602 ) ) ;
#6019 = CARTESIAN_POINT ( 'NONE',  ( -18.39637763647096236, -8.087453319099614291, 0.4753459512259866626 ) ) ;
#6020 = VERTEX_POINT ( 'NONE', #3542 ) ;
#6021 = CARTESIAN_POINT ( 'NONE',  ( 21.27984733207000190, 0.9249912501913999385, -1.156306236724000236 ) ) ;
#6022 = DIRECTION ( 'NONE',  ( 1.000000000000000000, 0.000000000000000000, 0.000000000000000000 ) ) ;
#6023 = CARTESIAN_POINT ( 'NONE',  ( 9.988897755234999565, -20.51400111915999958, 0.5579193103947999166 ) ) ;
#6024 = EDGE_LOOP ( 'NONE', ( #3886, #503, #3854, #6349, #7706, #5342 ) ) ;
#6025 = EDGE_CURVE ( 'NONE', #7272, #4223, #3665, .T. ) ;
#6026 = CARTESIAN_POINT ( 'NONE',  ( 10.39887648863373215, 18.00750567973915750, 4.523749079003893669 ) ) ;
#6027 = CARTESIAN_POINT ( 'NONE',  ( -12.13378800557706327, -18.32924122938058886, -3.147466057831286523 ) ) ;
#6028 = CARTESIAN_POINT ( 'NONE',  ( -12.19949554136000103, -20.89916036435999658, 0.6884317472633000312 ) ) ;
#6029 = ORIENTED_EDGE ( 'NONE', *, *, #6816, .T. ) ;
#6030 = CARTESIAN_POINT ( 'NONE',  ( 16.66796948926580058, -11.03286157639150034, 0.3237863076832830367 ) ) ;
#6031 = CARTESIAN_POINT ( 'NONE',  ( 18.19551771993000244, -11.13531833707000018, 0.4342230274457000161 ) ) ;
#6032 = ORIENTED_EDGE ( 'NONE', *, *, #3588, .T. ) ;
#6033 = CARTESIAN_POINT ( 'NONE',  ( 11.10069839364000011, 21.80184527808999917, -1.243456543797999858 ) ) ;
#6034 = AXIS2_PLACEMENT_3D ( 'NONE', #8645, #4078, #6097 ) ;
#6035 = DIRECTION ( 'NONE',  ( -1.000000000000000000, 0.000000000000000000, 0.000000000000000000 ) ) ;
#6036 = B_SPLINE_CURVE_WITH_KNOTS ( 'NONE', 3,
 ( #978, #5702, #2927, #1639 ),
 .UNSPECIFIED., .F., .F.,
 ( 4, 4 ),
 ( 0.000000000000000000, 1.000000000000000000 ),
 .UNSPECIFIED. ) ;
#6037 = ORIENTED_EDGE ( 'NONE', *, *, #2485, .F. ) ;
#6038 = CARTESIAN_POINT ( 'NONE',  ( 0.0001725018308155440005, -20.74999435075629961, 1.633721018861459928 ) ) ;
#6039 =( NAMED_UNIT ( * ) SI_UNIT ( $, .STERADIAN. ) SOLID_ANGLE_UNIT ( ) );
#6040 = CARTESIAN_POINT ( 'NONE',  ( -10.77060534521000079, -18.61504379959000133, -3.237376730084999821 ) ) ;
#6041 = FACE_OUTER_BOUND ( 'NONE', #2840, .T. ) ;
#6042 = CARTESIAN_POINT ( 'NONE',  ( 12.14254023067155863, 18.26595138913548766, -3.119222268717146029 ) ) ;
#6043 = CARTESIAN_POINT ( 'NONE',  ( 9.910045494192710080, 14.04777557890004047, -2.066184245846950152 ) ) ;
#6044 = CARTESIAN_POINT ( 'NONE',  ( -18.35374394476462356, -8.197619112509492822, 0.4837136882233525337 ) ) ;
#6045 = CARTESIAN_POINT ( 'NONE',  ( 11.74192750179999933, -20.22540306672000199, -3.540784962669000002 ) ) ;
#6046 = VERTEX_POINT ( 'NONE', #5386 ) ;
#6047 = FACE_OUTER_BOUND ( 'NONE', #761, .T. ) ;
#6048 = AXIS2_PLACEMENT_3D ( 'NONE', #2990, #5672, #8365 ) ;
#6049 = DIRECTION ( 'NONE',  ( 0.000000000000000000, -1.257674520083184538E-12, 1.000000000000000000 ) ) ;
#6050 = CARTESIAN_POINT ( 'NONE',  ( -12.13892653411499900, -18.29207677784306085, -3.130880284569770300 ) ) ;
#6051 = CARTESIAN_POINT ( 'NONE',  ( 17.90612795155018944, 10.48513904655518836, 1.476699277696079005 ) ) ;
#6052 = CARTESIAN_POINT ( 'NONE',  ( 11.85701425609449089, -21.52399157087309334, -2.219269538093657346 ) ) ;
#6053 = ORIENTED_EDGE ( 'NONE', *, *, #10, .T. ) ;
#6054 = CARTESIAN_POINT ( 'NONE',  ( -21.27986630500999610, -0.9249911678793000247, 1.803693848021999946 ) ) ;
#6055 = CARTESIAN_POINT ( 'NONE',  ( -10.35113114985639449, 20.62984305453086975, -3.717124564299589373 ) ) ;
#6056 = CARTESIAN_POINT ( 'NONE',  ( -12.31454707560999928, 17.15911370437000016, -2.665431583519000114 ) ) ;
#6057 = CARTESIAN_POINT ( 'NONE',  ( -1.300000000000000044, 12.34999999999999964, -1.496306154244998909 ) ) ;
#6058 = DIRECTION ( 'NONE',  ( 0.9135454576426007556, 0.4067366430758003748, 0.000000000000000000 ) ) ;
#6059 = CARTESIAN_POINT ( 'NONE',  ( -11.84982899034737258, 21.24625092502604318, -2.758761891234625896 ) ) ;
#6060 = CARTESIAN_POINT ( 'NONE',  ( 10.01293285488004337, -19.89872111224716278, -3.807234100622184148 ) ) ;
#6061 = ORIENTED_EDGE ( 'NONE', *, *, #419, .T. ) ;
#6062 = CARTESIAN_POINT ( 'NONE',  ( 21.55279491515161894, -1.093791706701572108, -0.8463061542403002013 ) ) ;
#6063 = CARTESIAN_POINT ( 'NONE',  ( 11.93853199940901888, 19.91177410060315012, -3.538182448970395022 ) ) ;
#6064 = VECTOR ( 'NONE', #3204, 1000.000000000000114 ) ;
#6065 = CARTESIAN_POINT ( 'NONE',  ( 21.43512265336999789, -1.597131897472000128, -0.8339882087544999711 ) ) ;
#6066 = B_SPLINE_CURVE_WITH_KNOTS ( 'NONE', 3,
 ( #3652, #4327, #286, #1633, #7718, #8390, #5045, #418, #384 ),
 .UNSPECIFIED., .F., .F.,
 ( 4, 1, 2, 2, 4 ),
 ( 0.000000000000000000, 0.2499999999999991118, 0.3749999999999993894, 0.4999999999999996669, 1.000000000000000000 ),
 .UNSPECIFIED. ) ;
#6067 =( NAMED_UNIT ( * ) PLANE_ANGLE_UNIT ( ) SI_UNIT ( $, .RADIAN. ) );
#6068 = DIRECTION ( 'NONE',  ( 0.000000000000000000, 0.000000000000000000, -1.000000000000000000 ) ) ;
#6069 = EDGE_CURVE ( 'NONE', #243, #708, #1386, .T. ) ;
#6070 = CARTESIAN_POINT ( 'NONE',  ( 18.58181720701050921, 10.97328956769367991, 0.6292163961496759494 ) ) ;
#6071 = EDGE_CURVE ( 'NONE', #2776, #5921, #2696, .T. ) ;
#6072 = DIRECTION ( 'NONE',  ( -1.000000000000000000, 0.000000000000000000, 0.000000000000000000 ) ) ;
#6073 = ORIENTED_EDGE ( 'NONE', *, *, #2907, .F. ) ;
#6074 = EDGE_CURVE ( 'NONE', #8221, #7200, #5557, .T. ) ;
#6075 = CARTESIAN_POINT ( 'NONE',  ( -10.60789665169000173, 21.06990594796000238, -2.068331160266999813 ) ) ;
#6076 = CARTESIAN_POINT ( 'NONE',  ( 10.01373162852000220, -20.99158107132000239, -3.689144165934999720 ) ) ;
#6077 = CARTESIAN_POINT ( 'NONE',  ( -18.83242254199416621, -2.623813372600744209, -0.7886242402891227021 ) ) ;
#6078 = CARTESIAN_POINT ( 'NONE',  ( -21.54207555526999940, -1.229999999999999982, 1.803693845753999936 ) ) ;
#6079 = DIRECTION ( 'NONE',  ( -0.000000000000000000, -0.000000000000000000, -1.000000000000000000 ) ) ;
#6080 = LINE ( 'NONE', #7715, #8282 ) ;
#6081 = ORIENTED_EDGE ( 'NONE', *, *, #6408, .T. ) ;
#6082 = CARTESIAN_POINT ( 'NONE',  ( 12.22636606340605958, -20.25663042395243352, 0.1795610246660170606 ) ) ;
#6083 = AXIS2_PLACEMENT_3D ( 'NONE', #8495, #1046, #5778 ) ;
#6084 = CARTESIAN_POINT ( 'NONE',  ( 17.17188676240768075, -11.26786405280501668, 1.171899343956145589 ) ) ;
#6085 = CARTESIAN_POINT ( 'NONE',  ( 18.69410830938000245, -10.21949113602999937, 1.739256731613999962 ) ) ;
#6086 = FACE_BOUND ( 'NONE', #2001, .T. ) ;
#6087 = ORIENTED_EDGE ( 'NONE', *, *, #7707, .F. ) ;
#6088 = CARTESIAN_POINT ( 'NONE',  ( 20.22599126316999829, 6.780953771672000308, 0.4342709752951000035 ) ) ;
#6089 = CARTESIAN_POINT ( 'NONE',  ( 11.64065072628000053, 21.26186879503999805, -0.3957310599348999869 ) ) ;
#6090 = CARTESIAN_POINT ( 'NONE',  ( -11.88281548134735743, 21.59983217462940530, -1.762725923772476611 ) ) ;
#6091 = DIRECTION ( 'NONE',  ( 0.9063108507381201218, -0.4226116915495095050, 8.498778507967189987E-08 ) ) ;
#6092 = B_SPLINE_CURVE_WITH_KNOTS ( 'NONE', 3,
 ( #7047, #2934, #352, #6442, #5767, #3109, #7132, #7906, #5235, #8543, #5206, #5801, #3861, #4515, #7191, #2455, #8487, #7876 ),
 .UNSPECIFIED., .F., .F.,
 ( 4, 2, 2, 2, 2, 2, 2, 2, 4 ),
 ( 0.000000000000000000, 0.06250000000000002776, 0.1250000000000000278, 0.1875000000000000278, 0.2500000000000000000, 0.3125000000000000000, 0.3750000000000000555, 0.4375000000000000555, 0.5000000000000000000 ),
 .UNSPECIFIED. ) ;
#6093 = CYLINDRICAL_SURFACE ( 'NONE', #8350, 1.479999999999999982 ) ;
#6094 = CARTESIAN_POINT ( 'NONE',  ( 12.14789929972000060, 18.37055153065000113, -3.166058873779999949 ) ) ;
#6095 = CARTESIAN_POINT ( 'NONE',  ( -10.25702197688000084, -19.08945209314000024, -3.457705669462000309 ) ) ;
#6096 = EDGE_LOOP ( 'NONE', ( #2881, #951, #4676, #7739 ) ) ;
#6097 = DIRECTION ( 'NONE',  ( 1.000000000000000000, 0.000000000000000000, 0.000000000000000000 ) ) ;
#6098 = APPLICATION_PROTOCOL_DEFINITION ( 'draft international standard', 'automotive_design', 1998, #6 ) ;
#6099 = CARTESIAN_POINT ( 'NONE',  ( 17.74429403483390288, -10.75665288885004856, 1.095678518617976938 ) ) ;
#6100 = CARTESIAN_POINT ( 'NONE',  ( -11.72311368693144829, 20.74020709172202359, -0.01616393647325092484 ) ) ;
#6101 = EDGE_CURVE ( 'NONE', #786, #8138, #3441, .T. ) ;
#6102 = CARTESIAN_POINT ( 'NONE',  ( -21.37222205866999758, -0.8858955258920999665, 1.702307695444999824 ) ) ;
#6103 = CYLINDRICAL_SURFACE ( 'NONE', #6253, 0.5000000000000004441 ) ;
#6104 = CARTESIAN_POINT ( 'NONE',  ( -20.62506877782390191, 2.504247284960664288, 1.884146038666022482 ) ) ;
#6105 = CARTESIAN_POINT ( 'NONE',  ( -4.889014999989000580E-05, -0.0002174092057738999861, 1.803693873131000158 ) ) ;
#6106 = CARTESIAN_POINT ( 'NONE',  ( 11.04373659804999974, -21.29992928292000087, -3.068238428328999845 ) ) ;
#6107 = VERTEX_POINT ( 'NONE', #83 ) ;
#6108 = CARTESIAN_POINT ( 'NONE',  ( -18.44962934999361082, -2.315013785062388862, -1.156212622500478293 ) ) ;
#6109 = VERTEX_POINT ( 'NONE', #4217 ) ;
#6110 = CARTESIAN_POINT ( 'NONE',  ( 19.17806198873979895, -7.922399455555648728, 1.853682258614105294 ) ) ;
#6111 = CARTESIAN_POINT ( 'NONE',  ( 11.95362661801463844, -21.50482570949541739, -1.031563852806861359 ) ) ;
#6112 = ORIENTED_EDGE ( 'NONE', *, *, #4436, .F. ) ;
#6113 = AXIS2_PLACEMENT_3D ( 'NONE', #1362, #2010, #2671 ) ;
#6114 = ORIENTED_EDGE ( 'NONE', *, *, #5514, .T. ) ;
#6115 = CARTESIAN_POINT ( 'NONE',  ( 21.24629815560999901, 1.667190026839999950, 1.605734874993999917 ) ) ;
#6116 = CARTESIAN_POINT ( 'NONE',  ( 20.16423726754815959, -5.005019442026616971, 1.633914212672903821 ) ) ;
#6117 = ORIENTED_EDGE ( 'NONE', *, *, #8537, .T. ) ;
#6118 = DIRECTION ( 'NONE',  ( 0.9063077870366409439, 0.4226182617407188702, 2.321639591777347469E-14 ) ) ;
#6119 = CARTESIAN_POINT ( 'NONE',  ( 10.62037197403999933, 21.45672748599000101, -3.071422368968000249 ) ) ;
#6120 = CARTESIAN_POINT ( 'NONE',  ( -11.91525080445265772, 20.17514511724996495, -3.495347644234890527 ) ) ;
#6121 = ORIENTED_EDGE ( 'NONE', *, *, #7859, .T. ) ;
#6122 = CARTESIAN_POINT ( 'NONE',  ( 18.20393972720421871, -2.049382620009186695, -1.371480613930392556 ) ) ;
#6123 = EDGE_CURVE ( 'NONE', #1397, #2841, #5257, .T. ) ;
#6124 = ADVANCED_FACE ( 'NONE', ( #2814 ), #6193, .F. ) ;
#6125 = EDGE_CURVE ( 'NONE', #1532, #2210, #542, .T. ) ;
#6126 = ORIENTED_EDGE ( 'NONE', *, *, #8598, .F. ) ;
#6127 = CARTESIAN_POINT ( 'NONE',  ( 9.979789460242999510, 19.24870020276999938, -3.528296674040000358 ) ) ;
#6128 = CARTESIAN_POINT ( 'NONE',  ( 3.497126559167690552, -16.83384250736050447, -2.066306154244998972 ) ) ;
#6129 = CARTESIAN_POINT ( 'NONE',  ( 18.86122952276000220, -10.50171012000000026, 1.382154073743999900 ) ) ;
#6130 = B_SPLINE_CURVE_WITH_KNOTS ( 'NONE', 3,
 ( #3002, #2341, #2427, #6475, #1710, #328, #5149, #386, #1098, #4432, #5774, #4489, #1684, #1070, #1121, #6387, #8520, #3114, #8409, #357, #7110, #3754, #5806, #447 ),
 .UNSPECIFIED., .F., .F.,
 ( 4, 1, 1, 1, 1, 1, 1, 1, 1, 1, 1, 1, 1, 1, 1, 1, 1, 1, 1, 1, 1, 4 ),
 ( 0.000000000000000000, 0.04761904761904999644, 0.09523809523809999289, 0.1428571428570999946, 0.1904761904761999858, 0.2380952380951999736, 0.2857142857143000203, 0.3333333333333000081, 0.3809523809523999716, 0.4285714285713999594, 0.4761904761904999783, 0.5238095238095000772, 0.5714285714286000406, 0.6190476190476000840, 0.6666666666667000474, 0.7142857142856999797, 0.7619047619048000541, 0.8095238095237999865, 0.8571428571429000609, 0.9047619047618999932, 0.9523809523809999567, 1.000000000000000000 ),
 .UNSPECIFIED. ) ;
#6131 = DIRECTION ( 'NONE',  ( 0.4067367320409895903, -0.9135454180327413631, 0.000000000000000000 ) ) ;
#6132 = CARTESIAN_POINT ( 'NONE',  ( 17.90657938096114066, -10.48437420489140237, 1.477697869870874037 ) ) ;
#6133 = CARTESIAN_POINT ( 'NONE',  ( -21.27450016951999956, -0.8938670104683998918, 1.810531914508999973 ) ) ;
#6134 = CARTESIAN_POINT ( 'NONE',  ( -18.10620784200674294, -8.429683380346357779, 0.3005764361419391850 ) ) ;
#6135 = CARTESIAN_POINT ( 'NONE',  ( -1.759556117816651444, -17.10625424212618739, -2.066306154244998083 ) ) ;
#6136 = VERTEX_POINT ( 'NONE', #4839 ) ;
#6137 = CARTESIAN_POINT ( 'NONE',  ( 20.75000000000025224, 1.270571054115410097E-15, 3.383693845754244922 ) ) ;
#6138 = CARTESIAN_POINT ( 'NONE',  ( -19.16516556041599983, -2.811276263935965858, -0.4310443712183453235 ) ) ;
#6139 = CARTESIAN_POINT ( 'NONE',  ( -10.25886519345000103, 20.88630253659000147, -3.666880678825000128 ) ) ;
#6140 = CARTESIAN_POINT ( 'NONE',  ( 10.01943222028554636, 20.27106950669642060, -3.862933701410345311 ) ) ;
#6141 = CARTESIAN_POINT ( 'NONE',  ( 11.85113913044274803, -21.13515971289244533, -2.917378973255692731 ) ) ;
#6142 = ORIENTED_EDGE ( 'NONE', *, *, #5343, .T. ) ;
#6143 = LINE ( 'NONE', #7493, #2762 ) ;
#6144 = CARTESIAN_POINT ( 'NONE',  ( 11.50994054462205085, -20.81113927014577314, -0.01687557988079345719 ) ) ;
#6145 = CARTESIAN_POINT ( 'NONE',  ( 9.983112060750290340, -18.19064668475849800, 1.633726812308154974 ) ) ;
#6146 = CARTESIAN_POINT ( 'NONE',  ( 10.02545750215000098, 21.78159522614999943, -0.4373947051045000145 ) ) ;
#6147 = VERTEX_POINT ( 'NONE', #2838 ) ;
#6148 = CARTESIAN_POINT ( 'NONE',  ( 17.79483170253161717, -1.086777968180254961, -1.706269130506327780 ) ) ;
#6149 = CIRCLE ( 'NONE', #4384, 1.436228704140011470 ) ;
#6150 = CARTESIAN_POINT ( 'NONE',  ( 11.92562736699999881, 18.42488046556000114, -3.187903641000999766 ) ) ;
#6151 = CARTESIAN_POINT ( 'NONE',  ( 6.854016683449652092, -15.79270223445653620, -2.066306154244998083 ) ) ;
#6152 = CARTESIAN_POINT ( 'NONE',  ( 18.89649418744999920, -9.814892932335999021, 1.810739273420999940 ) ) ;
#6153 = CARTESIAN_POINT ( 'NONE',  ( 9.942069587971714029, -15.83896727003762273, -2.250638928843210707 ) ) ;
#6154 = ORIENTED_EDGE ( 'NONE', *, *, #6290, .T. ) ;
#6155 = CIRCLE ( 'NONE', #997, 0.5000000000000000000 ) ;
#6156 = CARTESIAN_POINT ( 'NONE',  ( 19.66076400065956520, 6.634640773604709274, -0.3625297804477880526 ) ) ;
#6157 = CARTESIAN_POINT ( 'NONE',  ( -3.501828721226153185, -16.85445076997932290, -2.066306154244998528 ) ) ;
#6158 = AXIS2_PLACEMENT_3D ( 'NONE', #6296, #7545, #2150 ) ;
#6159 = VERTEX_POINT ( 'NONE', #114 ) ;
#6160 = ADVANCED_FACE ( 'NONE', ( #7133 ), #2212, .T. ) ;
#6161 = CARTESIAN_POINT ( 'NONE',  ( 12.68259432827880495, -13.71094999556555827, -2.082345060138025783 ) ) ;
#6162 = CARTESIAN_POINT ( 'NONE',  ( -10.29950544307000193, 21.69285837501999836, -0.4289383046938000099 ) ) ;
#6163 = CARTESIAN_POINT ( 'NONE',  ( -10.03337596223482642, -21.06990594796000238, -2.068331160266999813 ) ) ;
#6164 = CARTESIAN_POINT ( 'NONE',  ( 13.57351769880801839, -10.59809673628542193, -2.066306154244998528 ) ) ;
#6165 = CARTESIAN_POINT ( 'NONE',  ( -10.66811949294999984, -19.36693471921999787, -3.610925060338999959 ) ) ;
#6166 = ADVANCED_FACE ( 'NONE', ( #2389 ), #5046, .T. ) ;
#6167 = ORIENTED_EDGE ( 'NONE', *, *, #7141, .T. ) ;
#6168 = DIRECTION ( 'NONE',  ( 0.5946138518031759412, -0.3093833138022879514, 0.7421026427553708560 ) ) ;
#6169 = EDGE_CURVE ( 'NONE', #2148, #6864, #7985, .T. ) ;
#6170 = CARTESIAN_POINT ( 'NONE',  ( -7.638584468207460176, 19.29286208218145049, 4.523749079002525875 ) ) ;
#6171 = DIRECTION ( 'NONE',  ( -1.000000000000000000, 0.000000000000000000, 0.000000000000000000 ) ) ;
#6172 = CARTESIAN_POINT ( 'NONE',  ( -12.83562067768458448, -15.59341384574801026, 0.6269475006929585703 ) ) ;
#6173 = CARTESIAN_POINT ( 'NONE',  ( 18.25309594267999813, 11.02263759930000120, 1.099970195212999879 ) ) ;
#6174 = VECTOR ( 'NONE', #5240, 1000.000000000000114 ) ;
#6175 = VERTEX_POINT ( 'NONE', #5711 ) ;
#6176 = CARTESIAN_POINT ( 'NONE',  ( 11.47204910654999921, 18.67820833808000103, -3.297048681706999940 ) ) ;
#6177 = CARTESIAN_POINT ( 'NONE',  ( 4.142443521937438256, -16.69587010408275418, -2.066306154244998083 ) ) ;
#6178 = CARTESIAN_POINT ( 'NONE',  ( 18.64409997494000137, -10.50783042557999991, 1.578197180717000103 ) ) ;
#6179 = CARTESIAN_POINT ( 'NONE',  ( 19.28104572586090271, -7.673098339077169427, -1.706290220379361511 ) ) ;
#6180 = CARTESIAN_POINT ( 'NONE',  ( -21.55960235419000171, -0.9371463535903000741, 1.493693906632999946 ) ) ;
#6181 = CARTESIAN_POINT ( 'NONE',  ( -1.761122037637167237, 17.12288773725043711, -2.066306154244998528 ) ) ;
#6182 = EDGE_CURVE ( 'NONE', #6746, #1677, #6092, .T. ) ;
#6183 = FACE_OUTER_BOUND ( 'NONE', #3945, .T. ) ;
#6184 = CARTESIAN_POINT ( 'NONE',  ( 10.03352996790000162, -22.13221374785999984, -1.656428755676000009 ) ) ;
#6185 = EDGE_LOOP ( 'NONE', ( #38, #1990, #1497, #3884 ) ) ;
#6186 = CARTESIAN_POINT ( 'NONE',  ( -20.53851199624320145, -2.955001391821240109, 0.3236698511825675251 ) ) ;
#6187 = CARTESIAN_POINT ( 'NONE',  ( 10.29725321584999875, -13.71915395589000042, -2.066225309659000420 ) ) ;
#6188 = CARTESIAN_POINT ( 'NONE',  ( -11.98394939062854547, 19.49678398263966983, -3.529326244347070762 ) ) ;
#6189 = CARTESIAN_POINT ( 'NONE',  ( -11.99768107999000044, 21.42294116600000109, -0.8472521626322999655 ) ) ;
#6190 = DIRECTION ( 'NONE',  ( 0.000000000000000000, 0.000000000000000000, 1.000000000000000000 ) ) ;
#6191 = CARTESIAN_POINT ( 'NONE',  ( -14.58481837810018966, 14.90324993206423088, 3.633693845755135321 ) ) ;
#6192 = CARTESIAN_POINT ( 'NONE',  ( -10.00193422674999866, -20.41499467603999562, -3.853754258538000244 ) ) ;
#6193 = CYLINDRICAL_SURFACE ( 'NONE', #5770, 0.4000000000000006883 ) ;
#6194 = EDGE_LOOP ( 'NONE', ( #1737, #3466, #5198, #8283, #4216, #6377 ) ) ;
#6195 = CARTESIAN_POINT ( 'NONE',  ( 21.25687466592999897, 1.467754526402999860, 1.702075832662000021 ) ) ;
#6196 = CARTESIAN_POINT ( 'NONE',  ( -9.939900631679829957, -15.71470784704075108, -1.171574346776584674 ) ) ;
#6197 = CARTESIAN_POINT ( 'NONE',  ( 18.29404068335964340, 7.510191419464072204, -1.706306674614154195 ) ) ;
#6198 = CONICAL_SURFACE ( 'NONE', #6268, 20.67499999999999716, 0.7853981633972997312 ) ;
#6199 = EDGE_LOOP ( 'NONE', ( #1581, #1829, #5003, #50 ) ) ;
#6200 = DIRECTION ( 'NONE',  ( -0.5946091803283707344, -0.3093924617237849284, -0.7421025719519636077 ) ) ;
#6201 = CARTESIAN_POINT ( 'NONE',  ( 20.22187306895999725, 6.792749757750000228, 0.1027067281540999938 ) ) ;
#6202 = CARTESIAN_POINT ( 'NONE',  ( 18.48334598339919310, -2.350884884717753476, -1.126579027350892215 ) ) ;
#6203 = FACE_OUTER_BOUND ( 'NONE', #1147, .T. ) ;
#6204 = B_SPLINE_CURVE_WITH_KNOTS ( 'NONE', 3,
 ( #1190, #1163, #5902, #7923, #3286, #572, #3907, #5279, #1865, #2554, #7268, #3236, #7952, #5311, #8616, #2611, #4592, #1219, #1895, #6622, #486, #6539, #1834, #2582 ),
 .UNSPECIFIED., .F., .F.,
 ( 4, 1, 1, 1, 1, 1, 1, 1, 1, 1, 1, 1, 1, 1, 1, 1, 1, 1, 1, 1, 1, 4 ),
 ( 0.000000000000000000, 0.04761904761904999644, 0.09523809523809999289, 0.1428571428570999946, 0.1904761904761999858, 0.2380952380951999736, 0.2857142857143000203, 0.3333333333333000081, 0.3809523809523999716, 0.4285714285713999594, 0.4761904761904999783, 0.5238095238095000772, 0.5714285714286000406, 0.6190476190476000840, 0.6666666666667000474, 0.7142857142856999797, 0.7619047619048000541, 0.8095238095237999865, 0.8571428571429000609, 0.9047619047618999932, 0.9523809523809999567, 1.000000000000000000 ),
 .UNSPECIFIED. ) ;
#6205 = ADVANCED_FACE ( 'NONE', ( #4176 ), #7877, .F. ) ;
#6206 = CARTESIAN_POINT ( 'NONE',  ( -10.00210967228482062, 19.27866139665583489, 1.155963210469315827 ) ) ;
#6207 = CARTESIAN_POINT ( 'NONE',  ( 12.21326679474999999, 17.90531890188999853, -2.956708162881000135 ) ) ;
#6208 = CARTESIAN_POINT ( 'NONE',  ( 18.98239727013000078, -9.860789699291000687, 1.702968955988999999 ) ) ;
#6209 = PLANE ( 'NONE',  #7611 ) ;
#6210 = CARTESIAN_POINT ( 'NONE',  ( -11.86491189626999976, -20.99127702144999930, -3.067001939189999860 ) ) ;
#6211 = ORIENTED_EDGE ( 'NONE', *, *, #7872, .T. ) ;
#6212 = MANIFOLD_SOLID_BREP ( 'Move Face5', #5917 ) ;
#6213 = CARTESIAN_POINT ( 'NONE',  ( 0.000000000000000000, 0.000000000000000000, 9.334695990327277926 ) ) ;
#6214 = STYLED_ITEM ( 'NONE', ( #8399 ), #6212 ) ;
#6215 = CARTESIAN_POINT ( 'NONE',  ( -9.942161613213578164, 15.84439634926745910, -2.260929520984434227 ) ) ;
#6216 = ORIENTED_EDGE ( 'NONE', *, *, #5960, .T. ) ;
#6217 = CARTESIAN_POINT ( 'NONE',  ( 11.05924632636000027, -21.81008688721999889, -2.024032565996000343 ) ) ;
#6218 = CARTESIAN_POINT ( 'NONE',  ( 20.21397452999000066, -6.811685698865000305, -0.005541988184714000468 ) ) ;
#6219 = ORIENTED_EDGE ( 'NONE', *, *, #5678, .F. ) ;
#6220 = CARTESIAN_POINT ( 'NONE',  ( -10.99753624091999882, 14.17436771258000050, -2.100093305629000096 ) ) ;
#6221 = ORIENTED_EDGE ( 'NONE', *, *, #3561, .F. ) ;
#6222 = CARTESIAN_POINT ( 'NONE',  ( 16.52596241860389981, 6.685878940905900514, -1.706361773817909988 ) ) ;
#6223 = CARTESIAN_POINT ( 'NONE',  ( -12.05481934121189980, 18.91431352596716664, -3.388412426109968401 ) ) ;
#6224 = CARTESIAN_POINT ( 'NONE',  ( -10.62037198230999913, 21.45672748292999898, -3.071422368906000067 ) ) ;
#6225 = CARTESIAN_POINT ( 'NONE',  ( 18.82105780965861896, 8.665822351070406881, -0.6126931731919686985 ) ) ;
#6226 = CARTESIAN_POINT ( 'NONE',  ( 12.57102402161999954, 17.00193438527999845, -0.1839067077447000265 ) ) ;
#6227 = CARTESIAN_POINT ( 'NONE',  ( 20.05756013207999899, -7.219565974678000764, 1.408684018952000017 ) ) ;
#6228 = VERTEX_POINT ( 'NONE', #3750 ) ;
#6229 = EDGE_LOOP ( 'NONE', ( #3719, #3988, #7995, #7335 ) ) ;
#6230 = CARTESIAN_POINT ( 'NONE',  ( 21.19793841107000176, 2.389810743189999975, 0.5446816973529999828 ) ) ;
#6231 = CARTESIAN_POINT ( 'NONE',  ( 11.80542058311592868, -20.71295530651988059, -0.01603041535310226889 ) ) ;
#6232 = EDGE_LOOP ( 'NONE', ( #7282, #2273 ) ) ;
#6233 = CARTESIAN_POINT ( 'NONE',  ( 17.36514822571125194, -5.835455911191150591, -1.370996544674971673 ) ) ;
#6234 = DIRECTION ( 'NONE',  ( -1.000000000000000000, 0.000000000000000000, 0.000000000000000000 ) ) ;
#6235 = CARTESIAN_POINT ( 'NONE',  ( 15.57272851983610629, 8.966480689307584129, -1.615412387873684130 ) ) ;
#6236 = EDGE_CURVE ( 'NONE', #8197, #3705, #810, .T. ) ;
#6237 = EDGE_CURVE ( 'NONE', #6576, #8641, #7889, .T. ) ;
#6238 = CARTESIAN_POINT ( 'NONE',  ( -19.19216292497151244, 7.994971032724119908, 1.633857767376625247 ) ) ;
#6239 = CARTESIAN_POINT ( 'NONE',  ( 11.03385732033000011, 13.14856264538999930, -2.065652900578000217 ) ) ;
#6240 = ORIENTED_EDGE ( 'NONE', *, *, #178, .T. ) ;
#6241 = CARTESIAN_POINT ( 'NONE',  ( 20.17261361675999964, 6.908328054767999937, 1.116601444288000122 ) ) ;
#6242 = DIRECTION ( 'NONE',  ( -1.000000000000000000, -0.000000000000000000, -0.000000000000000000 ) ) ;
#6243 = CARTESIAN_POINT ( 'NONE',  ( -11.99768108363000074, -21.42294116443000007, -0.8472521624886999447 ) ) ;
#6244 = CARTESIAN_POINT ( 'NONE',  ( 19.42766322897071873, 7.289521138386099608, -1.051047692423495050 ) ) ;
#6245 = CARTESIAN_POINT ( 'NONE',  ( -11.76242499290999888, 20.00789191790999766, -3.555552992923999955 ) ) ;
#6246 = DIRECTION ( 'NONE',  ( 7.973125766753458941E-15, -0.7071067811865503483, -0.7071067811865446862 ) ) ;
#6247 = CARTESIAN_POINT ( 'NONE',  ( 10.71132017530000091, -21.26642187464999978, -0.1390674518564999906 ) ) ;
#6248 = CARTESIAN_POINT ( 'NONE',  ( 12.88621533708354150, 11.37755126571295961, -2.066400928784905222 ) ) ;
#6249 = ORIENTED_EDGE ( 'NONE', *, *, #3639, .F. ) ;
#6250 = EDGE_CURVE ( 'NONE', #8221, #511, #8061, .T. ) ;
#6251 = LINE ( 'NONE', #6369, #1074 ) ;
#6252 = CARTESIAN_POINT ( 'NONE',  ( -12.53553150807000094, 12.78946064273999994, -2.076864366744000101 ) ) ;
#6253 = AXIS2_PLACEMENT_3D ( 'NONE', #5305, #1238, #3148 ) ;
#6254 = CARTESIAN_POINT ( 'NONE',  ( -10.03337596223014572, 21.06990594796000238, -2.068331160266999813 ) ) ;
#6255 = CARTESIAN_POINT ( 'NONE',  ( -10.03253263120000049, 22.10179558485999962, -1.277859139935999977 ) ) ;
#6256 = CARTESIAN_POINT ( 'NONE',  ( 19.32554131855760460, 7.574817123563774679, -1.236885348222761971 ) ) ;
#6257 = CARTESIAN_POINT ( 'NONE',  ( 12.57102402161999954, 13.93126809324000170, -2.950652314705999757 ) ) ;
#6258 = ADVANCED_FACE ( 'NONE', ( #6183, #6086 ), #2707, .T. ) ;
#6259 = VERTEX_POINT ( 'NONE', #1095 ) ;
#6260 = FACE_OUTER_BOUND ( 'NONE', #6096, .T. ) ;
#6261 = CARTESIAN_POINT ( 'NONE',  ( 17.64316626100889707, -10.99026170046682438, -1.236758513895634293 ) ) ;
#6262 = CARTESIAN_POINT ( 'NONE',  ( 10.05168392828748125, -22.11876862090996454, -1.268743955868654849 ) ) ;
#6263 = CARTESIAN_POINT ( 'NONE',  ( 10.00100277671988991, 19.21524739194339659, -3.511162652965593711 ) ) ;
#6264 = CARTESIAN_POINT ( 'NONE',  ( 12.86911847878785409, -16.00164201356830773, 1.162759638879447666 ) ) ;
#6265 = CARTESIAN_POINT ( 'NONE',  ( 19.16545476002999848, 9.930851929935000655, -0.8394937610592999588 ) ) ;
#6266 = EDGE_CURVE ( 'NONE', #203, #4410, #7230, .T. ) ;
#6267 = ORIENTED_EDGE ( 'NONE', *, *, #582, .T. ) ;
#6268 = AXIS2_PLACEMENT_3D ( 'NONE', #4272, #2333, #264 ) ;
#6269 = PLANE ( 'NONE',  #6336 ) ;
#6270 = CARTESIAN_POINT ( 'NONE',  ( 10.95338726107999960, 15.16558981204999945, -2.212832693818000074 ) ) ;
#6271 = CARTESIAN_POINT ( 'NONE',  ( 20.72028971028878530, 1.128486129331265131, -1.206327286354583306 ) ) ;
#6272 = CARTESIAN_POINT ( 'NONE',  ( 17.33771825293999669, 9.105335286975000386, 0.3236939221953000212 ) ) ;
#6273 = CARTESIAN_POINT ( 'NONE',  ( -11.94719288141000035, -21.56417269631000266, -1.223705578683000006 ) ) ;
#6274 = CARTESIAN_POINT ( 'NONE',  ( 20.10105266968999871, -7.613068419403999698, -0.8328840066977000189 ) ) ;
#6275 = ORIENTED_EDGE ( 'NONE', *, *, #1815, .T. ) ;
#6276 = CARTESIAN_POINT ( 'NONE',  ( 11.12988044115999919, -21.67918000894000130, -0.8708725350319000968 ) ) ;
#6277 = CARTESIAN_POINT ( 'NONE',  ( 19.67699872478000245, -8.154948506219000137, -1.156354184572999877 ) ) ;
#6278 = CARTESIAN_POINT ( 'NONE',  ( -10.95338656608999983, 15.16559506689000081, -2.212833573922999619 ) ) ;
#6279 = CARTESIAN_POINT ( 'NONE',  ( 10.80479314019999926, -18.00617695244000060, -2.952167462837999690 ) ) ;
#6280 = CARTESIAN_POINT ( 'NONE',  ( -11.17454719821999909, 21.41098011591000017, -0.4058544129775999987 ) ) ;
#6281 = CARTESIAN_POINT ( 'NONE',  ( 19.47299125344171600, 7.201703974991582768, 1.884447307676790251 ) ) ;
#6282 = CYLINDRICAL_SURFACE ( 'NONE', #2326, 17.39991456012002402 ) ;
#6283 = CARTESIAN_POINT ( 'NONE',  ( -9.557911071235936973, 18.53294692201123794, 3.633693845755189944 ) ) ;
#6284 = ORIENTED_EDGE ( 'NONE', *, *, #5769, .F. ) ;
#6285 = CARTESIAN_POINT ( 'NONE',  ( -11.10089778378999981, -19.92504157974999757, -3.681140606228999967 ) ) ;
#6286 = CARTESIAN_POINT ( 'NONE',  ( 19.06874416498812508, -8.118156229319108519, 1.260031465385217153 ) ) ;
#6287 = CARTESIAN_POINT ( 'NONE',  ( 20.72783556731357635, 0.9249961706080984669, -1.156309894423348750 ) ) ;
#6288 = CIRCLE ( 'NONE', #3620, 2.050000000000004707 ) ;
#6289 = ORIENTED_EDGE ( 'NONE', *, *, #755, .F. ) ;
#6290 = EDGE_CURVE ( 'NONE', #1588, #1995, #3992, .T. ) ;
#6291 = CARTESIAN_POINT ( 'NONE',  ( 19.05929771976759923, 8.207105444102946734, -1.206306154248556695 ) ) ;
#6292 = CARTESIAN_POINT ( 'NONE',  ( 12.57103873708999942, -15.45160136853999866, -1.580660332641999899 ) ) ;
#6293 = CARTESIAN_POINT ( 'NONE',  ( -19.43187046155496844, 2.907028082736813790, -0.1152454647399185489 ) ) ;
#6294 = ADVANCED_FACE ( 'NONE', ( #7125 ), #7960, .T. ) ;
#6295 = CIRCLE ( 'NONE', #1960, 1.049999999999999822 ) ;
#6296 = CARTESIAN_POINT ( 'NONE',  ( -0.0001470041326567000006, -0.0001995674094733000160, -1.001354115493999997 ) ) ;
#6297 = CARTESIAN_POINT ( 'NONE',  ( 12.59954865159000192, 12.00829969266000141, -2.068330569227999849 ) ) ;
#6298 = ORIENTED_EDGE ( 'NONE', *, *, #7928, .T. ) ;
#6299 = DIRECTION ( 'NONE',  ( 3.718059980594854234E-08, -2.347241314495474406E-07, 0.9999999999999718003 ) ) ;
#6300 = CARTESIAN_POINT ( 'NONE',  ( -10.75680511550999974, 18.86853773904999798, -3.367134785997000002 ) ) ;
#6301 = CARTESIAN_POINT ( 'NONE',  ( 14.33299950745346507, 15.09846230067180706, 3.633693845755104679 ) ) ;
#6302 = EDGE_CURVE ( 'NONE', #8369, #2743, #2525, .T. ) ;
#6303 = CARTESIAN_POINT ( 'NONE',  ( 19.65899173960000113, -8.180887588447001590, -1.163204311144999892 ) ) ;
#6304 = EDGE_CURVE ( 'NONE', #410, #376, #8556, .T. ) ;
#6305 = CARTESIAN_POINT ( 'NONE',  ( -12.00009369391000114, 19.50665050347999951, -3.539705549470000268 ) ) ;
#6306 = CARTESIAN_POINT ( 'NONE',  ( -1.300000000000018030, 14.14999999999999858, -1.816306154244996751 ) ) ;
#6307 = CARTESIAN_POINT ( 'NONE',  ( 11.07689673704999933, -21.84434313275999884, -1.633525376713000021 ) ) ;
#6308 = CARTESIAN_POINT ( 'NONE',  ( -20.72937218322210029, -0.9249933278564370642, -1.706307364869480203 ) ) ;
#6309 = SPHERICAL_SURFACE ( 'NONE', #4500, 260.0000000000000000 ) ;
#6310 = ORIENTED_EDGE ( 'NONE', *, *, #4608, .F. ) ;
#6311 = CARTESIAN_POINT ( 'NONE',  ( 17.67868234598965316, 10.86407990422050318, -0.1742162414082364941 ) ) ;
#6312 = CARTESIAN_POINT ( 'NONE',  ( -9.983116879605359983, -18.19064498783019701, 1.633718684347605032 ) ) ;
#6313 = VECTOR ( 'NONE', #628, 1000.000000000000114 ) ;
#6314 = CARTESIAN_POINT ( 'NONE',  ( 11.91981114386836715, 20.11288368658733461, -3.521783199469145309 ) ) ;
#6315 = CARTESIAN_POINT ( 'NONE',  ( 19.05393233131461628, 8.111388520123471224, 0.6358654490888194788 ) ) ;
#6316 = CARTESIAN_POINT ( 'NONE',  ( -10.02813962910573942, -20.76965849733570124, -3.754900568630029856 ) ) ;
#6317 = CARTESIAN_POINT ( 'NONE',  ( 9.983114425952880566, 18.19064840843564923, 1.633711006505734975 ) ) ;
#6318 = ORIENTED_EDGE ( 'NONE', *, *, #1701, .T. ) ;
#6319 = AXIS2_PLACEMENT_3D ( 'NONE', #4014, #2631, #7369 ) ;
#6320 = CARTESIAN_POINT ( 'NONE',  ( 17.80325984298745468, -10.62270033891324950, 0.01176017446770930355 ) ) ;
#6321 = CARTESIAN_POINT ( 'NONE',  ( 12.92111821736576083, 16.23596230641659943, 1.633702142078530040 ) ) ;
#6322 = VERTEX_POINT ( 'NONE', #8024 ) ;
#6323 = DIRECTION ( 'NONE',  ( 0.000000000000000000, 0.000000000000000000, 1.000000000000000000 ) ) ;
#6324 = CARTESIAN_POINT ( 'NONE',  ( 11.58626215951000127, 18.96125717468000005, -3.428170881028999695 ) ) ;
#6325 = CARTESIAN_POINT ( 'NONE',  ( 11.82796305938000003, -20.08315783481999972, -4.950576876575000007 ) ) ;
#6326 = ORIENTED_EDGE ( 'NONE', *, *, #4479, .T. ) ;
#6327 = CARTESIAN_POINT ( 'NONE',  ( 18.53551796494999948, 10.51085359612999959, -1.028879191963000039 ) ) ;
#6328 = EDGE_LOOP ( 'NONE', ( #5489, #3384 ) ) ;
#6329 = B_SPLINE_CURVE_WITH_KNOTS ( 'NONE', 3,
 ( #7927, #3852, #8566, #7213, #5226 ),
 .UNSPECIFIED., .F., .F.,
 ( 4, 1, 4 ),
 ( 0.006615462542739569338, 0.4988176406533966212, 0.9910198187640536505 ),
 .UNSPECIFIED. ) ;
#6330 = ORIENTED_EDGE ( 'NONE', *, *, #6101, .F. ) ;
#6331 = DIRECTION ( 'NONE',  ( 0.000000000000000000, 0.000000000000000000, -1.000000000000000000 ) ) ;
#6332 = CARTESIAN_POINT ( 'NONE',  ( -20.61624367671494085, -2.716135065523738845, 4.202389014246000976 ) ) ;
#6333 = CARTESIAN_POINT ( 'NONE',  ( 20.66652787270822245, 1.864914892913734246, -0.9006850790996500100 ) ) ;
#6334 = CARTESIAN_POINT ( 'NONE',  ( -9.979039379428000345, 19.21016932223000140, -3.507024282508999669 ) ) ;
#6335 = CARTESIAN_POINT ( 'NONE',  ( 20.16849327294000105, -7.698198995029000180, -0.7348624401400999373 ) ) ;
#6336 = AXIS2_PLACEMENT_3D ( 'NONE', #8259, #6331, #3519 ) ;
#6337 = ORIENTED_EDGE ( 'NONE', *, *, #755, .T. ) ;
#6338 = CARTESIAN_POINT ( 'NONE',  ( -11.51943607579999984, 19.73267640331999928, -3.615279795722000422 ) ) ;
#6339 = DIRECTION ( 'NONE',  ( -0.000000000000000000, -0.000000000000000000, -1.000000000000000000 ) ) ;
#6340 = ORIENTED_EDGE ( 'NONE', *, *, #7033, .F. ) ;
#6341 = CARTESIAN_POINT ( 'NONE',  ( 15.57202082648492336, -8.966453009024698773, -1.615407142612274027 ) ) ;
#6342 = CARTESIAN_POINT ( 'NONE',  ( 18.07071165674464908, 10.19905741893317597, -1.049980716329709907 ) ) ;
#6343 = CARTESIAN_POINT ( 'NONE',  ( 10.72231702114575747, -18.88924829188156806, -3.376108833905340667 ) ) ;
#6344 = CARTESIAN_POINT ( 'NONE',  ( -17.80481441274416099, -8.307743404741902538, -0.1161750801764921820 ) ) ;
#6345 = CARTESIAN_POINT ( 'NONE',  ( 20.60903719653364519, -2.405094287554694787, 0.5184995589326130139 ) ) ;
#6346 = CARTESIAN_POINT ( 'NONE',  ( 11.82796356314000086, 20.10341852935999896, -4.917807543224999911 ) ) ;
#6347 = CARTESIAN_POINT ( 'NONE',  ( 4.495734977061997206, 12.34999999999999964, -1.566306154244998750 ) ) ;
#6348 = ADVANCED_FACE ( 'NONE', ( #2807 ), #8600, .T. ) ;
#6349 = ORIENTED_EDGE ( 'NONE', *, *, #6683, .T. ) ;
#6350 = CARTESIAN_POINT ( 'NONE',  ( 18.22483809001770183, -9.935282247608903106, -1.236882212614922150 ) ) ;
#6351 = B_SPLINE_CURVE_WITH_KNOTS ( 'NONE', 3,
 ( #5523, #2140, #2112, #6831, #144, #6262, #170, #773, #6801, #4898, #2866, #5580, #5491, #2901, #3512, #2208 ),
 .UNSPECIFIED., .F., .F.,
 ( 4, 2, 2, 2, 2, 2, 2, 4 ),
 ( 2.534551674388689072E-17, 0.0005657016045952642036, 0.001131403209190503037, 0.002262806418380980487, 0.002828508022976219428, 0.003394209627571457936, 0.003959911232166697312, 0.004525612836761935820 ),
 .UNSPECIFIED. ) ;
#6352 = CARTESIAN_POINT ( 'NONE',  ( -1.300000000000000044, 12.34999999999999964, -2.066306154244998528 ) ) ;
#6353 = CARTESIAN_POINT ( 'NONE',  ( 11.49186370728000028, 20.13264407345000251, -3.585078056279999981 ) ) ;
#6354 = ORIENTED_EDGE ( 'NONE', *, *, #3638, .T. ) ;
#6355 = DIRECTION ( 'NONE',  ( 0.000000000000000000, 0.000000000000000000, -1.000000000000000000 ) ) ;
#6356 = CARTESIAN_POINT ( 'NONE',  ( 18.75264554202000156, 10.50473683638000111, -0.8328360588480999693 ) ) ;
#6357 = FACE_OUTER_BOUND ( 'NONE', #604, .T. ) ;
#6358 = EDGE_CURVE ( 'NONE', #4410, #1455, #4605, .T. ) ;
#6359 = EDGE_CURVE ( 'NONE', #687, #2725, #7431, .T. ) ;
#6360 = CARTESIAN_POINT ( 'NONE',  ( 17.36537623189934720, 11.35808994070831979, 1.633686606719460199 ) ) ;
#6361 = CARTESIAN_POINT ( 'NONE',  ( -15.63277634531673144, -13.71215507384459364, 4.202389014246000087 ) ) ;
#6362 = CARTESIAN_POINT ( 'NONE',  ( 19.65899688448000049, 8.180925012246998307, -1.163154185372999860 ) ) ;
#6363 = CARTESIAN_POINT ( 'NONE',  ( 21.29821040323999881, 2.186954794086000131, 1.043713103163000033 ) ) ;
#6364 = ORIENTED_EDGE ( 'NONE', *, *, #4888, .T. ) ;
#6365 = CYLINDRICAL_SURFACE ( 'NONE', #1998, 0.4000000000000000222 ) ;
#6366 = CARTESIAN_POINT ( 'NONE',  ( 19.84064742256000002, -8.251568807430999186, -0.9476938148462999978 ) ) ;
#6367 = CARTESIAN_POINT ( 'NONE',  ( -11.08702010869000176, 20.18782416994000073, -3.657934015074999490 ) ) ;
#6368 = CARTESIAN_POINT ( 'NONE',  ( -10.04882142238958131, 21.95477576786367635, -2.531213790314074785 ) ) ;
#6369 = CARTESIAN_POINT ( 'NONE',  ( 13.71654720796279037, 13.13711735604009334, 0.08369384575500000978 ) ) ;
#6370 = EDGE_LOOP ( 'NONE', ( #3088, #7515, #3275 ) ) ;
#6371 = CARTESIAN_POINT ( 'NONE',  ( 12.12715147632176027, 18.37746206840839847, -3.168951853068604496 ) ) ;
#6372 = CARTESIAN_POINT ( 'NONE',  ( -3.656921070575058684E-07, 13.70344190751959168, 4.850958513836918229 ) ) ;
#6373 = CARTESIAN_POINT ( 'NONE',  ( -11.73000491212000007, 20.69930177017999995, 0.007557517644225999510 ) ) ;
#6374 = CARTESIAN_POINT ( 'NONE',  ( 18.18608920820585340, 9.917016299290080994, 0.01148738366629494835 ) ) ;
#6375 = CARTESIAN_POINT ( 'NONE',  ( 16.66824216647484747, 11.03301654913689944, 0.3235838568996294851 ) ) ;
#6376 = CARTESIAN_POINT ( 'NONE',  ( 17.99657728296871184, -10.27070235976908386, 0.6359989021973460055 ) ) ;
#6377 = ORIENTED_EDGE ( 'NONE', *, *, #1027, .T. ) ;
#6378 = CARTESIAN_POINT ( 'NONE',  ( 18.77856741973687704, -0.9253021188012021669, -1.706306661991400242 ) ) ;
#6379 = CARTESIAN_POINT ( 'NONE',  ( -21.55284969566383424, 1.092024808563867522, 1.493694960087537993 ) ) ;
#6380 = CARTESIAN_POINT ( 'NONE',  ( 10.67612520441000079, 19.12934930181999960, -3.498969915962000243 ) ) ;
#6381 = CARTESIAN_POINT ( 'NONE',  ( -12.81097128661570395, -13.42900539184962305, -1.184689295702204159 ) ) ;
#6382 = CARTESIAN_POINT ( 'NONE',  ( -18.62046498673581141, 2.466603643608199725, -0.9970796053021205863 ) ) ;
#6383 = AXIS2_PLACEMENT_3D ( 'NONE', #3767, #1059, #3851 ) ;
#6384 = ORIENTED_EDGE ( 'NONE', *, *, #8156, .F. ) ;
#6385 = ADVANCED_FACE ( 'NONE', ( #3659 ), #587, .F. ) ;
#6386 = CARTESIAN_POINT ( 'NONE',  ( -9.195387529613343602, 18.65078393021713055, 3.383693845753999785 ) ) ;
#6387 = CARTESIAN_POINT ( 'NONE',  ( 21.21150418637000001, -2.208352223253999824, 1.063621740575999786 ) ) ;
#6388 = CARTESIAN_POINT ( 'NONE',  ( 19.65901825553000037, 8.180876073351999622, 1.810549923027000130 ) ) ;
#6389 = CARTESIAN_POINT ( 'NONE',  ( 21.36194755457000127, 1.165996214784000173, 1.703018000966000089 ) ) ;
#6390 = CARTESIAN_POINT ( 'NONE',  ( 19.75540431991999668, -8.203028831152000322, 1.702968961412000048 ) ) ;
#6391 = CARTESIAN_POINT ( 'NONE',  ( -10.60789665169000173, 20.56990594796000238, -2.068331160266999813 ) ) ;
#6392 = EDGE_CURVE ( 'NONE', #1607, #3795, #8674, .T. ) ;
#6393 = FACE_OUTER_BOUND ( 'NONE', #412, .T. ) ;
#6394 = ORIENTED_EDGE ( 'NONE', *, *, #1918, .F. ) ;
#6395 = DIRECTION ( 'NONE',  ( 0.000000000000000000, 1.000000000000000000, 0.000000000000000000 ) ) ;
#6396 = CARTESIAN_POINT ( 'NONE',  ( 15.91949714236523583, -10.29353595487350148, -0.8481497966551569956 ) ) ;
#6397 = CARTESIAN_POINT ( 'NONE',  ( -11.82796350477999958, 22.19179912762999862, -1.540930266906000101 ) ) ;
#6398 = B_SPLINE_CURVE_WITH_KNOTS ( 'NONE', 3,
 ( #7728, #4337, #6378, #4967 ),
 .UNSPECIFIED., .F., .F.,
 ( 4, 4 ),
 ( 0.000000000000000000, 0.9999972199726069322 ),
 .UNSPECIFIED. ) ;
#6399 = CARTESIAN_POINT ( 'NONE',  ( 19.17596066940544475, -7.921306205249679877, -1.156355919467012550 ) ) ;
#6400 = B_SPLINE_CURVE_WITH_KNOTS ( 'NONE', 3,
 ( #7020, #1900, #7241, #523, #3211, #3320, #4599, #3243, #6629, #3942, #8711, #7355, #7304, #8046, #4003, #643, #7986, #553, #3971, #4688, #1283, #8654, #4630, #579, #5318, #7929, #3292, #1169, #1196, #5992, #5907, #4568, #1841, #5258 ),
 .UNSPECIFIED., .F., .F.,
 ( 4, 2, 2, 2, 2, 2, 2, 2, 2, 2, 2, 2, 2, 2, 2, 2, 4 ),
 ( 0.000000000000000000, 0.06250000000000002776, 0.1250000000000000555, 0.1875000000000000833, 0.2500000000000001110, 0.3125000000000001110, 0.3750000000000001665, 0.4375000000000002220, 0.5000000000000002220, 0.5625000000000002220, 0.6250000000000002220, 0.6875000000000003331, 0.7500000000000003331, 0.8125000000000002220, 0.8750000000000001110, 0.9375000000000001110, 1.000000000000000000 ),
 .UNSPECIFIED. ) ;
#6401 = CARTESIAN_POINT ( 'NONE',  ( 1.178091653069102351, 17.99991456012002189, 5.710772084629347489 ) ) ;
#6402 = CARTESIAN_POINT ( 'NONE',  ( 17.80329214300950724, 10.62265488371860123, 0.01144091104938592916 ) ) ;
#6403 = CARTESIAN_POINT ( 'NONE',  ( 16.52596241860389981, 6.685878940905900514, -1.706361773817909988 ) ) ;
#6404 = CYLINDRICAL_SURFACE ( 'NONE', #6450, 1.049999999999999822 ) ;
#6405 = ORIENTED_EDGE ( 'NONE', *, *, #2448, .T. ) ;
#6406 = CARTESIAN_POINT ( 'NONE',  ( 19.42760641786135878, -7.289672724433909679, 1.698471967653944814 ) ) ;
#6407 = CARTESIAN_POINT ( 'NONE',  ( -20.65000000000020464, 2.064134828520335799E-09, 3.533693845754795504 ) ) ;
#6408 = EDGE_CURVE ( 'NONE', #8461, #3462, #6535, .T. ) ;
#6409 = EDGE_CURVE ( 'NONE', #6942, #4094, #7538, .T. ) ;
#6410 = CARTESIAN_POINT ( 'NONE',  ( 0.000000000000000000, 0.000000000000000000, 9.334695990327277926 ) ) ;
#6411 = VECTOR ( 'NONE', #6234, 1000.000000000000000 ) ;
#6412 = ORIENTED_EDGE ( 'NONE', *, *, #3529, .F. ) ;
#6413 = DIRECTION ( 'NONE',  ( 0.000000000000000000, 1.000000000000000000, 0.000000000000000000 ) ) ;
#6414 = CARTESIAN_POINT ( 'NONE',  ( 19.72031106276999779, 8.052674114622000445, -1.153531842711000177 ) ) ;
#6415 = CARTESIAN_POINT ( 'NONE',  ( -1.358084321946843254, 20.75000000014208013, 3.383693845753999785 ) ) ;
#6416 = CARTESIAN_POINT ( 'NONE',  ( -21.24633114899000219, -1.667153043639999943, -0.9583668584950000291 ) ) ;
#6417 = CARTESIAN_POINT ( 'NONE',  ( -21.24061699511999990, 1.760611997087000002, 1.546891899472999876 ) ) ;
#6418 = DIRECTION ( 'NONE',  ( 1.000000000000000000, -0.000000000000000000, -0.000000000000000000 ) ) ;
#6419 = CARTESIAN_POINT ( 'NONE',  ( -10.00092465388424046, -19.20260967088714921, -3.504221498009965075 ) ) ;
#6420 = VERTEX_POINT ( 'NONE', #4801 ) ;
#6421 = EDGE_CURVE ( 'NONE', #4977, #2971, #4257, .T. ) ;
#6422 = CARTESIAN_POINT ( 'NONE',  ( -17.39991456012002402, 0.000000000000000000, 5.346123950409299219 ) ) ;
#6423 = CARTESIAN_POINT ( 'NONE',  ( 19.88559836966999939, 7.653312015620000075, -1.054685678705000074 ) ) ;
#6424 = EDGE_CURVE ( 'NONE', #348, #1011, #3540, .T. ) ;
#6425 = CARTESIAN_POINT ( 'NONE',  ( -20.53852266002213156, -2.954925878866824895, 0.05544979463470064290 ) ) ;
#6426 = ORIENTED_EDGE ( 'NONE', *, *, #4194, .T. ) ;
#6427 = CARTESIAN_POINT ( 'NONE',  ( 10.30629205854999952, -21.17697930606999890, 0.0007878974655561000410 ) ) ;
#6428 = CARTESIAN_POINT ( 'NONE',  ( -12.19949362335000131, 20.89915396038000139, 0.6884069849714999911 ) ) ;
#6429 = ORIENTED_EDGE ( 'NONE', *, *, #5450, .F. ) ;
#6430 = CARTESIAN_POINT ( 'NONE',  ( 19.68208740629371079, -6.565771715279649534, -0.06161704164901880137 ) ) ;
#6431 = CARTESIAN_POINT ( 'NONE',  ( 5.799854320452147327, 17.08058880648393796, 5.710772084629348377 ) ) ;
#6432 = CARTESIAN_POINT ( 'NONE',  ( -17.87778213297502461, -8.392041105403224677, 0.008143023897099314207 ) ) ;
#6433 = DIRECTION ( 'NONE',  ( 1.000000000000000000, 0.000000000000000000, 0.000000000000000000 ) ) ;
#6434 = ADVANCED_FACE ( 'NONE', ( #698 ), #7664, .F. ) ;
#6435 = ORIENTED_EDGE ( 'NONE', *, *, #7414, .T. ) ;
#6436 = ORIENTED_EDGE ( 'NONE', *, *, #7388, .F. ) ;
#6437 = CARTESIAN_POINT ( 'NONE',  ( 0.000000000000000000, 0.000000000000000000, -2.066306154244998528 ) ) ;
#6438 = ORIENTED_EDGE ( 'NONE', *, *, #8105, .T. ) ;
#6439 = CARTESIAN_POINT ( 'NONE',  ( -11.08350390008999931, -20.25885078749000101, -3.642026860003000355 ) ) ;
#6440 = EDGE_LOOP ( 'NONE', ( #5091, #1200, #7696, #1354 ) ) ;
#6441 = CARTESIAN_POINT ( 'NONE',  ( 11.58554635039999958, -18.96157527399000031, -3.428314123098999744 ) ) ;
#6442 = CARTESIAN_POINT ( 'NONE',  ( -4.667064080092705680, 17.42421696911974038, 5.710772084629345713 ) ) ;
#6443 = CARTESIAN_POINT ( 'NONE',  ( -14.31186932656786226, -10.97976413653307226, 5.710772084629348377 ) ) ;
#6444 = VERTEX_POINT ( 'NONE', #5432 ) ;
#6445 = CARTESIAN_POINT ( 'NONE',  ( -21.20100143201999998, 2.340754317215000047, -0.1123296296143000000 ) ) ;
#6446 = CARTESIAN_POINT ( 'NONE',  ( -21.25690100881000433, -1.467782387858000082, -1.054677115673999799 ) ) ;
#6447 = CARTESIAN_POINT ( 'NONE',  ( 21.53219033546000105, 1.548338583852999939, 1.383256312626000017 ) ) ;
#6448 = EDGE_LOOP ( 'NONE', ( #5578, #27, #8107, #5869 ) ) ;
#6449 = PLANE ( 'NONE',  #5031 ) ;
#6450 = AXIS2_PLACEMENT_3D ( 'NONE', #6946, #6339, #2256 ) ;
#6451 = CARTESIAN_POINT ( 'NONE',  ( 20.70861407365085682, -1.323333269170895665, 1.814783768164958566 ) ) ;
#6452 = CARTESIAN_POINT ( 'NONE',  ( -10.03151681946968310, 20.96339573054713767, -3.677083381918198501 ) ) ;
#6453 = ORIENTED_EDGE ( 'NONE', *, *, #5962, .F. ) ;
#6454 = CARTESIAN_POINT ( 'NONE',  ( 15.63210080296426341, -9.551333593392911325, -1.371042536924814037 ) ) ;
#6455 = CARTESIAN_POINT ( 'NONE',  ( -21.37180250595000075, 0.9001728553511000319, 1.702809504540999885 ) ) ;
#6456 = CARTESIAN_POINT ( 'NONE',  ( 11.93863281331129933, -19.91139406426555070, -3.538233549208344986 ) ) ;
#6457 = B_SPLINE_CURVE_WITH_KNOTS ( 'NONE', 3,
 ( #6277, #5538, #8238, #2855, #7588, #6879, #2258, #222, #2288, #3560, #6981, #8358, #3592, #4291, #4325, #8296, #3623, #254, #4916, #6218, #283, #4985, #7554, #5663 ),
 .UNSPECIFIED., .F., .F.,
 ( 4, 1, 1, 1, 1, 1, 1, 1, 1, 1, 1, 1, 1, 1, 1, 1, 1, 1, 1, 1, 1, 4 ),
 ( 0.000000000000000000, 0.04761904761904999644, 0.09523809523809999289, 0.1428571428570999946, 0.1904761904761999858, 0.2380952380951999736, 0.2857142857143000203, 0.3333333333333000081, 0.3809523809523999716, 0.4285714285713999594, 0.4761904761904999783, 0.5238095238095000772, 0.5714285714286000406, 0.6190476190476000840, 0.6666666666667000474, 0.7142857142856999797, 0.7619047619048000541, 0.8095238095237999865, 0.8571428571429000609, 0.9047619047618999932, 0.9523809523809999567, 1.000000000000000000 ),
 .UNSPECIFIED. ) ;
#6458 = CARTESIAN_POINT ( 'NONE',  ( 19.26487832834000002, -0.9250001322959999772, 0.3236937134569999874 ) ) ;
#6459 = CARTESIAN_POINT ( 'NONE',  ( 11.90301663015963385, 20.30521807063827566, -3.469882470075983605 ) ) ;
#6460 = CARTESIAN_POINT ( 'NONE',  ( -20.75000000000000000, 1.737181189057269824E-09, 4.202389014246000087 ) ) ;
#6461 = EDGE_CURVE ( 'NONE', #5503, #2091, #1848, .T. ) ;
#6462 = EDGE_LOOP ( 'NONE', ( #7257, #493, #727, #7523 ) ) ;
#6463 = FACE_BOUND ( 'NONE', #4642, .T. ) ;
#6464 = CARTESIAN_POINT ( 'NONE',  ( -20.72954128087523173, -0.9248969363997694426, 1.853681786051799119 ) ) ;
#6465 = CARTESIAN_POINT ( 'NONE',  ( 11.93869344440000013, -18.32372813131000200, -3.141975352179999792 ) ) ;
#6466 = CARTESIAN_POINT ( 'NONE',  ( -10.29950541636999972, -21.69285864835000055, -0.4289388475152000058 ) ) ;
#6467 = CARTESIAN_POINT ( 'NONE',  ( 11.08044751022999996, -20.31941980203999876, -3.630625202629999659 ) ) ;
#6468 = DIRECTION ( 'NONE',  ( 0.000000000000000000, 0.000000000000000000, -1.000000000000000000 ) ) ;
#6469 = CARTESIAN_POINT ( 'NONE',  ( -5.495734977061998094, 12.35000000000000142, -1.566306154244998750 ) ) ;
#6470 = ORIENTED_EDGE ( 'NONE', *, *, #4550, .T. ) ;
#6471 = CYLINDRICAL_SURFACE ( 'NONE', #1425, 17.39991456012002402 ) ;
#6472 = EDGE_CURVE ( 'NONE', #2578, #769, #4497, .T. ) ;
#6473 = ADVANCED_FACE ( 'NONE', ( #5772 ), #5550, .F. ) ;
#6474 = CARTESIAN_POINT ( 'NONE',  ( 20.72937202497904963, 0.9250031152791948763, -1.706307388516109969 ) ) ;
#6475 = CARTESIAN_POINT ( 'NONE',  ( 21.27127373503000385, -1.145616474956000053, 1.788554799039999921 ) ) ;
#6476 = CARTESIAN_POINT ( 'NONE',  ( 12.14798533461480012, -18.22670561100150266, -3.101727070111275353 ) ) ;
#6477 = CARTESIAN_POINT ( 'NONE',  ( 21.33806262435999912, 1.643967206671999914, -0.9308576254057999710 ) ) ;
#6478 = ORIENTED_EDGE ( 'NONE', *, *, #1089, .F. ) ;
#6479 = CARTESIAN_POINT ( 'NONE',  ( -10.02951001017113697, 20.84842570283278462, -3.727376545360393312 ) ) ;
#6480 = EDGE_CURVE ( 'NONE', #3081, #1011, #7444, .T. ) ;
#6481 = CARTESIAN_POINT ( 'NONE',  ( -12.19949362335000131, 16.99226147091000172, -3.964100659927000336 ) ) ;
#6482 = CARTESIAN_POINT ( 'NONE',  ( -9.979293738599396946, 17.97153743124761149, 1.208993749911798865 ) ) ;
#6483 = CARTESIAN_POINT ( 'NONE',  ( 6.685974911015659217, -19.69021667023922362, 4.523749079003892781 ) ) ;
#6484 = CARTESIAN_POINT ( 'NONE',  ( 17.36537602582155060, 11.35809094768892002, 0.3236510879290830367 ) ) ;
#6485 = ORIENTED_EDGE ( 'NONE', *, *, #3557, .F. ) ;
#6486 = CARTESIAN_POINT ( 'NONE',  ( 19.72278244021222804, -6.433955258884992645, 0.01128599602904170954 ) ) ;
#6487 = CARTESIAN_POINT ( 'NONE',  ( -20.35241909301152319, -4.248424022713855663, 1.633735409714312414 ) ) ;
#6488 = CONICAL_SURFACE ( 'NONE', #3119, 1.435466190207000059, 0.08726646200110421692 ) ;
#6489 = ORIENTED_EDGE ( 'NONE', *, *, #7359, .F. ) ;
#6490 = CARTESIAN_POINT ( 'NONE',  ( -10.26056394241000014, -21.23115178579000073, -3.463408117811999976 ) ) ;
#6491 = CARTESIAN_POINT ( 'NONE',  ( 9.994781887904998996, -20.02804969465000084, -3.844452119825000125 ) ) ;
#6492 = CARTESIAN_POINT ( 'NONE',  ( -9.020669316464545062, -15.62089463499600583, 5.710772084629348377 ) ) ;
#6493 = AXIS2_PLACEMENT_3D ( 'NONE', #8679, #518, #7324 ) ;
#6494 = LINE ( 'NONE', #1233, #1521 ) ;
#6495 = DIRECTION ( 'NONE',  ( 0.000000000000000000, 0.000000000000000000, -1.000000000000000000 ) ) ;
#6496 = CARTESIAN_POINT ( 'NONE',  ( 18.24420655351000065, -11.04951159029000074, -0.2177525602823000006 ) ) ;
#6497 = EDGE_LOOP ( 'NONE', ( #1620, #8428, #588, #8316 ) ) ;
#6498 = CARTESIAN_POINT ( 'NONE',  ( -21.25687360148999971, 1.467776175343999956, 1.702067268816000123 ) ) ;
#6499 = CARTESIAN_POINT ( 'NONE',  ( -12.07812510174494669, 21.02099772046428683, -0.3279883586643519422 ) ) ;
#6500 = CARTESIAN_POINT ( 'NONE',  ( 11.99665212102691214, 19.37833070213671860, -3.524120849976159597 ) ) ;
#6501 = CARTESIAN_POINT ( 'NONE',  ( 20.66655256395393181, -1.864643606461653391, 1.548116117318533602 ) ) ;
#6502 = CARTESIAN_POINT ( 'NONE',  ( -10.04603596361464746, 21.79519694152378761, -0.5071996044609080601 ) ) ;
#6503 = LINE ( 'NONE', #5779, #381 ) ;
#6504 = EDGE_LOOP ( 'NONE', ( #6284, #7327, #1159, #2955 ) ) ;
#6505 = CARTESIAN_POINT ( 'NONE',  ( 17.58606047153680763, -11.01498005578817718, -0.9211172461270269451 ) ) ;
#6506 = B_SPLINE_CURVE_WITH_KNOTS ( 'NONE', 3,
 ( #8415, #4378, #2372, #7772 ),
 .UNSPECIFIED., .F., .F.,
 ( 4, 4 ),
 ( 7.065679926701885834E-16, 0.001519373972350305385 ),
 .UNSPECIFIED. ) ;
#6507 = CARTESIAN_POINT ( 'NONE',  ( 15.62089463499597564, 9.020669316464591247, 5.710772084629347489 ) ) ;
#6508 = CARTESIAN_POINT ( 'NONE',  ( 11.95364041589365200, 21.50478531694626838, -1.031461106948882600 ) ) ;
#6509 = CARTESIAN_POINT ( 'NONE',  ( -20.72783813001118247, 0.9249975395748216700, 1.803697761661423815 ) ) ;
#6510 = ADVANCED_FACE ( 'NONE', ( #5248, #5673 ), #8057, .F. ) ;
#6511 = PLANE ( 'NONE',  #8689 ) ;
#6512 = LINE ( 'NONE', #5549, #4719 ) ;
#6513 = ORIENTED_EDGE ( 'NONE', *, *, #6582, .F. ) ;
#6514 = EDGE_CURVE ( 'NONE', #8680, #5019, #4557, .T. ) ;
#6515 = CARTESIAN_POINT ( 'NONE',  ( -12.42887194618490909, 19.13924916658720576, 0.7014217426520631404 ) ) ;
#6516 = EDGE_CURVE ( 'NONE', #6932, #4348, #718, .T. ) ;
#6517 = FACE_OUTER_BOUND ( 'NONE', #8685, .T. ) ;
#6518 = EDGE_CURVE ( 'NONE', #6999, #2126, #4808, .T. ) ;
#6519 = CARTESIAN_POINT ( 'NONE',  ( -10.63076552225999905, -21.93252496939000196, -2.026714812420999934 ) ) ;
#6520 = CARTESIAN_POINT ( 'NONE',  ( 12.12715188846799919, -18.37746116585185163, -3.168951450962140370 ) ) ;
#6521 = CARTESIAN_POINT ( 'NONE',  ( 12.52862912625619884, 15.16644435627613952, -2.243221973581602580 ) ) ;
#6522 = CARTESIAN_POINT ( 'NONE',  ( -17.08058880648393085, -5.799854320452178413, 5.710772084629347489 ) ) ;
#6523 = ORIENTED_EDGE ( 'NONE', *, *, #3347, .F. ) ;
#6524 = ORIENTED_EDGE ( 'NONE', *, *, #1053, .T. ) ;
#6525 = CARTESIAN_POINT ( 'NONE',  ( 14.18166731850545936, 13.61302706394512896, -0.1048531076483045638 ) ) ;
#6526 = CARTESIAN_POINT ( 'NONE',  ( -3.471531876084068102, 20.53103876233656067, 1.633718900989040712 ) ) ;
#6527 = CARTESIAN_POINT ( 'NONE',  ( -21.53083851558923456, -1.457081270077480228, -0.7305730878728089461 ) ) ;
#6528 = CARTESIAN_POINT ( 'NONE',  ( -12.09257187258566724, 20.95317954782952796, -0.2676286771205336201 ) ) ;
#6529 = DIRECTION ( 'NONE',  ( 0.8870951276253010720, 0.4615866490091010133, 2.939053216325548415E-14 ) ) ;
#6530 = ORIENTED_EDGE ( 'NONE', *, *, #3751, .F. ) ;
#6531 = AXIS2_PLACEMENT_3D ( 'NONE', #2358, #7662, #979 ) ;
#6532 = CARTESIAN_POINT ( 'NONE',  ( -20.53843354692959977, 2.954996665412354950, 1.633754201805885042 ) ) ;
#6533 = CARTESIAN_POINT ( 'NONE',  ( -10.05089834558626194, 22.07376261811142726, -1.194773579749716097 ) ) ;
#6534 = ORIENTED_EDGE ( 'NONE', *, *, #4251, .T. ) ;
#6535 = B_SPLINE_CURVE_WITH_KNOTS ( 'NONE', 3,
 ( #766, #2714, #5405, #7420, #3382, #737, #3353, #4143, #3411, #5458, #1343, #105, #705, #6794, #74, #7391, #2105, #2683 ),
 .UNSPECIFIED., .F., .F.,
 ( 4, 2, 2, 2, 2, 2, 2, 2, 4 ),
 ( 0.000000000000000000, 0.1250000000000000000, 0.2500000000000000000, 0.3750000000000000000, 0.5000000000000000000, 0.6250000000000000000, 0.7500000000000000000, 0.8750000000000000000, 1.000000000000000000 ),
 .UNSPECIFIED. ) ;
#6536 = CARTESIAN_POINT ( 'NONE',  ( -21.24089231309999803, 1.694732777629999854, 1.677613819093000114 ) ) ;
#6537 = CARTESIAN_POINT ( 'NONE',  ( 18.77994685402883235, 2.590873961349272836, -0.8427858292324907907 ) ) ;
#6538 = VERTEX_POINT ( 'NONE', #4448 ) ;
#6539 = CARTESIAN_POINT ( 'NONE',  ( 18.84466266944999902, 9.930459737815999333, 1.800920247922000117 ) ) ;
#6540 = CARTESIAN_POINT ( 'NONE',  ( -18.09881309184754627, -7.671294265438023174, -0.1043186310122571209 ) ) ;
#6541 = DIRECTION ( 'NONE',  ( -1.000000000000000000, 0.000000000000000000, 0.000000000000000000 ) ) ;
#6542 = ORIENTED_EDGE ( 'NONE', *, *, #1201, .F. ) ;
#6543 = CARTESIAN_POINT ( 'NONE',  ( -11.42497361177641224, -18.69973326967487282, -3.306252270492363365 ) ) ;
#6544 = ORIENTED_EDGE ( 'NONE', *, *, #7590, .F. ) ;
#6545 = DIRECTION ( 'NONE',  ( 0.000000000000000000, 0.000000000000000000, 1.000000000000000000 ) ) ;
#6546 = CARTESIAN_POINT ( 'NONE',  ( 10.04024076002456844, 21.46318994993728779, -0.1365355635905737275 ) ) ;
#6547 = CARTESIAN_POINT ( 'NONE',  ( 11.47704035952000012, -18.63055134132000035, -3.274664949704000350 ) ) ;
#6548 = AXIS2_PLACEMENT_3D ( 'NONE', #6661, #1258, #3323 ) ;
#6549 = CARTESIAN_POINT ( 'NONE',  ( -11.52929826603999963, -21.68145822797999855, -1.232612179533999930 ) ) ;
#6550 = CARTESIAN_POINT ( 'NONE',  ( 17.81504052461433218, -10.63583845878329370, 1.231394352366057099 ) ) ;
#6551 = CARTESIAN_POINT ( 'NONE',  ( -20.66728758041113068, 1.832587465273989524, 1.508993972205032064 ) ) ;
#6552 = ORIENTED_EDGE ( 'NONE', *, *, #5853, .T. ) ;
#6553 = DIRECTION ( 'NONE',  ( 1.000000000000000000, 0.000000000000000000, 0.000000000000000000 ) ) ;
#6554 = CARTESIAN_POINT ( 'NONE',  ( 18.79401592573999835, -10.02862986268999990, -1.141117396536000195 ) ) ;
#6555 = DIRECTION ( 'NONE',  ( 1.000000000000000000, 0.000000000000000000, 0.000000000000000000 ) ) ;
#6556 = CARTESIAN_POINT ( 'NONE',  ( 18.56622570286132046, -10.99957248158740342, 0.4752960462711139367 ) ) ;
#6557 = ORIENTED_EDGE ( 'NONE', *, *, #4539, .F. ) ;
#6558 = LINE ( 'NONE', #6939, #972 ) ;
#6559 = CARTESIAN_POINT ( 'NONE',  ( 11.99768108363000074, 21.42294116443000007, -0.8472521624886999447 ) ) ;
#6560 = CARTESIAN_POINT ( 'NONE',  ( -11.93853199940899934, -19.91177410060315012, -3.538182448970389693 ) ) ;
#6561 = CARTESIAN_POINT ( 'NONE',  ( -20.74312040221274245, -0.6169343407295980741, -1.206334964443000146 ) ) ;
#6562 = CARTESIAN_POINT ( 'NONE',  ( 21.19669270782999959, -2.405006333196999968, 0.3236938625995999796 ) ) ;
#6563 = ORIENTED_EDGE ( 'NONE', *, *, #5552, .F. ) ;
#6564 = CARTESIAN_POINT ( 'NONE',  ( -18.00750567973914684, -10.39887648863375524, 4.523749079003891005 ) ) ;
#6565 = CARTESIAN_POINT ( 'NONE',  ( -10.02897210503500425, -20.81760913795817203, 0.3032517827407760214 ) ) ;
#6566 = B_SPLINE_CURVE_WITH_KNOTS ( 'NONE', 3,
 ( #4185, #4812, #3419, #8143, #775, #5495, #1438, #6172, #7513, #2306, #4341, #3607, #7048, #8374, #6381, #4247, #8313, #2998, #324, #3024, #7639 ),
 .UNSPECIFIED., .F., .F.,
 ( 4, 2, 1, 1, 2, 2, 2, 1, 1, 1, 2, 2, 4 ),
 ( 0.000000000000000000, 0.1250000000000019984, 0.1875000000000036082, 0.2187500000000044131, 0.2343750000000042188, 0.2500000000000040523, 0.5000000000000032196, 0.6250000000000027756, 0.6875000000000022204, 0.7187500000000015543, 0.7343750000000013323, 0.7500000000000009992, 1.000000000000000000 ),
 .UNSPECIFIED. ) ;
#6567 = CARTESIAN_POINT ( 'NONE',  ( -11.87726517284213479, -21.60535204383617014, -1.824428052360214547 ) ) ;
#6568 = DIRECTION ( 'NONE',  ( 0.000000000000000000, 0.000000000000000000, -1.000000000000000000 ) ) ;
#6569 = LINE ( 'NONE', #5211, #8145 ) ;
#6570 = CARTESIAN_POINT ( 'NONE',  ( 9.195387532136312103, -18.65078392898081816, 4.523749079003891893 ) ) ;
#6571 = PLANE ( 'NONE',  #5146 ) ;
#6572 = CARTESIAN_POINT ( 'NONE',  ( 19.32119071400257226, 7.563966717076449520, -1.118732128975100881 ) ) ;
#6573 = EDGE_CURVE ( 'NONE', #7357, #2290, #2639, .T. ) ;
#6574 = CARTESIAN_POINT ( 'NONE',  ( -14.18600824062928467, -9.763525446606220015, -2.066306154244998528 ) ) ;
#6575 = CARTESIAN_POINT ( 'NONE',  ( 10.05178969209363515, 22.12482782505011514, -1.652834415315522776 ) ) ;
#6576 = VERTEX_POINT ( 'NONE', #1696 ) ;
#6577 = CARTESIAN_POINT ( 'NONE',  ( 9.819069608258999438, -19.22613522246000173, 1.242744537851000031 ) ) ;
#6578 = CARTESIAN_POINT ( 'NONE',  ( 9.195387532136281905, 18.65078392898083592, 4.523749079003892781 ) ) ;
#6579 = CARTESIAN_POINT ( 'NONE',  ( -10.02813962910573942, -20.76965849733570124, -3.754900568630029856 ) ) ;
#6580 = CARTESIAN_POINT ( 'NONE',  ( 16.29436465312763005, -7.257565183648457818, -1.706306154247999807 ) ) ;
#6581 = CARTESIAN_POINT ( 'NONE',  ( 18.20849334333396641, -9.952293085902535807, -1.166729695438024628 ) ) ;
#6582 = EDGE_CURVE ( 'NONE', #2971, #4977, #5194, .T. ) ;
#6583 = AXIS2_PLACEMENT_3D ( 'NONE', #2522, #3902, #5924 ) ;
#6584 = CARTESIAN_POINT ( 'NONE',  ( 13.99016127097368134, 13.62939377466502933, -0.2518409801362745393 ) ) ;
#6585 = CARTESIAN_POINT ( 'NONE',  ( 18.64498257074999898, -10.31382118210000165, -1.054733626555000026 ) ) ;
#6586 = CARTESIAN_POINT ( 'NONE',  ( -21.55287156212363797, -1.092027954463802297, -0.8463061475628003150 ) ) ;
#6587 = CARTESIAN_POINT ( 'NONE',  ( 11.48908649864999987, 20.07410874453000105, -3.594041331426999886 ) ) ;
#6588 = ORIENTED_EDGE ( 'NONE', *, *, #8318, .F. ) ;
#6589 = B_SPLINE_CURVE_WITH_KNOTS ( 'NONE', 3,
 ( #3735, #4406, #510, #567, #5843, #4618, #7175, #5867, #1128, #1890 ),
 .UNSPECIFIED., .F., .F.,
 ( 4, 2, 2, 2, 4 ),
 ( 0.005860702285431976417, 0.1294647301924855831, 0.2530687580995392150, 0.3766727860065928191, 0.5002768139136464232 ),
 .UNSPECIFIED. ) ;
#6590 = CARTESIAN_POINT ( 'NONE',  ( 21.27859523724999846, -0.9619884135261999036, -1.156306155109999789 ) ) ;
#6591 = DIRECTION ( 'NONE',  ( -3.400573180623999403E-14, 4.102686739163000168E-14, 1.000000000000000000 ) ) ;
#6592 = CARTESIAN_POINT ( 'NONE',  ( 9.910045494192710080, 14.04777557890004047, -2.066184245846950152 ) ) ;
#6593 = CARTESIAN_POINT ( 'NONE',  ( 16.52595574432685055, -6.685321521859969529, -1.706290334666315189 ) ) ;
#6594 = CARTESIAN_POINT ( 'NONE',  ( -10.25902813757000054, -18.85290344983999944, -3.330110284395999987 ) ) ;
#6595 = CARTESIAN_POINT ( 'NONE',  ( -12.80041493307034273, 14.64786141300398725, -0.3395707755773304526 ) ) ;
#6596 = CARTESIAN_POINT ( 'NONE',  ( -20.75000000000009592, 1.892058254904140894E-09, 3.633693845754784046 ) ) ;
#6597 = CARTESIAN_POINT ( 'NONE',  ( -2.716135067105086787, -20.61624367650274436, 4.523749079003893669 ) ) ;
#6598 = CARTESIAN_POINT ( 'NONE',  ( -17.93338711622295634, 1.598504659288644492, -1.591516758617154137 ) ) ;
#6599 = FACE_OUTER_BOUND ( 'NONE', #6024, .T. ) ;
#6600 = ORIENTED_EDGE ( 'NONE', *, *, #7141, .F. ) ;
#6601 = CARTESIAN_POINT ( 'NONE',  ( -20.70866394017003387, -1.322584675335031879, 1.814976586541662495 ) ) ;
#6602 = CARTESIAN_POINT ( 'NONE',  ( 12.92111821736576083, 16.23596230641659943, 1.633702142078530040 ) ) ;
#6603 = CIRCLE ( 'NONE', #2016, 1.434703676270656869 ) ;
#6604 = CARTESIAN_POINT ( 'NONE',  ( -10.40131140559000045, -17.93566919770999846, 1.646310730146999912 ) ) ;
#6605 = CARTESIAN_POINT ( 'NONE',  ( 18.03659482102836975, -10.25633221803172468, 1.615863023434828794 ) ) ;
#6606 = CARTESIAN_POINT ( 'NONE',  ( -11.82796345605999910, -20.10337547901000121, -4.917878876678999589 ) ) ;
#6607 = VECTOR ( 'NONE', #2228, 1000.000000000000000 ) ;
#6608 = VERTEX_POINT ( 'NONE', #4565 ) ;
#6609 = CARTESIAN_POINT ( 'NONE',  ( 1.300000000000000044, 12.34999999999999964, -2.066306154244998528 ) ) ;
#6610 = AXIS2_PLACEMENT_3D ( 'NONE', #8136, #2079, #2773 ) ;
#6611 = CARTESIAN_POINT ( 'NONE',  ( 21.20390162444000026, 2.304269520417000283, -0.2167618152377999707 ) ) ;
#6612 = CARTESIAN_POINT ( 'NONE',  ( -10.01592089730193003, 20.06990594796000238, -2.068331160266999813 ) ) ;
#6613 = CARTESIAN_POINT ( 'NONE',  ( 18.68657153180400599, -10.79443961074830938, -0.3941521669477446310 ) ) ;
#6614 = FACE_OUTER_BOUND ( 'NONE', #132, .T. ) ;
#6615 = ORIENTED_EDGE ( 'NONE', *, *, #3638, .F. ) ;
#6616 = CARTESIAN_POINT ( 'NONE',  ( 11.73354591386000045, 21.61638440006000295, -2.022982249635999707 ) ) ;
#6617 = CARTESIAN_POINT ( 'NONE',  ( 16.58664450430649850, 6.536390980432519093, -1.706328799548743058 ) ) ;
#6618 = EDGE_CURVE ( 'NONE', #5944, #887, #3258, .T. ) ;
#6619 = CARTESIAN_POINT ( 'NONE',  ( 19.76920065682735128, -2.954987829666224641, 0.3236817951431419926 ) ) ;
#6620 = EDGE_LOOP ( 'NONE', ( #4546, #4077, #3269, #7157 ) ) ;
#6621 = CARTESIAN_POINT ( 'NONE',  ( 21.27986623197999805, -0.9249912501370999296, 1.803693929031999987 ) ) ;
#6622 = CARTESIAN_POINT ( 'NONE',  ( 18.74367118665000120, 10.12547780630999839, 1.767770005441000158 ) ) ;
#6623 = CARTESIAN_POINT ( 'NONE',  ( -11.88312431313999973, -14.43417182269999977, -2.164378923375999797 ) ) ;
#6624 = CARTESIAN_POINT ( 'NONE',  ( 19.64588254226217501, 6.678686361865836751, 1.095699721236915058 ) ) ;
#6625 = CARTESIAN_POINT ( 'NONE',  ( 17.83525270330115120, -0.3086773573956331784, -1.706306154247999807 ) ) ;
#6626 = ORIENTED_EDGE ( 'NONE', *, *, #928, .T. ) ;
#6627 = CARTESIAN_POINT ( 'NONE',  ( -10.00286818446738124, -19.31473378429770094, -3.565986344090020133 ) ) ;
#6628 = DIRECTION ( 'NONE',  ( -1.000000000000000000, 0.000000000000000000, 0.000000000000000000 ) ) ;
#6629 = CARTESIAN_POINT ( 'NONE',  ( 15.63277634440262887, -13.71215507488322061, 3.633693845755117113 ) ) ;
#6630 = CARTESIAN_POINT ( 'NONE',  ( -12.16332589783696072, 20.59463211377179803, -0.01560864668693204976 ) ) ;
#6631 = VERTEX_POINT ( 'NONE', #3044 ) ;
#6632 = EDGE_CURVE ( 'NONE', #2603, #2057, #917, .T. ) ;
#6633 = EDGE_CURVE ( 'NONE', #511, #8479, #1272, .T. ) ;
#6634 = CARTESIAN_POINT ( 'NONE',  ( 19.69021667023922717, 6.685974911015639677, 4.523749079003892781 ) ) ;
#6635 = ORIENTED_EDGE ( 'NONE', *, *, #5055, .T. ) ;
#6636 = DIRECTION ( 'NONE',  ( -1.000000000000000000, 0.000000000000000000, 0.000000000000000000 ) ) ;
#6637 = CARTESIAN_POINT ( 'NONE',  ( -12.19949554136000103, -20.87411593950000110, 0.6586077364430998893 ) ) ;
#6638 = CARTESIAN_POINT ( 'NONE',  ( 17.36537623189934720, 11.35808994070831979, 1.633686606719460199 ) ) ;
#6639 = ORIENTED_EDGE ( 'NONE', *, *, #6461, .T. ) ;
#6640 = ORIENTED_EDGE ( 'NONE', *, *, #8596, .F. ) ;
#6641 = CARTESIAN_POINT ( 'NONE',  ( -21.22519183685999877, -2.011406958089999808, 1.330777592913999996 ) ) ;
#6642 = CARTESIAN_POINT ( 'NONE',  ( -21.20455068583999747, 2.303895852166999880, 0.8650970286101999918 ) ) ;
#6643 = EDGE_LOOP ( 'NONE', ( #1237, #46 ) ) ;
#6644 = CARTESIAN_POINT ( 'NONE',  ( 11.85559802845000021, 21.25815788313999732, -2.763193973383000213 ) ) ;
#6645 = ORIENTED_EDGE ( 'NONE', *, *, #1261, .F. ) ;
#6646 = B_SPLINE_CURVE_WITH_KNOTS ( 'NONE', 3,
 ( #966, #4377, #1100, #6500, #7770, #2371 ),
 .UNSPECIFIED., .F., .F.,
 ( 4, 2, 4 ),
 ( 1.846075085662545845E-17, 0.0008024654187526689695, 0.001604930837505319507 ),
 .UNSPECIFIED. ) ;
#6647 = ORIENTED_EDGE ( 'NONE', *, *, #4082, .F. ) ;
#6648 = CARTESIAN_POINT ( 'NONE',  ( 11.31132178742789129, 20.20116679453899167, -3.607497284257130676 ) ) ;
#6649 = CARTESIAN_POINT ( 'NONE',  ( 21.27501248624000141, -0.8784750376882001222, 1.810031652369999966 ) ) ;
#6650 = CARTESIAN_POINT ( 'NONE',  ( -11.85702211946049722, -21.52405404165251213, -2.219065010894329948 ) ) ;
#6651 = CARTESIAN_POINT ( 'NONE',  ( -11.02265995220999883, -13.49837149908999834, -2.069005077347000565 ) ) ;
#6652 = CARTESIAN_POINT ( 'NONE',  ( -11.19987252093000052, -20.56990594796000238, -2.068331160266999813 ) ) ;
#6653 = CARTESIAN_POINT ( 'NONE',  ( -21.37227041671000194, -0.8858136526097000196, -1.054945605819000098 ) ) ;
#6654 = CARTESIAN_POINT ( 'NONE',  ( 19.86305039008235340, 6.001810467054228937, 0.3236924589759999638 ) ) ;
#6655 = CARTESIAN_POINT ( 'NONE',  ( -18.40406413899853533, -7.892685155737925840, 0.3741597451294642607 ) ) ;
#6656 = CARTESIAN_POINT ( 'NONE',  ( 19.14356050471999993, 9.960822032316000829, -0.8463061541712000313 ) ) ;
#6657 = ORIENTED_EDGE ( 'NONE', *, *, #4020, .T. ) ;
#6658 = CARTESIAN_POINT ( 'NONE',  ( -12.12715260530545969, 18.37746048870040028, -3.168951149722860183 ) ) ;
#6659 = CARTESIAN_POINT ( 'NONE',  ( 10.37868577719000029, -18.97280515214999852, 1.254865080327000060 ) ) ;
#6660 = ADVANCED_FACE ( 'NONE', ( #3432 ), #517, .T. ) ;
#6661 = CARTESIAN_POINT ( 'NONE',  ( -1.680000000000000160, 10.55000000000000071, -2.846306154245000108 ) ) ;
#6662 = CARTESIAN_POINT ( 'NONE',  ( 19.16576168259589963, -5.676649418170450545, 0.3237284725022330223 ) ) ;
#6663 = DIRECTION ( 'NONE',  ( -1.000000000000000000, 0.000000000000000000, 0.000000000000000000 ) ) ;
#6664 = CARTESIAN_POINT ( 'NONE',  ( 17.90605093328940356, -10.48527046980843735, -0.8292331773593709654 ) ) ;
#6665 = ORIENTED_EDGE ( 'NONE', *, *, #2485, .T. ) ;
#6666 = FACE_OUTER_BOUND ( 'NONE', #8077, .T. ) ;
#6667 = CARTESIAN_POINT ( 'NONE',  ( -1.300000000000000044, 13.58546473664049969, -1.296306154244999842 ) ) ;
#6668 = CARTESIAN_POINT ( 'NONE',  ( 18.26533998092000033, -11.01101611536999947, 0.9655616356542000567 ) ) ;
#6669 = CARTESIAN_POINT ( 'NONE',  ( -11.19987252093000052, 20.56990594796000238, -2.068331160266999813 ) ) ;
#6670 = CARTESIAN_POINT ( 'NONE',  ( 11.86558263509999911, 21.45224269635999903, -2.409392805099999979 ) ) ;
#6671 = ORIENTED_EDGE ( 'NONE', *, *, #8438, .T. ) ;
#6672 = CARTESIAN_POINT ( 'NONE',  ( -11.87921895759136248, 20.62430128552044906, -3.317873949986556159 ) ) ;
#6673 = VECTOR ( 'NONE', #6200, 999.9999999999998863 ) ;
#6674 = CARTESIAN_POINT ( 'NONE',  ( -10.25626063069999994, -19.16957395734999992, -3.500664097705000088 ) ) ;
#6675 = CARTESIAN_POINT ( 'NONE',  ( 21.20218239980000163, -2.264243390039000214, 1.116601444288000122 ) ) ;
#6676 = EDGE_CURVE ( 'NONE', #2430, #1552, #6705, .T. ) ;
#6677 = B_SPLINE_CURVE_WITH_KNOTS ( 'NONE', 3,
 ( #4386, #946, #6432, #3739, #4959, #5637, #6344, #1577, #2296, #7015, #3656, #8363, #4331, #5017, #1637, #4447, #1164, #3206, #7866, #7151, #3821, #7121, #8476, #3099, #5903, #5875, #4503, #8505, #5820, #5196, #1807, #5108, #6540, #7208, #403, #7809 ),
 .UNSPECIFIED., .F., .F.,
 ( 4, 1, 2, 2, 1, 2, 2, 2, 2, 2, 2, 2, 2, 2, 2, 2, 2, 2, 4 ),
 ( 0.000000000000000000, 0.06249999999999422684, 0.09374999999999074352, 0.1249999999999872602, 0.1874999999999810152, 0.2187499999999788503, 0.2499999999999766853, 0.3124999999999767963, 0.3749999999999769074, 0.4999999999999824585, 0.5624999999999893419, 0.6249999999999962252, 0.6875000000000046629, 0.7187500000000061062, 0.7500000000000075495, 0.8125000000000063283, 0.8437500000000058842, 0.8750000000000054401, 1.000000000000000000 ),
 .UNSPECIFIED. ) ;
#6678 = APPLICATION_CONTEXT ( 'automotive_design' ) ;
#6679 = CARTESIAN_POINT ( 'NONE',  ( 9.964938535870723868, 17.14912841745123373, -2.591520119280838585 ) ) ;
#6680 = CARTESIAN_POINT ( 'NONE',  ( -2.571746070947293310E-15, 17.99991456011998991, 5.710772084629349266 ) ) ;
#6681 = CARTESIAN_POINT ( 'NONE',  ( 1.757118938119077489, 17.12279789493090476, -2.066306154244998083 ) ) ;
#6682 = ORIENTED_EDGE ( 'NONE', *, *, #8481, .T. ) ;
#6683 = EDGE_CURVE ( 'NONE', #6444, #7148, #3201, .T. ) ;
#6684 = EDGE_CURVE ( 'NONE', #4523, #7539, #4068, .T. ) ;
#6685 = CARTESIAN_POINT ( 'NONE',  ( -18.31871796851643452, -8.258402825834966876, 0.4733702818718196204 ) ) ;
#6686 = DIRECTION ( 'NONE',  ( -0.000000000000000000, 0.000000000000000000, -1.000000000000000000 ) ) ;
#6687 = CARTESIAN_POINT ( 'NONE',  ( 2.356154175500563941, -17.88388552904326545, 5.710772084629347489 ) ) ;
#6688 = CARTESIAN_POINT ( 'NONE',  ( 9.980540289145000798, -19.28729474184999759, -3.549738841111999665 ) ) ;
#6689 = ORIENTED_EDGE ( 'NONE', *, *, #7129, .F. ) ;
#6690 = CARTESIAN_POINT ( 'NONE',  ( -20.61340256745488730, 2.367384109753089216, -0.06176801637167602527 ) ) ;
#6691 = CARTESIAN_POINT ( 'NONE',  ( -11.93125101921999942, 20.13809761851999980, -3.526082306398000021 ) ) ;
#6692 = CARTESIAN_POINT ( 'NONE',  ( 17.65751913201885870, 10.89866604104976844, 0.7254809766113076153 ) ) ;
#6693 = EDGE_CURVE ( 'NONE', #3785, #7252, #1945, .T. ) ;
#6694 = AXIS2_PLACEMENT_3D ( 'NONE', #6105, #2070, #65 ) ;
#6695 = CIRCLE ( 'NONE', #2074, 21.29999999687000667 ) ;
#6696 = CARTESIAN_POINT ( 'NONE',  ( -20.59351216094921710, 2.550796663447787438, -0.9210846725375984034 ) ) ;
#6697 = VERTEX_POINT ( 'NONE', #5423 ) ;
#6698 = CARTESIAN_POINT ( 'NONE',  ( -10.02813971218315992, 20.76965839694410221, -3.754900548942365024 ) ) ;
#6699 = B_SPLINE_CURVE_WITH_KNOTS ( 'NONE', 3,
 ( #2712, #5455, #3467, #3408, #4112, #8183, #4089, #1373, #3437, #4744, #1313, #102, #2050, #41, #1398, #789, #6108, #70, #6772, #1991, #4037, #6792, #8159, #6718, #4798, #763, #1340, #8746, #6077, #4775, #4716, #2681, #1426, #2744, #6138, #669, #2102, #2770, #5482, #7500, #2022, #6748, #7418, #3380, #8106, #5634 ),
 .UNSPECIFIED., .F., .F.,
 ( 4, 2, 1, 2, 2, 2, 2, 2, 2, 2, 1, 1, 1, 2, 2, 2, 2, 2, 2, 2, 2, 1, 1, 2, 2, 4 ),
 ( 0.000000000000000000, 0.1249999999999829581, 0.1874999999999748812, 0.2187499999999709954, 0.2499999999999671374, 0.3749999999999545919, 0.4374999999999483746, 0.4999999999999422684, 0.5624999999999360512, 0.5937499999999329425, 0.6093749999999307221, 0.6171874999999295008, 0.6210937499999288347, 0.6230468749999286127, 0.6249999999999282796, 0.6874999999999485967, 0.7187499999999579225, 0.7343749999999632516, 0.7499999999999685807, 0.8124999999999898970, 0.8437500000000005551, 0.8593750000000058842, 0.8671875000000077716, 0.8710937500000077716, 0.8750000000000077716, 1.000000000000000000 ),
 .UNSPECIFIED. ) ;
#6700 = CARTESIAN_POINT ( 'NONE',  ( 1.187146660667790017E-16, -20.75000000000000000, 4.202389014246000087 ) ) ;
#6701 = CARTESIAN_POINT ( 'NONE',  ( 11.04247352077999977, 21.53377803375999733, -2.754786240745999759 ) ) ;
#6702 = CARTESIAN_POINT ( 'NONE',  ( -11.95404566083753117, 21.49652891645987651, -1.040485388978834802 ) ) ;
#6703 = CARTESIAN_POINT ( 'NONE',  ( 20.75000000000025224, 1.270571054115410097E-15, 3.383693845754244922 ) ) ;
#6704 = CIRCLE ( 'NONE', #8241, 17.99991456012002189 ) ;
#6705 = B_SPLINE_CURVE_WITH_KNOTS ( 'NONE', 3,
 ( #7954, #3909, #3182, #5281, #6483, #6570, #2442, #2531, #3794, #7237, #3207, #4055, #7409, #3342, #8649, #5314, #694, #8012 ),
 .UNSPECIFIED., .F., .F.,
 ( 4, 2, 2, 2, 2, 2, 2, 2, 4 ),
 ( 0.000000000000000000, 0.06250000000000005551, 0.1250000000000001110, 0.1875000000000001110, 0.2500000000000001110, 0.3125000000000001110, 0.3750000000000001110, 0.4375000000000000555, 0.5000000000000000000 ),
 .UNSPECIFIED. ) ;
#6706 = VERTEX_POINT ( 'NONE', #6711 ) ;
#6707 = DIRECTION ( 'NONE',  ( -1.000000000000000000, 0.000000000000000000, 0.000000000000000000 ) ) ;
#6708 = CARTESIAN_POINT ( 'NONE',  ( 1.300000000000000044, 12.34999999999999964, -1.296306154244999842 ) ) ;
#6709 = CARTESIAN_POINT ( 'NONE',  ( 20.60636954520256126, -2.503964059231894357, -0.6131279102669632275 ) ) ;
#6710 = CARTESIAN_POINT ( 'NONE',  ( -12.70444963363999946, -13.68483142234000027, -2.107336002820999976 ) ) ;
#6711 = CARTESIAN_POINT ( 'NONE',  ( 11.19987252093000052, -20.06990594796000238, -2.068331160266999813 ) ) ;
#6712 = DIRECTION ( 'NONE',  ( 0.000000000000000000, 1.000000000000000000, 0.000000000000000000 ) ) ;
#6713 = CARTESIAN_POINT ( 'NONE',  ( -11.19987252093000052, -21.06990594796000238, -2.068331160266999813 ) ) ;
#6714 = AXIS2_PLACEMENT_3D ( 'NONE', #7044, #3662, #3048 ) ;
#6715 = FACE_OUTER_BOUND ( 'NONE', #5159, .T. ) ;
#6716 = CARTESIAN_POINT ( 'NONE',  ( 11.06970209226999913, -20.52936979183000332, -3.596439651303999785 ) ) ;
#6717 = ORIENTED_EDGE ( 'NONE', *, *, #1300, .F. ) ;
#6718 = CARTESIAN_POINT ( 'NONE',  ( -18.59888927932203728, -2.448654191002842317, -1.017721534167459030 ) ) ;
#6719 = CARTESIAN_POINT ( 'NONE',  ( -10.63830787900000097, 20.45925559276999905, -3.695109005240999611 ) ) ;
#6720 = CARTESIAN_POINT ( 'NONE',  ( 12.67454484868284759, -17.74090204318759945, 1.228487732122514720 ) ) ;
#6721 = VECTOR ( 'NONE', #1404, 1000.000000000000000 ) ;
#6722 = ORIENTED_EDGE ( 'NONE', *, *, #6968, .T. ) ;
#6723 = VECTOR ( 'NONE', #1742, 1000.000000000000227 ) ;
#6724 = CARTESIAN_POINT ( 'NONE',  ( -21.25157433361999892, -1.567713180294999953, 1.658392411406000022 ) ) ;
#6725 = CARTESIAN_POINT ( 'NONE',  ( 18.19431725101000197, -11.13780858411000096, 0.3236459147501999922 ) ) ;
#6726 = CARTESIAN_POINT ( 'NONE',  ( -12.58677122075999932, 14.85100620961000040, -2.193830223519999567 ) ) ;
#6727 = CARTESIAN_POINT ( 'NONE',  ( 20.02741440941999684, 7.298827361052000029, 1.481616878695000139 ) ) ;
#6728 = CARTESIAN_POINT ( 'NONE',  ( 11.07689673704999933, 21.84434313275999884, -1.633525376713000021 ) ) ;
#6729 = ORIENTED_EDGE ( 'NONE', *, *, #860, .F. ) ;
#6730 = CARTESIAN_POINT ( 'NONE',  ( -11.84948735211168547, 21.38344520220129397, -2.544909193955267934 ) ) ;
#6731 = EDGE_CURVE ( 'NONE', #2743, #382, #480, .T. ) ;
#6732 = ORIENTED_EDGE ( 'NONE', *, *, #4541, .T. ) ;
#6733 = EDGE_CURVE ( 'NONE', #6159, #4946, #4138, .T. ) ;
#6734 = CARTESIAN_POINT ( 'NONE',  ( 21.55960195675000080, -0.9371567665001000469, -0.8463061542402999793 ) ) ;
#6735 = CARTESIAN_POINT ( 'NONE',  ( 21.45922649983999975, -1.151520875861000048, 1.595247694270000016 ) ) ;
#6736 = B_SPLINE_CURVE_WITH_KNOTS ( 'NONE', 3,
 ( #7321, #2063, #2816, #2727 ),
 .UNSPECIFIED., .F., .F.,
 ( 4, 4 ),
 ( 0.000000000000000000, 1.000000000000000000 ),
 .UNSPECIFIED. ) ;
#6737 = FILL_AREA_STYLE_COLOUR ( '', #141 ) ;
#6738 = CARTESIAN_POINT ( 'NONE',  ( 19.17813561918450205, -7.922224390327420096, -1.706307346201854980 ) ) ;
#6739 = CARTESIAN_POINT ( 'NONE',  ( 19.25583816698088313, 7.734121897370115128, 1.853686765006259840 ) ) ;
#6740 = CARTESIAN_POINT ( 'NONE',  ( -21.46900130166999787, -0.9065753226275999888, 1.595029037034999986 ) ) ;
#6741 = ORIENTED_EDGE ( 'NONE', *, *, #8382, .T. ) ;
#6742 = DIRECTION ( 'NONE',  ( 0.000000000000000000, 0.000000000000000000, -1.000000000000000000 ) ) ;
#6743 = ORIENTED_EDGE ( 'NONE', *, *, #1411, .T. ) ;
#6744 = CARTESIAN_POINT ( 'NONE',  ( -0.8830245960527514093, -17.17324684872193785, -2.066306154244998083 ) ) ;
#6745 = CARTESIAN_POINT ( 'NONE',  ( 2.170793554198164535E-09, 20.75000000000024869, 3.383693845754243590 ) ) ;
#6746 = VERTEX_POINT ( 'NONE', #6680 ) ;
#6747 = EDGE_CURVE ( 'NONE', #5595, #1723, #5032, .T. ) ;
#6748 = CARTESIAN_POINT ( 'NONE',  ( -19.39616261038751688, -2.896740276988411633, -0.1591775930895587554 ) ) ;
#6749 = CARTESIAN_POINT ( 'NONE',  ( -11.86491189314000039, 20.99127702263999851, -3.067001939176999592 ) ) ;
#6750 = CARTESIAN_POINT ( 'NONE',  ( 12.48251055071127880, -18.84005337499717214, 0.8292155969120803549 ) ) ;
#6751 = EDGE_LOOP ( 'NONE', ( #3585, #1080, #2535, #8014 ) ) ;
#6752 = CARTESIAN_POINT ( 'NONE',  ( -19.76926175930339724, -2.955004418068249983, 0.3236120856750730468 ) ) ;
#6753 = CARTESIAN_POINT ( 'NONE',  ( 20.71979560434602519, 1.120875544237095012, -1.156441529357374653 ) ) ;
#6754 = EDGE_LOOP ( 'NONE', ( #6840, #5131, #6891 ) ) ;
#6755 = CARTESIAN_POINT ( 'NONE',  ( -19.76922465422605057, 2.954965490899789771, 0.3236937139960654464 ) ) ;
#6756 = CARTESIAN_POINT ( 'NONE',  ( 10.71132003704999924, 21.26642404592000091, -0.1390694708716000150 ) ) ;
#6757 = AXIS2_PLACEMENT_3D ( 'NONE', #5050, #229, #3628 ) ;
#6758 = CARTESIAN_POINT ( 'NONE',  ( -11.88844793921639109, 21.60379744350675679, -1.684388130105179737 ) ) ;
#6759 = B_SPLINE_CURVE_WITH_KNOTS ( 'NONE', 3,
 ( #7271, #1246, #6681, #7983, #3239, #2532, #4626, #8707, #2585, #609, #6043 ),
 .UNSPECIFIED., .F., .F.,
 ( 4, 2, 1, 2, 2, 4 ),
 ( 0.000000000000000000, 0.2499999999999997224, 0.3749999999999995559, 0.4374999999999996669, 0.4999999999999997780, 1.000000000000000000 ),
 .UNSPECIFIED. ) ;
#6760 = CARTESIAN_POINT ( 'NONE',  ( 21.55287049865516735, -1.092054160838525911, 1.493695079269834913 ) ) ;
#6761 = ORIENTED_EDGE ( 'NONE', *, *, #3642, .T. ) ;
#6762 = CARTESIAN_POINT ( 'NONE',  ( 18.25878159194000006, -11.01255407668000075, 1.116553496438999815 ) ) ;
#6763 = DIRECTION ( 'NONE',  ( 0.6696537821017177761, 0.02911326698883079031, -0.7421025736393198624 ) ) ;
#6764 = FACE_OUTER_BOUND ( 'NONE', #8113, .T. ) ;
#6765 = CARTESIAN_POINT ( 'NONE',  ( -7.638584468207382905, 19.29286208218094600, 3.633693845755003871 ) ) ;
#6766 = CARTESIAN_POINT ( 'NONE',  ( 1.300000000000000044, 12.34999999999999964, -2.066306154244998528 ) ) ;
#6767 = CARTESIAN_POINT ( 'NONE',  ( -9.981629994242306125, 18.08922998571615892, -2.948502502053958807 ) ) ;
#6768 = PLANE ( 'NONE',  #3041 ) ;
#6769 = VERTEX_POINT ( 'NONE', #1279 ) ;
#6770 = CONICAL_SURFACE ( 'NONE', #8054, 21.43999998789000472, 0.7345944593390484334 ) ;
#6771 = AXIS2_PLACEMENT_3D ( 'NONE', #8322, #838, #4280 ) ;
#6772 = CARTESIAN_POINT ( 'NONE',  ( -18.52364278451528889, -2.383612259037120484, -1.088305658347106686 ) ) ;
#6773 = CARTESIAN_POINT ( 'NONE',  ( -11.96234812672000025, 19.85397228292999827, -3.538930145208999622 ) ) ;
#6774 = CARTESIAN_POINT ( 'NONE',  ( 3.445734977061997828, 12.34999999999999964, -1.566306154244998750 ) ) ;
#6775 = ORIENTED_EDGE ( 'NONE', *, *, #3504, .T. ) ;
#6776 = CARTESIAN_POINT ( 'NONE',  ( 21.19953586244999855, 2.369159447876000080, 0.6536870564460000033 ) ) ;
#6777 = DIRECTION ( 'NONE',  ( -0.5946155020400099023, 0.3093803118888049375, 0.7421025719867118120 ) ) ;
#6778 = DIRECTION ( 'NONE',  ( 0.000000000000000000, 0.000000000000000000, -1.000000000000000000 ) ) ;
#6779 = CARTESIAN_POINT ( 'NONE',  ( 11.04772084750000083, 21.70460125472000001, -2.402433736543000187 ) ) ;
#6780 = CARTESIAN_POINT ( 'NONE',  ( 18.91047619527000023, 9.787281238212999668, 1.810055405318000021 ) ) ;
#6781 = VERTEX_POINT ( 'NONE', #1950 ) ;
#6782 = CARTESIAN_POINT ( 'NONE',  ( 9.979633391648999208, 19.25934032523999662, -3.534242229831999538 ) ) ;
#6783 = CARTESIAN_POINT ( 'NONE',  ( 19.15420343549000037, -9.952583233200998691, 1.487428321125000119 ) ) ;
#6784 = B_SPLINE_CURVE_WITH_KNOTS ( 'NONE', 3,
 ( #5496, #3480, #1470, #6201, #5440, #3420, #8756, #682, #6807, #4416, #375, #1088, #7811, #7155, #5851, #8668, #2633, #6423, #5780, #7174, #7705, #6414, #7079, #7673 ),
 .UNSPECIFIED., .F., .F.,
 ( 4, 1, 1, 1, 1, 1, 1, 1, 1, 1, 1, 1, 1, 1, 1, 1, 1, 1, 1, 1, 1, 4 ),
 ( 0.000000000000000000, 0.04761904761904999644, 0.09523809523809999289, 0.1428571428570999946, 0.1904761904761999858, 0.2380952380951999736, 0.2857142857143000203, 0.3333333333333000081, 0.3809523809523999716, 0.4285714285713999594, 0.4761904761904999783, 0.5238095238095000772, 0.5714285714286000406, 0.6190476190476000840, 0.6666666666667000474, 0.7142857142856999797, 0.7619047619048000541, 0.8095238095237999865, 0.8571428571429000609, 0.9047619047618999932, 0.9523809523809999567, 1.000000000000000000 ),
 .UNSPECIFIED. ) ;
#6785 = CARTESIAN_POINT ( 'NONE',  ( 19.74244945008263485, -6.390226339906784681, -0.9195744312873017634 ) ) ;
#6786 = CARTESIAN_POINT ( 'NONE',  ( -21.39602949318999947, -2.088121721473000125, 1.001676702734999980 ) ) ;
#6787 = ORIENTED_EDGE ( 'NONE', *, *, #7510, .T. ) ;
#6788 = EDGE_CURVE ( 'NONE', #1995, #5138, #3370, .T. ) ;
#6789 = CARTESIAN_POINT ( 'NONE',  ( -9.914178756237273404, 14.24734121825003541, -2.065809701918263297 ) ) ;
#6790 = CARTESIAN_POINT ( 'NONE',  ( 11.89340882551999812, -20.54485889346999983, -3.397217596938999939 ) ) ;
#6791 = CARTESIAN_POINT ( 'NONE',  ( 12.47263381276999894, 19.35628445736000103, 0.6874723013437000763 ) ) ;
#6792 = CARTESIAN_POINT ( 'NONE',  ( -18.58870621630085296, -2.440122739490061310, -1.027364994974946599 ) ) ;
#6793 = CARTESIAN_POINT ( 'NONE',  ( -11.71562486205999853, 20.62154140219000098, -3.402855787815000088 ) ) ;
#6794 = CARTESIAN_POINT ( 'NONE',  ( 20.20241966632488229, -7.587384021475255480, 1.262032318953040244 ) ) ;
#6795 = VECTOR ( 'NONE', #479, 1000.000000000000000 ) ;
#6796 = VERTEX_POINT ( 'NONE', #2673 ) ;
#6797 = CARTESIAN_POINT ( 'NONE',  ( 11.92962387740135277, -21.56579315330065683, -1.228147875090314312 ) ) ;
#6798 = AXIS2_PLACEMENT_3D ( 'NONE', #287, #8391, #3736 ) ;
#6799 = FACE_OUTER_BOUND ( 'NONE', #1104, .T. ) ;
#6800 = DIRECTION ( 'NONE',  ( 0.000000000000000000, 0.000000000000000000, -1.000000000000000000 ) ) ;
#6801 = CARTESIAN_POINT ( 'NONE',  ( 10.04969768466985514, -22.00497680026704472, -2.404431799282899185 ) ) ;
#6802 = CIRCLE ( 'NONE', #4167, 17.39991456012002402 ) ;
#6803 = EDGE_LOOP ( 'NONE', ( #4703, #6557, #6002, #8376 ) ) ;
#6804 = CARTESIAN_POINT ( 'NONE',  ( 10.02813962910573942, 20.76965849733570124, -3.754900568630029856 ) ) ;
#6805 = CARTESIAN_POINT ( 'NONE',  ( 10.63181711541000141, 20.72404662861000091, -3.633829704067000232 ) ) ;
#6806 = CARTESIAN_POINT ( 'NONE',  ( 9.983112060750290340, -18.19064668475849800, 1.633726812308154974 ) ) ;
#6807 = CARTESIAN_POINT ( 'NONE',  ( 20.15749403779000204, 6.962849096464999832, -0.4160415141785999693 ) ) ;
#6808 = CARTESIAN_POINT ( 'NONE',  ( 18.77816009906455008, -2.600964214902352190, -0.8485660841386921671 ) ) ;
#6809 = B_SPLINE_CURVE_WITH_KNOTS ( 'NONE', 3,
 ( #8464, #8351, #2426, #7710, #5685, #4345, #5093, #4316 ),
 .UNSPECIFIED., .F., .F.,
 ( 4, 2, 2, 4 ),
 ( 0.000000000000000000, 0.4999999999999992228, 0.7499999999999995559, 1.000000000000000000 ),
 .UNSPECIFIED. ) ;
#6810 = ADVANCED_FACE ( 'NONE', ( #3231 ), #939, .T. ) ;
#6811 = LINE ( 'NONE', #7032, #1224 ) ;
#6812 = CARTESIAN_POINT ( 'NONE',  ( 10.27381383874000065, 17.40863918826000045, -2.694535270117999648 ) ) ;
#6813 = VERTEX_POINT ( 'NONE', #725 ) ;
#6814 = CARTESIAN_POINT ( 'NONE',  ( 18.64320487346000021, -10.50958232893000144, -0.9321553762500000007 ) ) ;
#6815 = CARTESIAN_POINT ( 'NONE',  ( 9.949771566820230007, -16.28021334274938070, -2.349133871169607257 ) ) ;
#6816 = EDGE_CURVE ( 'NONE', #8298, #6228, #1215, .T. ) ;
#6817 = CARTESIAN_POINT ( 'NONE',  ( 18.58162441792897468, 10.97361684330305209, 0.02178750233898442759 ) ) ;
#6818 = CARTESIAN_POINT ( 'NONE',  ( 19.71150494995367453, 6.482860258360803485, 0.3236937131912843713 ) ) ;
#6819 = CARTESIAN_POINT ( 'NONE',  ( -17.97214294368172105, -8.439568086391327384, 0.1426912838760414082 ) ) ;
#6820 = CARTESIAN_POINT ( 'NONE',  ( -9.190364105417000218, -14.55880245360049408, -2.066306154244998528 ) ) ;
#6821 = ORIENTED_EDGE ( 'NONE', *, *, #8104, .T. ) ;
#6822 = DIRECTION ( 'NONE',  ( -1.000000000000000000, 0.000000000000000000, 0.000000000000000000 ) ) ;
#6823 = CARTESIAN_POINT ( 'NONE',  ( 12.88617591070344126, -11.37722449946298120, -2.066257018295830417 ) ) ;
#6824 = ORIENTED_EDGE ( 'NONE', *, *, #5618, .F. ) ;
#6825 = CARTESIAN_POINT ( 'NONE',  ( -10.02611995161000102, 21.67259209336999959, -3.080133597646999899 ) ) ;
#6826 = CARTESIAN_POINT ( 'NONE',  ( 10.01063734392763216, 19.76721137760394242, -3.787131047574177067 ) ) ;
#6827 = CARTESIAN_POINT ( 'NONE',  ( 13.57335349445473049, 10.59879061306010328, -2.066306154244998528 ) ) ;
#6828 = CARTESIAN_POINT ( 'NONE',  ( -10.65681352992000086, -19.74157132300999962, -3.722016479402000311 ) ) ;
#6829 = ORIENTED_EDGE ( 'NONE', *, *, #3027, .T. ) ;
#6830 = DIRECTION ( 'NONE',  ( 0.8065029784225545839, 9.876812910279881608E-17, -0.5912300278195860015 ) ) ;
#6831 = CARTESIAN_POINT ( 'NONE',  ( 10.04669774536716176, -21.83311039272119558, -0.5670636095509704599 ) ) ;
#6832 = ORIENTED_EDGE ( 'NONE', *, *, #6424, .T. ) ;
#6833 = CARTESIAN_POINT ( 'NONE',  ( -1.303760951239891330, 20.75000000000090239, 4.523749079003891005 ) ) ;
#6834 = CARTESIAN_POINT ( 'NONE',  ( 12.80560467299728167, -14.98794871503492310, -0.04107777251289039533 ) ) ;
#6835 = ORIENTED_EDGE ( 'NONE', *, *, #7989, .F. ) ;
#6836 = CARTESIAN_POINT ( 'NONE',  ( 18.38381356033999836, 10.97366645840000032, -0.4117519923348000321 ) ) ;
#6837 = ORIENTED_EDGE ( 'NONE', *, *, #1996, .F. ) ;
#6838 = EDGE_CURVE ( 'NONE', #6136, #4223, #1421, .T. ) ;
#6839 = EDGE_CURVE ( 'NONE', #2603, #6960, #6802, .T. ) ;
#6840 = ORIENTED_EDGE ( 'NONE', *, *, #4129, .T. ) ;
#6841 = CARTESIAN_POINT ( 'NONE',  ( 10.00165929096838724, 19.25285906805248004, -3.531920220272941613 ) ) ;
#6842 = CARTESIAN_POINT ( 'NONE',  ( 18.39412275057765100, 9.597940242736969552, -1.156307878150347301 ) ) ;
#6843 = CARTESIAN_POINT ( 'NONE',  ( 21.55960195675000080, -0.9371567665001000469, -0.8463061542402999793 ) ) ;
#6844 = CARTESIAN_POINT ( 'NONE',  ( -11.94338794668999881, -21.16538061428000006, -0.3898991532141000138 ) ) ;
#6845 = ORIENTED_EDGE ( 'NONE', *, *, #2667, .T. ) ;
#6846 = CARTESIAN_POINT ( 'NONE',  ( 18.87845809983000223, 9.864428825290000091, -1.156306359632999881 ) ) ;
#6847 = CARTESIAN_POINT ( 'NONE',  ( -9.945880143489532088, 16.05719005688691681, -2.306119806646928172 ) ) ;
#6848 = CARTESIAN_POINT ( 'NONE',  ( 11.94338816632000011, -21.16537979868000363, -0.3898978888269000187 ) ) ;
#6849 = CARTESIAN_POINT ( 'NONE',  ( 15.63277634534485472, 13.71215507379640819, 3.383693845754000229 ) ) ;
#6850 = ORIENTED_EDGE ( 'NONE', *, *, #4578, .T. ) ;
#6851 = EDGE_CURVE ( 'NONE', #3893, #1840, #3957, .T. ) ;
#6852 = CARTESIAN_POINT ( 'NONE',  ( 10.77060538597999795, -18.61504456122999684, -3.237377089942000019 ) ) ;
#6853 = CARTESIAN_POINT ( 'NONE',  ( -10.69275278175999944, 21.56571741972999945, -0.4175258081259000109 ) ) ;
#6854 = CARTESIAN_POINT ( 'NONE',  ( 18.80552478688023754, 8.658659081020083192, 0.6358305946449561707 ) ) ;
#6855 = CARTESIAN_POINT ( 'NONE',  ( 20.72953897175982618, -0.9249274819548349846, -1.206299082604264772 ) ) ;
#6856 = CARTESIAN_POINT ( 'NONE',  ( -10.25583579864000150, -19.30946075354000158, -3.577447087939999992 ) ) ;
#6857 = ADVANCED_FACE ( 'NONE', ( #8180 ), #6404, .F. ) ;
#6858 = VERTEX_POINT ( 'NONE', #8357 ) ;
#6859 = CIRCLE ( 'NONE', #3199, 21.58000000003999475 ) ;
#6860 = DIRECTION ( 'NONE',  ( 0.000000000000000000, 0.000000000000000000, -1.000000000000000000 ) ) ;
#6861 = CARTESIAN_POINT ( 'NONE',  ( -9.925906557860075807, -14.91298789484882370, -1.665222076360738823 ) ) ;
#6862 = CARTESIAN_POINT ( 'NONE',  ( 18.35145337772122431, -5.557633507951335261, -0.6346027335609930597 ) ) ;
#6863 = CARTESIAN_POINT ( 'NONE',  ( 19.74207419971881095, 6.391386006803501552, -0.9210839344717847155 ) ) ;
#6864 = VERTEX_POINT ( 'NONE', #6306 ) ;
#6865 = CARTESIAN_POINT ( 'NONE',  ( 10.02014021834975743, -20.31163068888578849, 0.6044651220096609601 ) ) ;
#6866 = CARTESIAN_POINT ( 'NONE',  ( 15.86612798086401277, 10.17658653444397743, -0.9409717616552625286 ) ) ;
#6867 = LINE ( 'NONE', #5756, #5209 ) ;
#6868 = CARTESIAN_POINT ( 'NONE',  ( -20.70814449351198760, -1.311472454121376474, -1.118193214953388859 ) ) ;
#6869 = CARTESIAN_POINT ( 'NONE',  ( 10.25629538287000031, 19.14047731588000190, -3.485079063289000079 ) ) ;
#6870 = CARTESIAN_POINT ( 'NONE',  ( 19.15984084456000147, -9.941730348534999706, 1.487239332226000021 ) ) ;
#6871 = PLANE ( 'NONE',  #4964 ) ;
#6872 = CARTESIAN_POINT ( 'NONE',  ( -11.86276226793999911, -21.25571303893000064, -2.763309695564000190 ) ) ;
#6873 = FACE_OUTER_BOUND ( 'NONE', #8277, .T. ) ;
#6874 = ORIENTED_EDGE ( 'NONE', *, *, #3968, .F. ) ;
#6875 = CONICAL_SURFACE ( 'NONE', #5238, 19.22890256754999783, 0.9382131997063163364 ) ;
#6876 = CARTESIAN_POINT ( 'NONE',  ( 18.22538748559000155, 11.08137367928000039, -0.1123317265739999932 ) ) ;
#6877 = CARTESIAN_POINT ( 'NONE',  ( -10.00092592095148092, 19.20260949850900190, -3.504221548800115382 ) ) ;
#6878 = CARTESIAN_POINT ( 'NONE',  ( 11.88062540007000045, -21.57397488260999907, -2.023678358207000372 ) ) ;
#6879 = CARTESIAN_POINT ( 'NONE',  ( 19.84488050278999793, -7.751590747446999607, -1.091964880994999998 ) ) ;
#6880 = AXIS2_PLACEMENT_3D ( 'NONE', #8127, #1571, #6979 ) ;
#6881 = CARTESIAN_POINT ( 'NONE',  ( -11.48085330610999932, 18.59585131022000226, -3.258393996024000039 ) ) ;
#6882 = EDGE_LOOP ( 'NONE', ( #3747, #2640, #3177, #943, #77, #1769 ) ) ;
#6883 = CARTESIAN_POINT ( 'NONE',  ( 10.75368571853000077, -18.92314698918000104, -3.394910183492000133 ) ) ;
#6884 = DIRECTION ( 'NONE',  ( 3.400573180623999403E-14, -4.102686739163000168E-14, -1.000000000000000000 ) ) ;
#6885 = CARTESIAN_POINT ( 'NONE',  ( -11.07689673704999933, 21.84434313276999973, -1.633525376737000157 ) ) ;
#6886 = CARTESIAN_POINT ( 'NONE',  ( 18.47605490392728100, 9.389204545212319175, 1.260046005978230355 ) ) ;
#6887 = CARTESIAN_POINT ( 'NONE',  ( 19.17596171721811871, -7.921306497795231216, 1.803647460329242724 ) ) ;
#6888 = CARTESIAN_POINT ( 'NONE',  ( -11.16401112289000075, -18.91518408837000109, -3.405429322634999867 ) ) ;
#6889 = SURFACE_STYLE_FILL_AREA ( #7349 ) ;
#6890 = CARTESIAN_POINT ( 'NONE',  ( 18.85053473591936068, -8.679441236357721579, 1.884373275384678914 ) ) ;
#6891 = ORIENTED_EDGE ( 'NONE', *, *, #3966, .T. ) ;
#6892 = CARTESIAN_POINT ( 'NONE',  ( -11.19987252092999874, -21.28990594796000124, -2.788331160267000008 ) ) ;
#6893 = EDGE_CURVE ( 'NONE', #5909, #2091, #1642, .T. ) ;
#6894 = DIRECTION ( 'NONE',  ( 8.125784278243110458E-14, 1.193158683807217941E-13, -1.000000000000000000 ) ) ;
#6895 = CARTESIAN_POINT ( 'NONE',  ( 19.86305039008235340, 6.001810467054228937, 0.3236924589759999638 ) ) ;
#6896 = CARTESIAN_POINT ( 'NONE',  ( 12.86327176440697961, -11.87726208991062293, -1.907633759036899024 ) ) ;
#6897 = CARTESIAN_POINT ( 'NONE',  ( 18.98894717802000187, 9.847923742132000058, 1.702793731345999984 ) ) ;
#6898 = ADVANCED_FACE ( 'NONE', ( #3752 ), #5628, .T. ) ;
#6899 = FACE_OUTER_BOUND ( 'NONE', #5425, .T. ) ;
#6900 = EDGE_LOOP ( 'NONE', ( #7311, #7566, #307, #7627 ) ) ;
#6901 = ADVANCED_FACE ( 'NONE', ( #3029 ), #968, .T. ) ;
#6902 = CARTESIAN_POINT ( 'NONE',  ( -17.34909537273659907, 11.45702951338603270, 1.633949065066693462 ) ) ;
#6903 = CARTESIAN_POINT ( 'NONE',  ( 12.81508926809000037, 12.49345227399000002, -2.069254732990000178 ) ) ;
#6904 = CARTESIAN_POINT ( 'NONE',  ( 20.62651223261143585, 2.261754654886948490, 1.094850501325508096 ) ) ;
#6905 = CARTESIAN_POINT ( 'NONE',  ( 10.02897211983650294, 20.81760998593593115, 0.3032512408460884545 ) ) ;
#6906 = CARTESIAN_POINT ( 'NONE',  ( 13.05605409227783653, 16.21535970199192178, 3.633693845755112228 ) ) ;
#6907 = EDGE_CURVE ( 'NONE', #4915, #1397, #4390, .T. ) ;
#6908 = CARTESIAN_POINT ( 'NONE',  ( 18.79414218047000062, 10.02790044416000015, -1.141167095689000099 ) ) ;
#6909 = EDGE_CURVE ( 'NONE', #72, #1541, #2468, .T. ) ;
#6910 = CARTESIAN_POINT ( 'NONE',  ( -20.72953728584387889, 0.9249651083242644845, -1.206303589798189080 ) ) ;
#6911 = B_SPLINE_SURFACE_WITH_KNOTS ( 'NONE', 3, 3, ( 
 ( #2766, #7497, #4032, #2708, #2071, #8181, #4824, #7415 ),
 ( #1310, #66, #6045, #1336, #6716, #731, #2678, #6076 ),
 ( #8743, #6790, #4714, #3378, #8101, #4060, #14, #5428 ),
 ( #4741, #1370, #2741, #3403, #6106, #2047, #7471, #7445 ),
 ( #3433, #8131, #4086, #40, #5452, #4795, #4914, #253 ),
 ( #845, #4855, #3591, #7587, #2157, #2257, #1451, #2886 ),
 ( #6878, #2920, #3559, #8268, #6217, #6980, #190, #4199 ),
 ( #5629, #3526, #8331, #4290, #6307, #876, #2854, #6184 ),
 ( #7526, #818, #788, #221, #130, #2953, #5537, #7653 ),
 ( #4231, #8237, #5598, #1538, #6276, #5508, #5567, #8295 ),
 ( #2131, #3494, #6848, #1480, #2821, #2230, #6948, #3622 ),
 ( #7553, #7623, #4163, #8208, #907, #6247, #4261, #157 ),
 ( #4886, #1508, #2193, #6914, #4953, #1572, #6427, #366 ) ),
 .UNSPECIFIED., .F., .F., .F.,
 ( 4, 1, 1, 1, 1, 1, 1, 1, 1, 1, 4 ),
 ( 4, 1, 1, 1, 1, 4 ),
 ( 1.514523548592000113, 2.341507752889000038, 2.731759045037000178, 3.122010337185000317, 3.512261629333000013, 3.902512921481000152, 4.292764213628999848, 4.683015505776999987, 5.073266797925000127, 5.463518090074000355, 6.290776777451999813 ),
 ( -0.06750467462121999274, -0.004944176969609000508, 1.266001362753999882, 1.661274701535999876, 2.504219714683999953, 4.045293312867999980 ),
 .UNSPECIFIED. ) ;
#6912 = CARTESIAN_POINT ( 'NONE',  ( 12.13045732460852655, 18.35334521214087289, -3.158220127387938003 ) ) ;
#6913 = CIRCLE ( 'NONE', #280, 1.049999999999999822 ) ;
#6914 = CARTESIAN_POINT ( 'NONE',  ( 11.73000523626999936, -20.69929952709999910, 0.007558798992824000348 ) ) ;
#6915 = ORIENTED_EDGE ( 'NONE', *, *, #7707, .T. ) ;
#6916 = CARTESIAN_POINT ( 'NONE',  ( -20.74312177101340637, -0.6168729736112618101, -1.706306746612999969 ) ) ;
#6917 = CARTESIAN_POINT ( 'NONE',  ( -12.88410849913999989, 11.69033094919999982, -2.066895166211999868 ) ) ;
#6918 = CARTESIAN_POINT ( 'NONE',  ( 11.96961427553999968, -13.34616749436999861, -2.088989898867000150 ) ) ;
#6919 = DIRECTION ( 'NONE',  ( 0.4226182617406808451, 0.9063077870366587074, 0.000000000000000000 ) ) ;
#6920 = CARTESIAN_POINT ( 'NONE',  ( -11.99183363156999960, 21.42466290681999652, -0.8473906711808000258 ) ) ;
#6921 = CARTESIAN_POINT ( 'NONE',  ( -20.43968902276847643, 4.128304532480909117, 4.523749079003891005 ) ) ;
#6922 = CARTESIAN_POINT ( 'NONE',  ( 12.94255425085999889, 14.40699455348999969, 0.4945926253389999472 ) ) ;
#6923 = CARTESIAN_POINT ( 'NONE',  ( 19.99462574885000166, -7.380954914995999872, 1.546783664441000239 ) ) ;
#6924 = FACE_OUTER_BOUND ( 'NONE', #8531, .T. ) ;
#6925 = ORIENTED_EDGE ( 'NONE', *, *, #6633, .T. ) ;
#6926 = AXIS2_PLACEMENT_3D ( 'NONE', #3716, #3070, #1003 ) ;
#6927 = CARTESIAN_POINT ( 'NONE',  ( 18.22500041296993345, -9.935003495311175215, 1.884517590565625733 ) ) ;
#6928 = CARTESIAN_POINT ( 'NONE',  ( 18.68161072863459893, -9.052093670489247401, 1.853686460264000413 ) ) ;
#6929 = CARTESIAN_POINT ( 'NONE',  ( 0.000000000000000000, 0.000000000000000000, 3.868041429999999892 ) ) ;
#6930 = CARTESIAN_POINT ( 'NONE',  ( -20.70865960952954410, 1.322651490685786690, -1.167607961814846718 ) ) ;
#6931 = LINE ( 'NONE', #1676, #5681 ) ;
#6932 = VERTEX_POINT ( 'NONE', #3787 ) ;
#6933 = CARTESIAN_POINT ( 'NONE',  ( 20.30986693876030103, 7.294388526609203005, 0.9145718635205148939 ) ) ;
#6934 = CARTESIAN_POINT ( 'NONE',  ( 19.15983543846000003, 9.941696363016999882, -0.8398906188475999679 ) ) ;
#6935 = CIRCLE ( 'NONE', #3407, 21.58000000003999830 ) ;
#6936 = CARTESIAN_POINT ( 'NONE',  ( -20.53843354692959977, 2.954996665412354950, 1.633754201805885042 ) ) ;
#6937 = CARTESIAN_POINT ( 'NONE',  ( 12.63096696536000074, 11.60596282426000059, -2.065972625532999540 ) ) ;
#6938 = CARTESIAN_POINT ( 'NONE',  ( 20.33719339872000020, 6.972082947585000134, 0.3313394356416000108 ) ) ;
#6939 = CARTESIAN_POINT ( 'NONE',  ( -1.299999999999979172, 10.55000000000000071, -1.766306154245000037 ) ) ;
#6940 = CARTESIAN_POINT ( 'NONE',  ( -11.90777352171999937, -21.61386030625000032, -1.623178502259000178 ) ) ;
#6941 = DIRECTION ( 'NONE',  ( 0.6696544501981875896, 0.02909805235444943433, 0.7421025674924867088 ) ) ;
#6942 = VERTEX_POINT ( 'NONE', #2373 ) ;
#6943 = CARTESIAN_POINT ( 'NONE',  ( 20.24871678601999747, -6.703418166259000444, 0.3147033609532000065 ) ) ;
#6944 = AXIS2_PLACEMENT_3D ( 'NONE', #2614, #4659, #3208 ) ;
#6945 = CARTESIAN_POINT ( 'NONE',  ( -10.66812657876000081, 19.36693132513000037, -3.610923574529000035 ) ) ;
#6946 = CARTESIAN_POINT ( 'NONE',  ( -4.495734977061997206, 12.35000000000000142, -1.566306154244998750 ) ) ;
#6947 = ORIENTED_EDGE ( 'NONE', *, *, #3981, .T. ) ;
#6948 = CARTESIAN_POINT ( 'NONE',  ( 10.29950544390000111, -21.69285800138999676, -0.4289375553611000091 ) ) ;
#6949 = DIRECTION ( 'NONE',  ( 4.576959385244279850E-14, 1.393612339455939839E-13, -1.000000000000000000 ) ) ;
#6950 = ORIENTED_EDGE ( 'NONE', *, *, #5343, .F. ) ;
#6951 = CARTESIAN_POINT ( 'NONE',  ( 17.83330138121341690, 10.60853686225439318, -0.6874011885088000540 ) ) ;
#6952 = ORIENTED_EDGE ( 'NONE', *, *, #3707, .T. ) ;
#6953 = CARTESIAN_POINT ( 'NONE',  ( 16.03403003325653842, 7.817163402966950336, -1.706306154247999807 ) ) ;
#6954 = ADVANCED_FACE ( 'NONE', ( #7974 ), #7762, .T. ) ;
#6955 = CARTESIAN_POINT ( 'NONE',  ( -10.02959791210999896, 21.86991623216999869, -2.754915068389999888 ) ) ;
#6956 = CARTESIAN_POINT ( 'NONE',  ( 19.05394671638140025, 8.111355280329490824, 0.01160356516589244359 ) ) ;
#6957 = CARTESIAN_POINT ( 'NONE',  ( 17.09633699486753500, 2.069993861881770147, -2.066306154244998972 ) ) ;
#6958 = CARTESIAN_POINT ( 'NONE',  ( -10.25703528707999901, -20.55917052685999735, -3.764598072476999846 ) ) ;
#6959 = ADVANCED_FACE ( 'NONE', ( #2156 ), #3020, .T. ) ;
#6960 = VERTEX_POINT ( 'NONE', #3678 ) ;
#6961 = CARTESIAN_POINT ( 'NONE',  ( 17.60622954742250457, -10.97289610129412907, 0.01180140737391190651 ) ) ;
#6962 = CARTESIAN_POINT ( 'NONE',  ( -12.47263283391000144, 19.35628603553000104, 0.6874711213329000037 ) ) ;
#6963 = EDGE_LOOP ( 'NONE', ( #6544, #4365, #5982, #6689 ) ) ;
#6964 = CARTESIAN_POINT ( 'NONE',  ( 1.300000005429366334, 13.78521201889291525, -1.484685388542077655 ) ) ;
#6965 = CARTESIAN_POINT ( 'NONE',  ( -20.60427400476040205, 2.454871228691677842, 0.1213890848996357491 ) ) ;
#6966 = CARTESIAN_POINT ( 'NONE',  ( 12.19950089822999928, -16.99225354572000057, -3.964018708757000908 ) ) ;
#6967 = CARTESIAN_POINT ( 'NONE',  ( -19.16274450618731251, 2.809248804962411139, -0.4331011291728285029 ) ) ;
#6968 = EDGE_CURVE ( 'NONE', #3579, #2303, #5927, .T. ) ;
#6969 = EDGE_CURVE ( 'NONE', #2506, #204, #5980, .T. ) ;
#6970 = EDGE_CURVE ( 'NONE', #4715, #2084, #3310, .T. ) ;
#6971 = CARTESIAN_POINT ( 'NONE',  ( -20.64087021562470170, -2.110461275400812298, -0.5839180864181775510 ) ) ;
#6972 = CARTESIAN_POINT ( 'NONE',  ( 9.894557654436999528, -13.11701042082999891, -4.531889891870999776 ) ) ;
#6973 = VERTEX_POINT ( 'NONE', #4441 ) ;
#6974 = CARTESIAN_POINT ( 'NONE',  ( 19.93070892516000114, 8.036934701674999459, -0.9513155120166000289 ) ) ;
#6975 = CARTESIAN_POINT ( 'NONE',  ( -3.495734977061997650, 12.35000000000000142, -1.566306154244998750 ) ) ;
#6976 = CARTESIAN_POINT ( 'NONE',  ( -16.44478883089386301, 5.112265178872155147, -2.066306154244998528 ) ) ;
#6977 = CARTESIAN_POINT ( 'NONE',  ( 20.22319297297000062, -7.029104578567999084, -0.4117999401841000440 ) ) ;
#6978 = CARTESIAN_POINT ( 'NONE',  ( -11.90709088848999997, 18.58267867565000131, -3.259934779179999964 ) ) ;
#6979 = DIRECTION ( 'NONE',  ( -1.000000000000000000, 0.000000000000000000, 0.000000000000000000 ) ) ;
#6980 = CARTESIAN_POINT ( 'NONE',  ( 10.63076552537000019, -21.93252496850000099, -2.026714812400999932 ) ) ;
#6981 = CARTESIAN_POINT ( 'NONE',  ( 20.02737300040000079, -7.298835889494000639, -0.8342768509857000359 ) ) ;
#6982 = ORIENTED_EDGE ( 'NONE', *, *, #5617, .T. ) ;
#6983 = CYLINDRICAL_SURFACE ( 'NONE', #6757, 0.2000000000000005107 ) ;
#6984 = CARTESIAN_POINT ( 'NONE',  ( -10.29683845667999975, 14.04775176296999817, -2.065674637843000205 ) ) ;
#6985 = CARTESIAN_POINT ( 'NONE',  ( 10.90642281326999985, -16.12506656765000201, -2.380205868385999679 ) ) ;
#6986 = DIRECTION ( 'NONE',  ( 4.212388425767256095E-08, 0.9999999999999991118, 0.000000000000000000 ) ) ;
#6987 = CARTESIAN_POINT ( 'NONE',  ( -12.18534623075999868, 20.54856217256000050, 0.007685904823430000747 ) ) ;
#6988 = DIRECTION ( 'NONE',  ( -1.000000000000000000, 0.000000000000000000, 0.000000000000000000 ) ) ;
#6989 = CARTESIAN_POINT ( 'NONE',  ( 12.19949379238000020, 16.99229932192000092, -3.964053461860000294 ) ) ;
#6990 = CARTESIAN_POINT ( 'NONE',  ( -5.478274592316123126, 12.35000000000000142, -2.066306154244998528 ) ) ;
#6991 = ORIENTED_EDGE ( 'NONE', *, *, #2451, .T. ) ;
#6992 = LINE ( 'NONE', #6469, #2875 ) ;
#6993 = CARTESIAN_POINT ( 'NONE',  ( 18.72085279136183189, -8.840218527775583368, 0.01155400992874401622 ) ) ;
#6994 = DIRECTION ( 'NONE',  ( 0.6696538095411908031, -0.02911252938714958827, 0.7421025778149897834 ) ) ;
#6995 = CARTESIAN_POINT ( 'NONE',  ( -21.47833459495370079, 2.092428580177830177, 0.6291122304952703193 ) ) ;
#6996 = CARTESIAN_POINT ( 'NONE',  ( 10.25618967890999933, 19.19432480032999777, -3.513565990507999892 ) ) ;
#6997 = CARTESIAN_POINT ( 'NONE',  ( 12.19950089822999928, -18.29454825411999863, -2.413194944864000213 ) ) ;
#6998 = CARTESIAN_POINT ( 'NONE',  ( -18.64034640412437938, 2.482742933850583089, -0.9781162060715336004 ) ) ;
#6999 = VERTEX_POINT ( 'NONE', #364 ) ;
#7000 = B_SPLINE_CURVE_WITH_KNOTS ( 'NONE', 3,
 ( #433, #6543, #1167, #6627 ),
 .UNSPECIFIED., .F., .F.,
 ( 4, 4 ),
 ( 0.000000000000000000, 1.000000000000000000 ),
 .UNSPECIFIED. ) ;
#7001 = ADVANCED_FACE ( 'NONE', ( #2381, #156 ), #1743, .T. ) ;
#7002 = CARTESIAN_POINT ( 'NONE',  ( -10.01304987130647994, 19.90542497883943796, 0.8248490437167846911 ) ) ;
#7003 = CARTESIAN_POINT ( 'NONE',  ( -20.53851199624320145, -2.955001391821240109, 0.3236698511825675251 ) ) ;
#7004 = CARTESIAN_POINT ( 'NONE',  ( 20.60898983855178557, 2.416211670247745857, 0.7211419538994291445 ) ) ;
#7005 = CARTESIAN_POINT ( 'NONE',  ( -10.75209840722000010, 18.95437652226000225, -3.410700139220000260 ) ) ;
#7006 = CARTESIAN_POINT ( 'NONE',  ( 19.85279156658999966, -7.972330308351001094, -1.055678351809999915 ) ) ;
#7007 = ORIENTED_EDGE ( 'NONE', *, *, #4308, .T. ) ;
#7008 = CARTESIAN_POINT ( 'NONE',  ( -10.00663854205999925, 20.66817244223000216, -3.797185632830000213 ) ) ;
#7009 = EDGE_CURVE ( 'NONE', #6107, #299, #4681, .T. ) ;
#7010 = DIRECTION ( 'NONE',  ( 0.000000000000000000, 0.000000000000000000, 1.000000000000000000 ) ) ;
#7011 = AXIS2_PLACEMENT_3D ( 'NONE', #2893, #3596, #8273 ) ;
#7012 = DIRECTION ( 'NONE',  ( 0.6192162356257809863, -0.2566223367818920020, -0.7421025736392770078 ) ) ;
#7013 = CARTESIAN_POINT ( 'NONE',  ( 18.81243289944652020, 8.772320244429636205, 1.853693845756161362 ) ) ;
#7014 = CARTESIAN_POINT ( 'NONE',  ( 9.910539702452130228, -14.05042288576007969, -2.065365693549670034 ) ) ;
#7015 = CARTESIAN_POINT ( 'NONE',  ( -17.76630228007293866, -8.216028962574723593, -0.2028170643905141401 ) ) ;
#7016 = CARTESIAN_POINT ( 'NONE',  ( 17.60626363425567575, 10.97284887570024559, 0.01141767473768905312 ) ) ;
#7017 = LINE ( 'NONE', #751, #365 ) ;
#7018 = CARTESIAN_POINT ( 'NONE',  ( 0.000000000000000000, 0.000000000000000000, 0.7886893706604999332 ) ) ;
#7019 = ORIENTED_EDGE ( 'NONE', *, *, #7575, .F. ) ;
#7020 = CARTESIAN_POINT ( 'NONE',  ( 20.74999999999991118, -2.362884501620482906E-10, 3.633693845755083807 ) ) ;
#7021 = EDGE_CURVE ( 'NONE', #4098, #6228, #5190, .T. ) ;
#7022 = CARTESIAN_POINT ( 'NONE',  ( 19.44816752141052163, -7.190115873351123454, -0.6129114987921761015 ) ) ;
#7023 = CARTESIAN_POINT ( 'NONE',  ( 20.72937396330389603, -0.9249632443814409521, -1.706306396414690063 ) ) ;
#7024 = CONICAL_SURFACE ( 'NONE', #560, 2.050000000000004707, 0.7853981633974539411 ) ;
#7025 = EDGE_LOOP ( 'NONE', ( #1907, #8006, #5783, #7037 ) ) ;
#7026 = EDGE_CURVE ( 'NONE', #5066, #6420, #6589, .T. ) ;
#7027 = CARTESIAN_POINT ( 'NONE',  ( 11.08702010900000090, 20.18782416402999758, -3.657934015595999622 ) ) ;
#7028 = CARTESIAN_POINT ( 'NONE',  ( -3.495734977061997650, 12.35000000000000142, -1.566306154244998750 ) ) ;
#7029 = CARTESIAN_POINT ( 'NONE',  ( -21.55958320529000005, 0.9371520638264999592, -0.8463062152477000000 ) ) ;
#7030 = ORIENTED_EDGE ( 'NONE', *, *, #6472, .T. ) ;
#7031 = CARTESIAN_POINT ( 'NONE',  ( -9.195387534029807242, -18.65078392805121510, 3.383693845754000229 ) ) ;
#7032 = CARTESIAN_POINT ( 'NONE',  ( 20.29995110984000206, -0.9250000000000000444, -1.156306154246000029 ) ) ;
#7033 = EDGE_CURVE ( 'NONE', #5481, #6420, #3650, .T. ) ;
#7034 = CARTESIAN_POINT ( 'NONE',  ( -11.17267617793999968, 18.79478518912999618, -3.345308558684000122 ) ) ;
#7035 = CARTESIAN_POINT ( 'NONE',  ( -10.02813971218315992, 20.76965839694410221, -3.754900548942365024 ) ) ;
#7036 = CARTESIAN_POINT ( 'NONE',  ( -1.299999999999999822, 13.58546473664100063, -1.496306154245000020 ) ) ;
#7037 = ORIENTED_EDGE ( 'NONE', *, *, #2850, .T. ) ;
#7038 = DIRECTION ( 'NONE',  ( -0.7336112684497700931, -0.6795693539319731524, 0.000000000000000000 ) ) ;
#7039 = CARTESIAN_POINT ( 'NONE',  ( 19.86305092276954909, -6.001802798468930611, 0.3236934379953549934 ) ) ;
#7040 = CARTESIAN_POINT ( 'NONE',  ( -12.05151967443000061, 20.59277373565999980, 0.007727160035622998753 ) ) ;
#7041 = ADVANCED_FACE ( 'NONE', ( #1112 ), #7024, .F. ) ;
#7042 = VERTEX_POINT ( 'NONE', #3814 ) ;
#7043 = CARTESIAN_POINT ( 'NONE',  ( 19.73550352424754806, -6.439958069113071559, -0.6129939646061466352 ) ) ;
#7044 = CARTESIAN_POINT ( 'NONE',  ( 4.757155982205000003E-05, -0.0002177015349076000066, 0.3236938457685999415 ) ) ;
#7045 = LINE ( 'NONE', #1661, #8512 ) ;
#7046 = CARTESIAN_POINT ( 'NONE',  ( -21.48982684529323350, 1.970915575974714340, 0.9172683977247355624 ) ) ;
#7047 = CARTESIAN_POINT ( 'NONE',  ( -2.571746070947293310E-15, 17.99991456011998991, 5.710772084629349266 ) ) ;
#7048 = CARTESIAN_POINT ( 'NONE',  ( -12.79936143040091423, -14.05678078682253584, -0.8002436906821719376 ) ) ;
#7049 = ORIENTED_EDGE ( 'NONE', *, *, #4424, .T. ) ;
#7050 = CARTESIAN_POINT ( 'NONE',  ( 18.77456617229999836, 10.05457047524999936, -1.163400818518999902 ) ) ;
#7051 = VERTEX_POINT ( 'NONE', #1102 ) ;
#7052 = B_SPLINE_CURVE_WITH_KNOTS ( 'NONE', 3,
 ( #3501, #2826, #790, #6188, #7529, #8215, #7330, #4860, #1486, #6223, #614, #7559, #3531, #5572, #3973, #1930, #6658 ),
 .UNSPECIFIED., .F., .F.,
 ( 4, 2, 2, 2, 1, 1, 1, 2, 2, 4 ),
 ( 0.000000000000000000, 0.2499999999999789058, 0.3749999999999683586, 0.4999999999999578115, 0.6249999999999472644, 0.6874999999999448219, 0.7187499999999411582, 0.7343749999999396039, 0.7499999999999380496, 1.000000000000000000 ),
 .UNSPECIFIED. ) ;
#7053 = EDGE_LOOP ( 'NONE', ( #8220, #3184, #3318, #2562 ) ) ;
#7054 = CARTESIAN_POINT ( 'NONE',  ( -15.63277634247581283, 13.71215507706730463, 3.383693845753999785 ) ) ;
#7055 = CARTESIAN_POINT ( 'NONE',  ( 18.30203837866031691, 9.779539886279689398, -1.206354983996856589 ) ) ;
#7056 = CARTESIAN_POINT ( 'NONE',  ( 1.680000000000000160, 13.78622870415321167, -1.496306154242719400 ) ) ;
#7057 = CARTESIAN_POINT ( 'NONE',  ( 21.45915873906000115, 1.152638176131000058, 1.595247594330999830 ) ) ;
#7058 = ORIENTED_EDGE ( 'NONE', *, *, #6518, .F. ) ;
#7059 = CARTESIAN_POINT ( 'NONE',  ( 19.74422257682000037, -8.229426070638998780, -1.054974120020999884 ) ) ;
#7060 = AXIS2_PLACEMENT_3D ( 'NONE', #6652, #2613, #8706 ) ;
#7061 = ORIENTED_EDGE ( 'NONE', *, *, #7600, .T. ) ;
#7062 = DIRECTION ( 'NONE',  ( -0.000000000000000000, -0.000000000000000000, 1.000000000000000000 ) ) ;
#7063 = ORIENTED_EDGE ( 'NONE', *, *, #5743, .F. ) ;
#7064 = CARTESIAN_POINT ( 'NONE',  ( -11.83510831475000025, 23.20100851469999981, 0.1740130297656999891 ) ) ;
#7065 = CARTESIAN_POINT ( 'NONE',  ( 10.00229828153340605, -19.28946681327345658, -3.552100900223461810 ) ) ;
#7066 = CARTESIAN_POINT ( 'NONE',  ( -18.77853831580078747, 0.9248975724861049352, -1.706306154247999807 ) ) ;
#7067 = CARTESIAN_POINT ( 'NONE',  ( 17.84027885706770178, 10.63982217139709796, -1.237082856775183926 ) ) ;
#7068 = CARTESIAN_POINT ( 'NONE',  ( -10.01943222028554104, -20.27106950669619678, -3.862933701410397269 ) ) ;
#7069 = CARTESIAN_POINT ( 'NONE',  ( -10.00286822004432175, 19.31473326285174963, -3.565986058526120051 ) ) ;
#7070 = EDGE_CURVE ( 'NONE', #3705, #203, #7652, .T. ) ;
#7071 = ORIENTED_EDGE ( 'NONE', *, *, #3282, .F. ) ;
#7072 = CARTESIAN_POINT ( 'NONE',  ( 20.70060307691199952, -1.452615734904021183, -1.654763247270552018 ) ) ;
#7073 = B_SPLINE_CURVE_WITH_KNOTS ( 'NONE', 3,
 ( #2630, #6116, #5410, #4043 ),
 .UNSPECIFIED., .F., .F.,
 ( 4, 4 ),
 ( 0.000000000000000000, 1.000000000000000000 ),
 .UNSPECIFIED. ) ;
#7074 = CARTESIAN_POINT ( 'NONE',  ( 10.25629830179999935, -20.30409684380000002, -3.813835503442999819 ) ) ;
#7075 = CARTESIAN_POINT ( 'NONE',  ( 12.13692173806999897, 18.47745659359999948, -3.213782213595000492 ) ) ;
#7076 = ORIENTED_EDGE ( 'NONE', *, *, #2226, .F. ) ;
#7077 = CARTESIAN_POINT ( 'NONE',  ( -16.17891649160962686, -7.976683851838044959, 5.710772084629348377 ) ) ;
#7078 = FACE_OUTER_BOUND ( 'NONE', #6199, .T. ) ;
#7079 = CARTESIAN_POINT ( 'NONE',  ( 19.69151043184999850, 8.120865341230000922, -1.156306155109999789 ) ) ;
#7080 = EDGE_CURVE ( 'NONE', #1455, #1723, #4064, .T. ) ;
#7081 = EDGE_CURVE ( 'NONE', #831, #1562, #5363, .T. ) ;
#7082 = ADVANCED_FACE ( 'NONE', ( #3130 ), #4487, .T. ) ;
#7083 = FACE_OUTER_BOUND ( 'NONE', #4869, .T. ) ;
#7084 = CARTESIAN_POINT ( 'NONE',  ( -16.49848322871574169, 12.65728818440977577, 3.383693845753999341 ) ) ;
#7085 = CARTESIAN_POINT ( 'NONE',  ( -21.19798121645000322, -2.389809677938000032, 0.1026964122862999984 ) ) ;
#7086 = CARTESIAN_POINT ( 'NONE',  ( 19.75544210778999954, 8.202989695056000841, 1.703016903839000173 ) ) ;
#7087 = CARTESIAN_POINT ( 'NONE',  ( -18.00750568110337468, -10.39887648627839489, 3.383693845753999785 ) ) ;
#7088 = ORIENTED_EDGE ( 'NONE', *, *, #5810, .F. ) ;
#7089 = CARTESIAN_POINT ( 'NONE',  ( 17.36537623189934720, 11.35808994070831979, 1.633686606719460199 ) ) ;
#7090 = FACE_OUTER_BOUND ( 'NONE', #2115, .T. ) ;
#7091 = CARTESIAN_POINT ( 'NONE',  ( 19.66987743790190635, 5.911735488154664431, 1.171664487211523831 ) ) ;
#7092 = DIRECTION ( 'NONE',  ( 0.000000000000000000, -1.000000000000000000, 0.000000000000000000 ) ) ;
#7093 = DIRECTION ( 'NONE',  ( 3.718059989195604282E-08, 2.347241313635574499E-07, 0.9999999999999718003 ) ) ;
#7094 = CARTESIAN_POINT ( 'NONE',  ( 10.60789669779000022, -20.56990594796000238, -2.068331160266999813 ) ) ;
#7095 = ORIENTED_EDGE ( 'NONE', *, *, #6069, .T. ) ;
#7096 = CARTESIAN_POINT ( 'NONE',  ( 10.35113100941761743, -20.62984313695379157, -3.717124574451014407 ) ) ;
#7097 = CARTESIAN_POINT ( 'NONE',  ( 14.31186932656787292, 10.97976413653305272, 5.710772084629348377 ) ) ;
#7098 = CARTESIAN_POINT ( 'NONE',  ( 5.545734977061997029, 12.34999999999999964, -2.066306154244998528 ) ) ;
#7099 = CYLINDRICAL_SURFACE ( 'NONE', #140, 1.049999999999999822 ) ;
#7100 = CARTESIAN_POINT ( 'NONE',  ( 17.61896895177433819, 10.97885335615202251, 1.259941442590875704 ) ) ;
#7101 = CARTESIAN_POINT ( 'NONE',  ( -1.300000000000000044, 12.34999999999999964, -1.496306154245000242 ) ) ;
#7102 = ORIENTED_EDGE ( 'NONE', *, *, #1261, .T. ) ;
#7103 = CARTESIAN_POINT ( 'NONE',  ( -12.92112582096164175, -16.23595548766774854, 1.633710346826434900 ) ) ;
#7104 = CARTESIAN_POINT ( 'NONE',  ( -11.43709982803999914, -21.15302449018999909, -3.066458808388000001 ) ) ;
#7105 = CARTESIAN_POINT ( 'NONE',  ( 9.983521567546000952, -19.42431840275000354, -3.627408909930999847 ) ) ;
#7106 = DIRECTION ( 'NONE',  ( 3.400573180623999403E-14, -4.102686739163000168E-14, -1.000000000000000000 ) ) ;
#7107 = CARTESIAN_POINT ( 'NONE',  ( 21.51617730690031749, 1.661431847308963317, 1.262080266823164987 ) ) ;
#7108 = AXIS2_PLACEMENT_3D ( 'NONE', #7018, #1005, #6433 ) ;
#7109 = CARTESIAN_POINT ( 'NONE',  ( -21.19664973181999912, 2.405006333912000027, 0.3236938352879000225 ) ) ;
#7110 = CARTESIAN_POINT ( 'NONE',  ( 21.19743729267999655, -2.389869528723000069, 0.5442297667255999727 ) ) ;
#7111 = CARTESIAN_POINT ( 'NONE',  ( 0.000000000000000000, 13.78470367625840964, -1.478875005696173472 ) ) ;
#7112 = CARTESIAN_POINT ( 'NONE',  ( 21.37174310872999783, 0.9001741249756001206, 1.702793731345999984 ) ) ;
#7113 = CARTESIAN_POINT ( 'NONE',  ( 17.39991456012002402, 2.130874967148841078E-15, 5.346123950409299219 ) ) ;
#7114 = CARTESIAN_POINT ( 'NONE',  ( -12.43139312952532194, -16.02889187661173409, -2.384705976325848908 ) ) ;
#7115 = CARTESIAN_POINT ( 'NONE',  ( -10.03722714778123759, 21.29054022041501071, -3.463627387410944891 ) ) ;
#7116 = FACE_OUTER_BOUND ( 'NONE', #68, .T. ) ;
#7117 = ORIENTED_EDGE ( 'NONE', *, *, #8437, .T. ) ;
#7118 = DIRECTION ( 'NONE',  ( -0.000000000000000000, -0.000000000000000000, 1.000000000000000000 ) ) ;
#7119 = CARTESIAN_POINT ( 'NONE',  ( 19.32155098364197343, -7.563005301924725643, -1.118287870422169483 ) ) ;
#7120 = CARTESIAN_POINT ( 'NONE',  ( -20.72937267399354866, 0.9249913590158880261, -1.706306393748539874 ) ) ;
#7121 = CARTESIAN_POINT ( 'NONE',  ( -17.87836481767502761, -7.789810042022196512, -0.2856815707324007469 ) ) ;
#7122 = CARTESIAN_POINT ( 'NONE',  ( -12.88648402575664065, -11.37701993475126017, -2.066373589886615125 ) ) ;
#7123 = CARTESIAN_POINT ( 'NONE',  ( -10.66897813854274446, -20.48964302900910894, -3.680487101175502929 ) ) ;
#7124 = ADVANCED_FACE ( 'NONE', ( #5442 ), #1157, .F. ) ;
#7125 = FACE_OUTER_BOUND ( 'NONE', #5765, .T. ) ;
#7126 = ORIENTED_EDGE ( 'NONE', *, *, #3743, .T. ) ;
#7127 = CARTESIAN_POINT ( 'NONE',  ( 0.000000000000000000, 0.000000000000000000, 9.334695990327277926 ) ) ;
#7128 = CARTESIAN_POINT ( 'NONE',  ( 11.48205496439999962, -18.58301524414000028, -3.252159638620000237 ) ) ;
#7129 = EDGE_CURVE ( 'NONE', #7680, #5714, #8387, .T. ) ;
#7130 = CARTESIAN_POINT ( 'NONE',  ( -11.05924632636000027, -21.81008688721999889, -2.024032565996000343 ) ) ;
#7131 = CARTESIAN_POINT ( 'NONE',  ( 11.79693203873000051, -19.60294821257999587, -3.571602740876000048 ) ) ;
#7132 = CARTESIAN_POINT ( 'NONE',  ( -9.020669316464594800, 15.62089463499597386, 5.710772084629347489 ) ) ;
#7133 = FACE_OUTER_BOUND ( 'NONE', #3788, .T. ) ;
#7134 = ORIENTED_EDGE ( 'NONE', *, *, #3139, .F. ) ;
#7135 = DIRECTION ( 'NONE',  ( -1.000000000000000000, 0.000000000000000000, 0.000000000000000000 ) ) ;
#7136 = CARTESIAN_POINT ( 'NONE',  ( -21.26191789043999947, -1.362726278760000076, -1.091552753982999890 ) ) ;
#7137 = CARTESIAN_POINT ( 'NONE',  ( -21.27142273236999870, 1.146302577253999866, 1.788457511000999922 ) ) ;
#7138 = CARTESIAN_POINT ( 'NONE',  ( -20.75000000021334756, -1.358084321016342466, 3.383693845754000673 ) ) ;
#7139 = FACE_OUTER_BOUND ( 'NONE', #354, .T. ) ;
#7140 = ORIENTED_EDGE ( 'NONE', *, *, #460, .T. ) ;
#7141 = EDGE_CURVE ( 'NONE', #149, #2930, #2006, .T. ) ;
#7142 = CARTESIAN_POINT ( 'NONE',  ( 15.63277634420105677, -13.71215507511609744, 3.383693845753999785 ) ) ;
#7143 = EDGE_CURVE ( 'NONE', #7572, #5809, #7264, .T. ) ;
#7144 = CARTESIAN_POINT ( 'NONE',  ( -10.04076553607409572, 21.49325434994761252, -3.274891469067268357 ) ) ;
#7145 = ORIENTED_EDGE ( 'NONE', *, *, #2783, .T. ) ;
#7146 = CARTESIAN_POINT ( 'NONE',  ( 14.31537897165864770, 13.69183581835224217, 0.08369384575454007213 ) ) ;
#7147 = CARTESIAN_POINT ( 'NONE',  ( -21.45920320161999939, 1.151524621476000210, -0.9478599858917999832 ) ) ;
#7148 = VERTEX_POINT ( 'NONE', #4754 ) ;
#7149 = CARTESIAN_POINT ( 'NONE',  ( 21.56678207334000064, -0.9006682842944000456, -0.8395118176607999638 ) ) ;
#7150 = CARTESIAN_POINT ( 'NONE',  ( 17.08058880648393796, 5.799854320452162426, 5.710772084629347489 ) ) ;
#7151 = CARTESIAN_POINT ( 'NONE',  ( -17.83444809986583834, -7.842954127189614155, -0.3069499982415296313 ) ) ;
#7152 = CARTESIAN_POINT ( 'NONE',  ( -12.83196502049859333, 12.63511591503723253, -1.612058153106849856 ) ) ;
#7153 = CARTESIAN_POINT ( 'NONE',  ( 17.36541902210270294, 11.35802457265468846, 0.05543376680479205482 ) ) ;
#7154 = ORIENTED_EDGE ( 'NONE', *, *, #1986, .F. ) ;
#7155 = CARTESIAN_POINT ( 'NONE',  ( 20.02707231472000160, 7.298010412355999676, -0.8337442860356000240 ) ) ;
#7156 = DIRECTION ( 'NONE',  ( -1.000000000000000000, 0.000000000000000000, -0.000000000000000000 ) ) ;
#7157 = ORIENTED_EDGE ( 'NONE', *, *, #1027, .F. ) ;
#7158 = CARTESIAN_POINT ( 'NONE',  ( -10.02108722107916350, 20.36588443892973643, -3.838549116285248530 ) ) ;
#7159 = AXIS2_PLACEMENT_3D ( 'NONE', #3179, #7266, #1188 ) ;
#7160 = CARTESIAN_POINT ( 'NONE',  ( -11.44679355352000094, -21.58190766570000108, -2.404726694088000105 ) ) ;
#7161 = ORIENTED_EDGE ( 'NONE', *, *, #7771, .F. ) ;
#7162 = CARTESIAN_POINT ( 'NONE',  ( 11.16401116075000211, -18.91518353944000097, -3.405429070957000093 ) ) ;
#7163 = CARTESIAN_POINT ( 'NONE',  ( -20.64091994783373352, 2.109994272958372719, 1.231890333257060766 ) ) ;
#7164 = CARTESIAN_POINT ( 'NONE',  ( 21.51628700363876945, 1.660051209617510182, -0.6166229997108243488 ) ) ;
#7165 = ORIENTED_EDGE ( 'NONE', *, *, #1996, .T. ) ;
#7166 = ADVANCED_FACE ( 'NONE', ( #4702 ), #1323, .T. ) ;
#7167 = CARTESIAN_POINT ( 'NONE',  ( 21.23027243226999872, 1.932948685608999906, -0.7619110372855000257 ) ) ;
#7168 = CARTESIAN_POINT ( 'NONE',  ( 18.19436014312000083, -11.13782858549000032, 0.2867385858266000564 ) ) ;
#7169 = CARTESIAN_POINT ( 'NONE',  ( -21.21960969139999875, 2.084360324151999677, 1.245850045214000001 ) ) ;
#7170 = CARTESIAN_POINT ( 'NONE',  ( -10.00092592095148092, 19.20260949850900190, -3.504221548800115382 ) ) ;
#7171 = ORIENTED_EDGE ( 'NONE', *, *, #5060, .T. ) ;
#7172 = CARTESIAN_POINT ( 'NONE',  ( 9.195387531099926903, -18.65078392949572361, 3.383693845753999785 ) ) ;
#7173 = AXIS2_PLACEMENT_3D ( 'NONE', #3686, #228, #7838 ) ;
#7174 = CARTESIAN_POINT ( 'NONE',  ( 19.80479046322999892, 7.849956826947999566, -1.120380575724999828 ) ) ;
#7175 = CARTESIAN_POINT ( 'NONE',  ( 20.62966382813885957, 2.216962853937277433, 1.071791388109672116 ) ) ;
#7176 = EDGE_LOOP ( 'NONE', ( #1465, #8655, #5653, #192 ) ) ;
#7177 = CARTESIAN_POINT ( 'NONE',  ( -15.23779741927096509, 7.972710103236420487, -2.066306154244998528 ) ) ;
#7178 = CARTESIAN_POINT ( 'NONE',  ( -21.45915884948999874, 1.152638171140000001, 1.595247616606999985 ) ) ;
#7179 = B_SPLINE_CURVE_WITH_KNOTS ( 'NONE', 3,
 ( #2549, #7261, #478, #566, #7945, #6560 ),
 .UNSPECIFIED., .F., .F.,
 ( 4, 2, 4 ),
 ( 0.000000000000000000, 0.0008024660361068099764, 0.001604932072213619953 ),
 .UNSPECIFIED. ) ;
#7180 = CARTESIAN_POINT ( 'NONE',  ( 10.00143013403595660, -19.23973067644166335, -3.524674702707813356 ) ) ;
#7181 = CARTESIAN_POINT ( 'NONE',  ( -12.80365266643497968, 14.87998621429231072, -0.1378090023364578753 ) ) ;
#7182 = CARTESIAN_POINT ( 'NONE',  ( 17.39405925397253583, 11.31459286872739334, -0.2034047725131973294 ) ) ;
#7183 = DIRECTION ( 'NONE',  ( 0.4226182617406816222, 0.9063077870366583744, 0.000000000000000000 ) ) ;
#7184 = EDGE_CURVE ( 'NONE', #3783, #6697, #6704, .T. ) ;
#7185 = ORIENTED_EDGE ( 'NONE', *, *, #1467, .T. ) ;
#7186 = LINE ( 'NONE', #3829, #3609 ) ;
#7187 = DIRECTION ( 'NONE',  ( 0.9063077870220445087, 0.4226182617720207757, -8.810022428609434336E-10 ) ) ;
#7188 = CARTESIAN_POINT ( 'NONE',  ( -13.94360602986279574, -15.42225406671560251, 1.633725785306784140 ) ) ;
#7189 = CARTESIAN_POINT ( 'NONE',  ( -10.72307014771000055, -21.03582802730000267, 0.004164223596901000732 ) ) ;
#7190 = CARTESIAN_POINT ( 'NONE',  ( 11.87756009025999937, -18.82941604903000155, -3.368921601072000449 ) ) ;
#7191 = CARTESIAN_POINT ( 'NONE',  ( -17.42421696911974394, 4.667064080092682588, 5.710772084629347489 ) ) ;
#7192 = CARTESIAN_POINT ( 'NONE',  ( -4.667064080092668377, -17.42421696911975104, 5.710772084629347489 ) ) ;
#7193 = EDGE_LOOP ( 'NONE', ( #6485, #2697, #4314, #8029 ) ) ;
#7194 = EDGE_CURVE ( 'NONE', #331, #3017, #7377, .T. ) ;
#7195 = CIRCLE ( 'NONE', #5633, 1.049999999999999822 ) ;
#7196 = EDGE_CURVE ( 'NONE', #2538, #530, #8076, .T. ) ;
#7197 = CARTESIAN_POINT ( 'NONE',  ( 13.67369451084215726, 13.94279823801337947, -0.2551489254807821627 ) ) ;
#7198 = DIRECTION ( 'NONE',  ( -0.000000000000000000, 0.000000000000000000, -1.000000000000000000 ) ) ;
#7199 = CARTESIAN_POINT ( 'NONE',  ( -12.01142178009920691, 21.31012456456695503, -0.6494831752670650049 ) ) ;
#7200 = VERTEX_POINT ( 'NONE', #1355 ) ;
#7201 = DIRECTION ( 'NONE',  ( -0.000000000000000000, 0.000000000000000000, -1.000000000000000000 ) ) ;
#7202 = DIRECTION ( 'NONE',  ( 1.000000000000000000, 0.000000000000000000, 0.000000000000000000 ) ) ;
#7203 = B_SPLINE_CURVE_WITH_KNOTS ( 'NONE', 3,
 ( #948, #7810, #1087, #8478, #5822, #4449, #374, #7210, #8507, #1752, #5111, #5164 ),
 .UNSPECIFIED., .F., .F.,
 ( 4, 2, 2, 2, 2, 4 ),
 ( 2.032775357430347445E-15, 0.001408791044682021270, 0.002113186567022018285, 0.002817582089362015516, 0.004226373134042010413, 0.005635164178722001406 ),
 .UNSPECIFIED. ) ;
#7204 = CARTESIAN_POINT ( 'NONE',  ( -21.39512989677000121, 2.098098965921999959, 0.9874560086998001029 ) ) ;
#7205 = CARTESIAN_POINT ( 'NONE',  ( 20.75000000000000000, -1.095281579767929791E-13, -1.706306345687000015 ) ) ;
#7206 = CARTESIAN_POINT ( 'NONE',  ( 18.20450481709151802, 2.049922496478948641, -1.371121485831710451 ) ) ;
#7207 = CARTESIAN_POINT ( 'NONE',  ( 20.78407161823928817, 0.5010481940835092018, -1.237027273921303294 ) ) ;
#7208 = CARTESIAN_POINT ( 'NONE',  ( -18.16360962044121408, -7.663797834566388190, -0.03581804136992935983 ) ) ;
#7209 = CARTESIAN_POINT ( 'NONE',  ( -12.80648134281134709, 13.63554546774408927, -1.064180934471064655 ) ) ;
#7210 = CARTESIAN_POINT ( 'NONE',  ( 9.946506527651377993, 16.09315937378751826, -0.8941377731794443173 ) ) ;
#7211 = ORIENTED_EDGE ( 'NONE', *, *, #3077, .F. ) ;
#7212 = CARTESIAN_POINT ( 'NONE',  ( -9.195387532136267694, -18.65078392898084658, 4.523749079003891005 ) ) ;
#7213 = CARTESIAN_POINT ( 'NONE',  ( 18.53587969806708102, 9.323836946000010784, 1.803693845760923287 ) ) ;
#7214 = DIRECTION ( 'NONE',  ( 0.000000000000000000, 0.000000000000000000, -1.000000000000000000 ) ) ;
#7215 = CARTESIAN_POINT ( 'NONE',  ( 10.04658946117247176, 21.82690679510617571, -0.5715210242958217446 ) ) ;
#7216 = CARTESIAN_POINT ( 'NONE',  ( -10.01729429778999858, 21.33962147988000169, -0.04671286061181999932 ) ) ;
#7217 = VECTOR ( 'NONE', #5732, 1000.000000000000000 ) ;
#7218 = ORIENTED_EDGE ( 'NONE', *, *, #683, .F. ) ;
#7219 = CARTESIAN_POINT ( 'NONE',  ( -10.65362072291999951, -21.92743570223000305, -1.256123317702000142 ) ) ;
#7220 = CARTESIAN_POINT ( 'NONE',  ( 17.94581812964587897, -10.41714829977048318, -0.8939093491049113771 ) ) ;
#7221 = VECTOR ( 'NONE', #8287, 1000.000000000000114 ) ;
#7222 = CARTESIAN_POINT ( 'NONE',  ( 21.24101010297999892, 1.759634278640999971, -0.9001878032432999444 ) ) ;
#7223 = DIRECTION ( 'NONE',  ( -0.9063077851952263675, -0.4226182608820066022, -6.374630777570116096E-05 ) ) ;
#7224 = VERTEX_POINT ( 'NONE', #7429 ) ;
#7225 = CARTESIAN_POINT ( 'NONE',  ( 18.89517946538000004, -9.831610039597999062, 1.803645981182000035 ) ) ;
#7226 = CARTESIAN_POINT ( 'NONE',  ( 18.86020099013314066, -10.48851910046943559, -0.6984888757226168643 ) ) ;
#7227 = CARTESIAN_POINT ( 'NONE',  ( 12.07749883531000101, 21.12269651489999944, -0.3875132854294000007 ) ) ;
#7228 = CARTESIAN_POINT ( 'NONE',  ( -20.06915896451013381, -2.955000000000000071, 0.7354191326179171373 ) ) ;
#7229 = CARTESIAN_POINT ( 'NONE',  ( 0.000000000000000000, 10.29999999999999716, -2.066306154244998528 ) ) ;
#7230 = CIRCLE ( 'NONE', #3670, 0.2000000000000000944 ) ;
#7231 = ORIENTED_EDGE ( 'NONE', *, *, #2348, .F. ) ;
#7232 = CARTESIAN_POINT ( 'NONE',  ( -21.37824181803999934, 2.276020040331999894, 0.3160474472317000294 ) ) ;
#7233 = CARTESIAN_POINT ( 'NONE',  ( -15.63277634469221589, -13.71215507455078431, 4.523749079003891005 ) ) ;
#7234 = B_SPLINE_CURVE_WITH_KNOTS ( 'NONE', 3,
 ( #759, #7386, #6744, #6135, #3463, #6157, #2018, #8073, #2101, #4111, #6820, #667 ),
 .UNSPECIFIED., .F., .F.,
 ( 4, 2, 2, 2, 2, 4 ),
 ( 0.000000000000000000, 0.1250000000000000000, 0.2499999999999999445, 0.4999999999999999445, 0.7500000000000000000, 1.000000000000000000 ),
 .UNSPECIFIED. ) ;
#7235 = CARTESIAN_POINT ( 'NONE',  ( -12.00688542952449644, -21.32626261935561729, -0.6776453288796551178 ) ) ;
#7236 = CARTESIAN_POINT ( 'NONE',  ( -9.910588506443309242, 14.04916630692904178, -2.065599973720539939 ) ) ;
#7237 = CARTESIAN_POINT ( 'NONE',  ( 15.63277634469224431, -13.71215507455074345, 4.523749079003891893 ) ) ;
#7238 = CARTESIAN_POINT ( 'NONE',  ( -21.56627130524999814, -0.9128984147778999025, -0.8398965740746999753 ) ) ;
#7239 = CARTESIAN_POINT ( 'NONE',  ( 19.59880384405365206, 6.810551986164294469, 1.231442375119159882 ) ) ;
#7240 = CIRCLE ( 'NONE', #1505, 0.5000000000000000000 ) ;
#7241 = CARTESIAN_POINT ( 'NONE',  ( 20.61624367649372758, -2.716135067184916707, 3.633693845755190832 ) ) ;
#7242 = ORIENTED_EDGE ( 'NONE', *, *, #6816, .F. ) ;
#7243 = CARTESIAN_POINT ( 'NONE',  ( 10.04971428183701398, 22.00592765108085302, -2.401672758681750341 ) ) ;
#7244 = CARTESIAN_POINT ( 'NONE',  ( 12.98827977576000059, -16.14238934963000105, 1.643117994917000058 ) ) ;
#7245 = EDGE_CURVE ( 'NONE', #4094, #5011, #659, .T. ) ;
#7246 = EDGE_CURVE ( 'NONE', #6147, #1225, #7430, .T. ) ;
#7247 = CARTESIAN_POINT ( 'NONE',  ( -20.72783648077034613, 0.9249961968705143756, -1.156309865933985215 ) ) ;
#7248 = CARTESIAN_POINT ( 'NONE',  ( -10.04024076002440147, -21.46318994992789442, -0.1365355635821411395 ) ) ;
#7249 = CARTESIAN_POINT ( 'NONE',  ( 17.72016932518906884, 10.79628176408963114, 1.009992305357474640 ) ) ;
#7250 = DIRECTION ( 'NONE',  ( 0.000000000000000000, 0.000000000000000000, -1.000000000000000000 ) ) ;
#7251 = ORIENTED_EDGE ( 'NONE', *, *, #5618, .T. ) ;
#7252 = VERTEX_POINT ( 'NONE', #5389 ) ;
#7253 = CARTESIAN_POINT ( 'NONE',  ( 18.00708257084999886, 9.417463262620000108, -1.156306154243999851 ) ) ;
#7254 = CARTESIAN_POINT ( 'NONE',  ( 19.76247946950000056, 7.951347598694998631, 1.788554799039999921 ) ) ;
#7255 = CARTESIAN_POINT ( 'NONE',  ( -10.03337596223014572, 21.06990594796000238, -2.068331160266999813 ) ) ;
#7256 = CARTESIAN_POINT ( 'NONE',  ( 18.56625057212029617, -10.99953050345599692, 0.1673449686447868179 ) ) ;
#7257 = ORIENTED_EDGE ( 'NONE', *, *, #2345, .F. ) ;
#7258 = CARTESIAN_POINT ( 'NONE',  ( 11.43724161398999861, 21.40057698115999685, -2.757718967212000383 ) ) ;
#7259 = VERTEX_POINT ( 'NONE', #6703 ) ;
#7260 = AXIS2_PLACEMENT_3D ( 'NONE', #3663, #5646, #2243 ) ;
#7261 = CARTESIAN_POINT ( 'NONE',  ( -12.09360988124055147, -18.62011777787604672, -3.277297301092442439 ) ) ;
#7262 = CARTESIAN_POINT ( 'NONE',  ( -10.03749905366534101, 21.30606878218540245, -0.02725523396778005078 ) ) ;
#7263 = ORIENTED_EDGE ( 'NONE', *, *, #2451, .F. ) ;
#7264 = B_SPLINE_CURVE_WITH_KNOTS ( 'NONE', 3,
 ( #5217, #6561, #5979, #2005 ),
 .UNSPECIFIED., .F., .F.,
 ( 4, 4 ),
 ( 0.000000000000000000, 1.000000000000000000 ),
 .UNSPECIFIED. ) ;
#7265 = CARTESIAN_POINT ( 'NONE',  ( -21.26478080349999900, 1.178060974026000185, -1.163400778851999773 ) ) ;
#7266 = DIRECTION ( 'NONE',  ( -4.576570350824049535E-14, -1.393630480428884165E-13, 1.000000000000000000 ) ) ;
#7267 = EDGE_LOOP ( 'NONE', ( #6671, #323, #5569, #5474 ) ) ;
#7268 = CARTESIAN_POINT ( 'NONE',  ( 18.35056995265999902, 10.85693742930000028, 1.245747657320999791 ) ) ;
#7269 = CARTESIAN_POINT ( 'NONE',  ( 10.00092468072358010, 19.20261121409579985, -3.504218695403119810 ) ) ;
#7270 = CARTESIAN_POINT ( 'NONE',  ( -10.01592089730661250, -20.06990594796000238, -2.068331160266999813 ) ) ;
#7271 = CARTESIAN_POINT ( 'NONE',  ( 5.694972323165010227E-08, 17.18999595947529713, -2.066300294919140246 ) ) ;
#7272 = VERTEX_POINT ( 'NONE', #5331 ) ;
#7273 = ORIENTED_EDGE ( 'NONE', *, *, #3220, .F. ) ;
#7274 = DIRECTION ( 'NONE',  ( 0.000000000000000000, 0.000000000000000000, -1.000000000000000000 ) ) ;
#7275 = CARTESIAN_POINT ( 'NONE',  ( -20.66653856159094360, -1.864797607390096923, -0.9007745436670400174 ) ) ;
#7276 = DIRECTION ( 'NONE',  ( -1.000000000000000000, 0.000000000000000000, 0.000000000000000000 ) ) ;
#7277 = AXIS2_PLACEMENT_3D ( 'NONE', #1009, #5088, #3076 ) ;
#7278 = CARTESIAN_POINT ( 'NONE',  ( -12.75378029884000064, -17.57230918071000048, 1.352352201112000163 ) ) ;
#7279 = CARTESIAN_POINT ( 'NONE',  ( -10.05164993961949449, -22.11682141116886058, -1.844561363857548431 ) ) ;
#7280 = CARTESIAN_POINT ( 'NONE',  ( -12.57102762666999851, -13.90136070938999957, -2.977563005153999853 ) ) ;
#7281 = CARTESIAN_POINT ( 'NONE',  ( 17.83376383421657252, -10.60775303049522122, -0.6882965749643896736 ) ) ;
#7282 = ORIENTED_EDGE ( 'NONE', *, *, #8427, .T. ) ;
#7283 =( BOUNDED_CURVE ( )  B_SPLINE_CURVE ( 3, ( #7255, #1234, #3867, #6612 ),
 .UNSPECIFIED., .F., .F. ) 
 B_SPLINE_CURVE_WITH_KNOTS ( ( 4, 4 ),
 ( 3.141592653589793116, 6.283185307179586232 ),
 .UNSPECIFIED. ) 
 CURVE ( )  GEOMETRIC_REPRESENTATION_ITEM ( )  RATIONAL_B_SPLINE_CURVE ( ( 1.000000000000000000, 0.3333333333333333703, 0.3333333333333333703, 1.000000000000000000 ) ) 
 REPRESENTATION_ITEM ( '' )  );
#7284 = DIRECTION ( 'NONE',  ( -1.000000000000000000, 0.000000000000000000, 0.000000000000000000 ) ) ;
#7285 = ORIENTED_EDGE ( 'NONE', *, *, #5004, .F. ) ;
#7286 = CYLINDRICAL_SURFACE ( 'NONE', #944, 21.57999999999999829 ) ;
#7287 = CARTESIAN_POINT ( 'NONE',  ( -1.629831350118793230E-09, -20.75000000000024869, 3.383693845754243590 ) ) ;
#7288 = AXIS2_PLACEMENT_3D ( 'NONE', #2200, #6919, #4991 ) ;
#7289 = DIRECTION ( 'NONE',  ( 1.000000000000000000, 0.000000000000000000, 0.000000000000000000 ) ) ;
#7290 = CARTESIAN_POINT ( 'NONE',  ( -12.29003904427122151, -19.90902652063749301, 0.3551184815123524241 ) ) ;
#7291 = CARTESIAN_POINT ( 'NONE',  ( 11.64303009842595849, 20.04947273709742817, -3.570354318545693850 ) ) ;
#7292 = ORIENTED_EDGE ( 'NONE', *, *, #2617, .T. ) ;
#7293 = CARTESIAN_POINT ( 'NONE',  ( 21.26480358796000303, -1.178061235654999761, 1.810788521298999809 ) ) ;
#7294 = B_SPLINE_CURVE_WITH_KNOTS ( 'NONE', 3,
 ( #8339, #1640, #1580, #3658 ),
 .UNSPECIFIED., .F., .F.,
 ( 4, 4 ),
 ( 0.000000000000000000, 1.000000000000000000 ),
 .UNSPECIFIED. ) ;
#7295 = DIRECTION ( 'NONE',  ( -0.7336112684497700931, -0.6795693539319731524, 0.000000000000000000 ) ) ;
#7296 = CARTESIAN_POINT ( 'NONE',  ( -12.45827930671000061, -16.00724536355999916, -2.360849973137000291 ) ) ;
#7297 = LINE ( 'NONE', #1919, #4671 ) ;
#7298 = CARTESIAN_POINT ( 'NONE',  ( 19.61003926569863509, 6.783208118751189453, 1.259448817338837845 ) ) ;
#7299 = CARTESIAN_POINT ( 'NONE',  ( -20.75000000000000000, 1.839641118486967229E-09, 3.823258901918523023 ) ) ;
#7300 = EDGE_CURVE ( 'NONE', #2849, #2930, #1324, .T. ) ;
#7301 = CARTESIAN_POINT ( 'NONE',  ( 19.25153781777367001, 7.740358201409460293, 1.803827487051676615 ) ) ;
#7302 = EDGE_CURVE ( 'NONE', #8361, #5081, #4051, .T. ) ;
#7303 = CARTESIAN_POINT ( 'NONE',  ( 21.54207555526999940, -1.229999999999999982, 1.803693845753999936 ) ) ;
#7304 = CARTESIAN_POINT ( 'NONE',  ( 9.195387531525982538, -18.65078392928350581, 3.633693845755067819 ) ) ;
#7305 = CARTESIAN_POINT ( 'NONE',  ( -12.86951317872427225, 16.56476039385638543, 1.560239212671645781 ) ) ;
#7306 = ORIENTED_EDGE ( 'NONE', *, *, #5678, .T. ) ;
#7307 = CARTESIAN_POINT ( 'NONE',  ( 12.47262802846999996, -19.35626617260000160, 0.6874844166115999800 ) ) ;
#7308 = TOROIDAL_SURFACE ( 'NONE', #313, 13.70278176158999983, 7.746238296519999622 ) ;
#7309 = DIRECTION ( 'NONE',  ( 1.000000000000000000, 0.000000000000000000, 0.000000000000000000 ) ) ;
#7310 = CARTESIAN_POINT ( 'NONE',  ( 18.20859178230223563, 9.952113347917666886, 1.814137332299317729 ) ) ;
#7311 = ORIENTED_EDGE ( 'NONE', *, *, #521, .F. ) ;
#7312 = EDGE_CURVE ( 'NONE', #2317, #649, #3151, .T. ) ;
#7313 = CARTESIAN_POINT ( 'NONE',  ( -20.53851183857635476, 2.955000430643705212, 0.3236963601018285064 ) ) ;
#7314 = CARTESIAN_POINT ( 'NONE',  ( -21.51616999793337470, -1.661899433651727431, 1.262304947730491511 ) ) ;
#7315 = CARTESIAN_POINT ( 'NONE',  ( 19.68603685809238613, -6.559267705671602222, -0.1741630197851234685 ) ) ;
#7316 = CARTESIAN_POINT ( 'NONE',  ( 11.94121707328999982, 21.56584804563999569, -1.223821820374000113 ) ) ;
#7317 = CARTESIAN_POINT ( 'NONE',  ( -11.88071400095540398, 20.60175973310806796, -3.330304514065357768 ) ) ;
#7318 = CARTESIAN_POINT ( 'NONE',  ( 10.00286817499362080, -19.31473330077410111, -3.565986074861074773 ) ) ;
#7319 = ADVANCED_FACE ( 'NONE', ( #8170 ), #5133, .F. ) ;
#7320 = B_SPLINE_CURVE_WITH_KNOTS ( 'NONE', 3,
 ( #1075, #2492, #8525, #3757, #8468, #2431, #4465, #8496, #7142, #3784, #426, #2463, #7172, #5186, #3227, #1940, #7914, #7287 ),
 .UNSPECIFIED., .F., .F.,
 ( 4, 2, 2, 2, 2, 2, 2, 2, 4 ),
 ( 0.000000000000000000, 0.06250000000000000000, 0.1250000000000000000, 0.1875000000000000000, 0.2500000000000000000, 0.3125000000000000000, 0.3750000000000000000, 0.4375000000000000000, 0.5000000000000000000 ),
 .UNSPECIFIED. ) ;
#7321 = CARTESIAN_POINT ( 'NONE',  ( 20.72937396330389603, -0.9249632443814409521, -1.706306396414690063 ) ) ;
#7322 = CARTESIAN_POINT ( 'NONE',  ( -3.471422492858734277, -20.53107192262287484, 1.633722230294091915 ) ) ;
#7323 = CARTESIAN_POINT ( 'NONE',  ( -10.29683942944999941, -14.04779942683000016, -2.065676721824999618 ) ) ;
#7324 = DIRECTION ( 'NONE',  ( -1.000000000000000000, 0.000000000000000000, 0.000000000000000000 ) ) ;
#7325 = CARTESIAN_POINT ( 'NONE',  ( -20.60633520942907282, 2.504189673159380902, 1.259859801018282655 ) ) ;
#7326 = CIRCLE ( 'NONE', #1402, 19.22890256754999783 ) ;
#7327 = ORIENTED_EDGE ( 'NONE', *, *, #1528, .F. ) ;
#7328 = CARTESIAN_POINT ( 'NONE',  ( -18.40756899881500885, -8.019268413045018917, 0.4505807612244892013 ) ) ;
#7329 = CARTESIAN_POINT ( 'NONE',  ( -17.18981763812385211, -1.039103057141846698, -2.066306154244998083 ) ) ;
#7330 = CARTESIAN_POINT ( 'NONE',  ( -12.01290096654352446, 19.24881721451669847, -3.486011628061450818 ) ) ;
#7331 = DIRECTION ( 'NONE',  ( -1.000000000000000000, 0.000000000000000000, 0.000000000000000000 ) ) ;
#7332 = CARTESIAN_POINT ( 'NONE',  ( -10.48126889238999837, -20.28443330122000177, 0.5892686043682999752 ) ) ;
#7333 = CARTESIAN_POINT ( 'NONE',  ( -10.04168292710678401, -21.54581164674275584, -3.225965313863288664 ) ) ;
#7334 = CARTESIAN_POINT ( 'NONE',  ( -11.82796345605999910, -23.22588220184999841, 0.1311650505280000101 ) ) ;
#7335 = ORIENTED_EDGE ( 'NONE', *, *, #3188, .F. ) ;
#7336 = CARTESIAN_POINT ( 'NONE',  ( -20.72937267399354866, 0.9249913590158880261, -1.706306393748539874 ) ) ;
#7337 = CARTESIAN_POINT ( 'NONE',  ( -11.93863281331044135, 19.91139406426545122, -3.538233549207975059 ) ) ;
#7338 = CARTESIAN_POINT ( 'NONE',  ( -19.26485897382999823, -0.9249999235549999366, 0.3236939221983999859 ) ) ;
#7339 = CIRCLE ( 'NONE', #2593, 21.29999997672000234 ) ;
#7340 = ORIENTED_EDGE ( 'NONE', *, *, #4305, .F. ) ;
#7341 = CARTESIAN_POINT ( 'NONE',  ( 11.88062540388000166, 21.57397488151000076, -2.023678358226000285 ) ) ;
#7342 = CARTESIAN_POINT ( 'NONE',  ( -11.85634884518722210, 21.02184062187511415, -3.023957280544124604 ) ) ;
#7343 = EDGE_CURVE ( 'NONE', #6147, #3541, #2695, .T. ) ;
#7344 = FACE_OUTER_BOUND ( 'NONE', #7498, .T. ) ;
#7345 = CARTESIAN_POINT ( 'NONE',  ( -11.92563140556999812, -18.42487861428000073, -3.187902860060999544 ) ) ;
#7346 = ORIENTED_EDGE ( 'NONE', *, *, #5810, .T. ) ;
#7347 = CARTESIAN_POINT ( 'NONE',  ( 21.56627130553999905, -0.9128984257437999794, -0.8398965734061000221 ) ) ;
#7348 = B_SPLINE_CURVE_WITH_KNOTS ( 'NONE', 3,
 ( #257, #6314, #6459, #3765, #3181, #5223, #5135, #1835, #7924, #8533, #3127, #455, #6508, #1134, #3881, #4473, #7895, #5162 ),
 .UNSPECIFIED., .F., .F.,
 ( 4, 2, 2, 2, 2, 2, 2, 2, 4 ),
 ( -0.003391971078983386807, -0.002793299877531975860, -0.002194628676080564479, -0.001595957474629153315, -0.0009972862731777421517, -0.0003986150717263307712, 0.0002000561297250801757, 0.0007987273311764911225, 0.001397398532627902503 ),
 .UNSPECIFIED. ) ;
#7349 = FILL_AREA_STYLE ('',( #6737 ) ) ;
#7350 = CARTESIAN_POINT ( 'NONE',  ( -12.06953352406000057, -17.30309128525999895, -2.714784531285999947 ) ) ;
#7351 = CARTESIAN_POINT ( 'NONE',  ( -21.36269741741000061, -1.151429575264999894, -1.059378769954000044 ) ) ;
#7352 = CYLINDRICAL_SURFACE ( 'NONE', #822, 0.5000000000000004441 ) ;
#7353 = CARTESIAN_POINT ( 'NONE',  ( -20.73691029626992233, -0.5008625023942714360, 0.01156473975665721354 ) ) ;
#7354 = CARTESIAN_POINT ( 'NONE',  ( -18.30623888193362347, -8.276452227572132614, 0.4676028606593850001 ) ) ;
#7355 = CARTESIAN_POINT ( 'NONE',  ( 10.39887648807956388, -18.00750568006098362, 3.633693845755075369 ) ) ;
#7356 = CARTESIAN_POINT ( 'NONE',  ( 15.62089463499599518, -9.020669316464559273, 5.710772084629347489 ) ) ;
#7357 = VERTEX_POINT ( 'NONE', #298 ) ;
#7358 = CARTESIAN_POINT ( 'NONE',  ( -11.36275185915400066, 17.48461197301880432, 3.633693845755172180 ) ) ;
#7359 = EDGE_CURVE ( 'NONE', #5019, #5846, #8121, .T. ) ;
#7360 = ADVANCED_FACE ( 'NONE', ( #8591 ), #469, .T. ) ;
#7361 = EDGE_CURVE ( 'NONE', #5909, #8026, #7966, .T. ) ;
#7362 = EDGE_LOOP ( 'NONE', ( #8153, #6142, #2416, #1056 ) ) ;
#7363 = CARTESIAN_POINT ( 'NONE',  ( -11.44878856857000038, 20.73561124357999930, -3.412522617367999889 ) ) ;
#7364 = CARTESIAN_POINT ( 'NONE',  ( 12.22157555786343686, 17.69467779893456694, -2.864789032879878405 ) ) ;
#7365 = CARTESIAN_POINT ( 'NONE',  ( 11.84835802578908392, -21.25813189017338090, -2.760279670417897346 ) ) ;
#7366 = ORIENTED_EDGE ( 'NONE', *, *, #5798, .F. ) ;
#7367 = EDGE_LOOP ( 'NONE', ( #4177, #8249, #7242, #8158 ) ) ;
#7368 = CARTESIAN_POINT ( 'NONE',  ( 1.300000004063999848, 13.78622870414984725, -1.496306154245016451 ) ) ;
#7369 = DIRECTION ( 'NONE',  ( 0.9990561709733511986, 0.04343693405462790980, 2.938599864160751166E-14 ) ) ;
#7370 = VERTEX_POINT ( 'NONE', #520 ) ;
#7371 = CARTESIAN_POINT ( 'NONE',  ( 10.65362072291999951, 21.92743570223000305, -1.256123317702000142 ) ) ;
#7372 = AXIS2_PLACEMENT_3D ( 'NONE', #3924, #5975, #3984 ) ;
#7373 = CARTESIAN_POINT ( 'NONE',  ( -11.90136498374293872, 20.33033814055990263, -3.450940697591406980 ) ) ;
#7374 = ORIENTED_EDGE ( 'NONE', *, *, #1248, .F. ) ;
#7375 = CARTESIAN_POINT ( 'NONE',  ( 17.81522966148412834, 10.63551504721007213, -0.5844822328094467778 ) ) ;
#7376 = B_SPLINE_CURVE_WITH_KNOTS ( 'NONE', 3,
 ( #1772, #304, #1685, #7137, #1071, #5036, #6498, #2428, #3115, #6417, #7827, #3781, #2461, #7169, #1911, #4611, #473, #6642, #448, #535, #4581, #5297, #3898, #5890 ),
 .UNSPECIFIED., .F., .F.,
 ( 4, 1, 1, 1, 1, 1, 1, 1, 1, 1, 1, 1, 1, 1, 1, 1, 1, 1, 1, 1, 1, 4 ),
 ( 0.000000000000000000, 0.04761904761904999644, 0.09523809523809999289, 0.1428571428570999946, 0.1904761904761999858, 0.2380952380951999736, 0.2857142857143000203, 0.3333333333333000081, 0.3809523809523999716, 0.4285714285713999594, 0.4761904761904999783, 0.5238095238095000772, 0.5714285714286000406, 0.6190476190476000840, 0.6666666666667000474, 0.7142857142856999797, 0.7619047619048000541, 0.8095238095237999865, 0.8571428571429000609, 0.9047619047618999932, 0.9523809523809999567, 1.000000000000000000 ),
 .UNSPECIFIED. ) ;
#7377 = B_SPLINE_CURVE_WITH_KNOTS ( 'NONE', 3,
 ( #7401, #3309, #4728, #8671, #7375, #26, #4049, #8757, #4650, #684 ),
 .UNSPECIFIED., .F., .F.,
 ( 4, 2, 2, 2, 4 ),
 ( 0.5002770806978172891, 0.6237447164297824642, 0.7472123521617475284, 0.8706799878937128145, 0.9941476236256781007 ),
 .UNSPECIFIED. ) ;
#7378 = ORIENTED_EDGE ( 'NONE', *, *, #2515, .F. ) ;
#7379 = CARTESIAN_POINT ( 'NONE',  ( 21.49295302708999955, -2.000060905455000260, 0.9442143459269000116 ) ) ;
#7380 =( LENGTH_UNIT ( ) NAMED_UNIT ( * ) SI_UNIT ( .MILLI., .METRE. ) );
#7381 = CARTESIAN_POINT ( 'NONE',  ( -9.963534668395999105, -18.43534587609000042, -3.093347991296000465 ) ) ;
#7382 = CARTESIAN_POINT ( 'NONE',  ( 11.01555896076934715, -17.62404467166863853, 1.633752665810000115 ) ) ;
#7383 = CARTESIAN_POINT ( 'NONE',  ( 18.99991033258946516, 10.23319758323153117, 1.464122970676245972 ) ) ;
#7384 = CARTESIAN_POINT ( 'NONE',  ( -20.70837346589773276, -1.502623321709032123, -1.236915264311040152 ) ) ;
#7385 = CARTESIAN_POINT ( 'NONE',  ( -18.35210744938978422, -7.767841674624373027, 0.2405879356203922959 ) ) ;
#7386 = CARTESIAN_POINT ( 'NONE',  ( -0.4426624778888015865, -17.18999760066725457, -2.066306154244998528 ) ) ;
#7387 = ORIENTED_EDGE ( 'NONE', *, *, #2564, .F. ) ;
#7388 = EDGE_CURVE ( 'NONE', #5824, #348, #1734, .T. ) ;
#7389 = CIRCLE ( 'NONE', #211, 7.746238289321000892 ) ;
#7390 = CARTESIAN_POINT ( 'NONE',  ( -10.63181712416999858, 20.72404661464999975, -3.633829708654999990 ) ) ;
#7391 = CARTESIAN_POINT ( 'NONE',  ( 20.05198027742697064, -7.977026305664604244, 1.464075022827114658 ) ) ;
#7392 = CARTESIAN_POINT ( 'NONE',  ( 12.03676286744169310, -21.20707052762250910, -0.5152340260314810516 ) ) ;
#7393 = ORIENTED_EDGE ( 'NONE', *, *, #5743, .T. ) ;
#7394 = FACE_OUTER_BOUND ( 'NONE', #5024, .T. ) ;
#7395 = CARTESIAN_POINT ( 'NONE',  ( -20.65956971726960134, 1.951215328394734883, -1.448536952093241625 ) ) ;
#7396 = CARTESIAN_POINT ( 'NONE',  ( -20.75000000000000355, 0.3084251589298448448, 1.853689569960000227 ) ) ;
#7397 = CARTESIAN_POINT ( 'NONE',  ( -6.834424794761142508, 19.66890237218154880, 1.633718978318879467 ) ) ;
#7398 = CARTESIAN_POINT ( 'NONE',  ( 11.17454714678000016, 21.41098042377000255, -0.4058549474845000171 ) ) ;
#7399 = VERTEX_POINT ( 'NONE', #3161 ) ;
#7400 = CARTESIAN_POINT ( 'NONE',  ( -11.88241900051316158, 20.57661697797917455, -3.343762154905213890 ) ) ;
#7401 = CARTESIAN_POINT ( 'NONE',  ( 17.66115224568639874, 10.88915445177991081, 0.3236938351429941574 ) ) ;
#7402 = FACE_BOUND ( 'NONE', #1643, .T. ) ;
#7403 = CARTESIAN_POINT ( 'NONE',  ( 10.00187517935617620, 19.26522730550310669, -3.538746405606238099 ) ) ;
#7404 = CARTESIAN_POINT ( 'NONE',  ( -12.16966899021000081, -18.21385611726000064, -3.096306145022999612 ) ) ;
#7405 = CARTESIAN_POINT ( 'NONE',  ( 21.46901615497999671, -0.9065850852832000317, 1.595041494393000026 ) ) ;
#7406 = B_SPLINE_CURVE_WITH_KNOTS ( 'NONE', 3,
 ( #7003, #2184, #2912, #8260 ),
 .UNSPECIFIED., .F., .F.,
 ( 4, 4 ),
 ( 0.000000000000000000, 1.000000000000000000 ),
 .UNSPECIFIED. ) ;
#7407 = DIRECTION ( 'NONE',  ( -0.9135454180327423623, -0.4067367320409873699, -1.948676803253945464E-09 ) ) ;
#7408 = DIRECTION ( 'NONE',  ( -1.000000000000000000, 0.000000000000000000, 0.000000000000000000 ) ) ;
#7409 = CARTESIAN_POINT ( 'NONE',  ( 18.65078392898084658, -9.195387532136265918, 4.523749079003892781 ) ) ;
#7410 = CARTESIAN_POINT ( 'NONE',  ( 18.86129132972527955, 10.48648660966756907, -0.6995496236879005236 ) ) ;
#7411 = VERTEX_POINT ( 'NONE', #5878 ) ;
#7412 = EDGE_CURVE ( 'NONE', #4334, #5414, #6329, .T. ) ;
#7413 = CARTESIAN_POINT ( 'NONE',  ( -20.70838037372414675, 1.502601602459075592, 1.884238510078378503 ) ) ;
#7414 = EDGE_CURVE ( 'NONE', #7224, #4334, #3482, .T. ) ;
#7415 = CARTESIAN_POINT ( 'NONE',  ( 10.00899577470000068, -20.73453022210999919, -3.771529120844999916 ) ) ;
#7416 = CARTESIAN_POINT ( 'NONE',  ( -4.495734977061997206, 12.35000000000000142, -1.566306154244998750 ) ) ;
#7417 = ORIENTED_EDGE ( 'NONE', *, *, #1528, .T. ) ;
#7418 = CARTESIAN_POINT ( 'NONE',  ( -19.39770010611874795, -2.897201218764489994, -0.1573070548562586213 ) ) ;
#7419 = CARTESIAN_POINT ( 'NONE',  ( -11.70085819393000115, 21.05357042059000250, -3.066316262176000063 ) ) ;
#7420 = CARTESIAN_POINT ( 'NONE',  ( 20.15690835112791035, -7.708026940934836979, -0.6995975715221105506 ) ) ;
#7421 = CARTESIAN_POINT ( 'NONE',  ( -11.76374924661000065, -20.00728132536000103, -3.555408481933000520 ) ) ;
#7422 = CYLINDRICAL_SURFACE ( 'NONE', #973, 0.5000000000000004441 ) ;
#7423 = CARTESIAN_POINT ( 'NONE',  ( 21.27142297448000008, 1.146297087014999994, 1.788458365794999949 ) ) ;
#7424 = ORIENTED_EDGE ( 'NONE', *, *, #7312, .F. ) ;
#7425 = CARTESIAN_POINT ( 'NONE',  ( -7.638584468207382905, 19.29286208218094600, 3.633693845755003871 ) ) ;
#7426 = CARTESIAN_POINT ( 'NONE',  ( 18.39410952680808720, -9.597961708964607652, 1.803647597835059235 ) ) ;
#7427 = CARTESIAN_POINT ( 'NONE',  ( 10.25802931640000004, 20.62654073681000000, -3.741122846517999978 ) ) ;
#7428 = CARTESIAN_POINT ( 'NONE',  ( -11.91553276141393525, 21.58504817450616287, -1.373521480377478454 ) ) ;
#7429 = CARTESIAN_POINT ( 'NONE',  ( 19.17597491849637592, 7.921279384869663431, -1.156306154287781940 ) ) ;
#7430 = CIRCLE ( 'NONE', #4797, 0.9825396152541255868 ) ;
#7431 = B_SPLINE_CURVE_WITH_KNOTS ( 'NONE', 3,
 ( #5292, #586, #6826, #6140, #7448, #4093 ),
 .UNSPECIFIED., .F., .F.,
 ( 4, 2, 4 ),
 ( 3.705370968959021185E-18, 0.0007506471927779613572, 0.001501294385555919028 ),
 .UNSPECIFIED. ) ;
#7432 = ORIENTED_EDGE ( 'NONE', *, *, #2383, .T. ) ;
#7433 = CARTESIAN_POINT ( 'NONE',  ( 12.16966291429999991, 18.21385900638999900, -3.096307345880000117 ) ) ;
#7434 = CARTESIAN_POINT ( 'NONE',  ( 10.75368561612999940, 18.92314698082000035, -3.394910174745999765 ) ) ;
#7435 = CARTESIAN_POINT ( 'NONE',  ( 18.54473639206999991, -11.04516896173000085, 0.3306434867013000045 ) ) ;
#7436 = CARTESIAN_POINT ( 'NONE',  ( 20.78406179496607464, -0.5010124676868531468, 1.884346760022955758 ) ) ;
#7437 = DIRECTION ( 'NONE',  ( 0.000000000000000000, 1.000000000000000000, 0.000000000000000000 ) ) ;
#7438 = CARTESIAN_POINT ( 'NONE',  ( -10.72802851112549405, 21.07232626483165205, -0.02051900055646194848 ) ) ;
#7439 = CARTESIAN_POINT ( 'NONE',  ( 5.601991680791760686, 20.05033984584318674, 3.633693845755149532 ) ) ;
#7440 = VECTOR ( 'NONE', #1694, 1000.000000000000000 ) ;
#7441 = CARTESIAN_POINT ( 'NONE',  ( 19.86305592283590116, 6.001812467302510612, 1.633772699105149995 ) ) ;
#7442 = AXIS2_PLACEMENT_3D ( 'NONE', #6213, #844, #2883 ) ;
#7443 = CARTESIAN_POINT ( 'NONE',  ( -9.940960546415070098, 15.77581615922486691, -2.247290207822595143 ) ) ;
#7444 = CIRCLE ( 'NONE', #4518, 1.049999999999999822 ) ;
#7445 = CARTESIAN_POINT ( 'NONE',  ( 10.02611993582999972, -21.67259209906999828, -3.080133597908999654 ) ) ;
#7446 = VERTEX_POINT ( 'NONE', #5197 ) ;
#7447 = CARTESIAN_POINT ( 'NONE',  ( 13.71215507543185907, 15.63277634391033111, 3.383693845753999785 ) ) ;
#7448 = CARTESIAN_POINT ( 'NONE',  ( 10.02393170395550293, 20.52884475350614579, -3.839050089034000024 ) ) ;
#7449 = CARTESIAN_POINT ( 'NONE',  ( -12.10246674788999854, -18.72627160859000028, -3.322634614401999809 ) ) ;
#7450 = VECTOR ( 'NONE', #7797, 1000.000000000000000 ) ;
#7451 = ORIENTED_EDGE ( 'NONE', *, *, #6074, .F. ) ;
#7452 = CARTESIAN_POINT ( 'NONE',  ( 20.60904815236546028, 2.405006820699792769, 0.1272875988943704961 ) ) ;
#7453 = CARTESIAN_POINT ( 'NONE',  ( 18.46710841394992642, -5.550981771737851567, -0.5240280428418735426 ) ) ;
#7454 = CARTESIAN_POINT ( 'NONE',  ( 10.03026978191000040, 22.00549082507000165, -0.9098204402924999767 ) ) ;
#7455 = EDGE_LOOP ( 'NONE', ( #5115, #6330, #4690, #223 ) ) ;
#7456 = CARTESIAN_POINT ( 'NONE',  ( -20.75000000000045119, -1.270571054115378937E-15, 4.523749079003446028 ) ) ;
#7457 = CARTESIAN_POINT ( 'NONE',  ( 18.50387786697000081, 10.94349603787000014, 0.9874560111134998985 ) ) ;
#7458 = EDGE_LOOP ( 'NONE', ( #2524, #3871, #7340, #78 ) ) ;
#7459 = EDGE_CURVE ( 'NONE', #1681, #8321, #7000, .T. ) ;
#7460 = CARTESIAN_POINT ( 'NONE',  ( 10.75209841252000054, 18.95437702121000001, -3.410700394415000059 ) ) ;
#7461 = CARTESIAN_POINT ( 'NONE',  ( 9.974236753823999990, 18.98253596922999975, -3.380364267585000082 ) ) ;
#7462 = CARTESIAN_POINT ( 'NONE',  ( 19.16545551685999627, -9.930895337047999760, 1.486824525183999990 ) ) ;
#7463 = ORIENTED_EDGE ( 'NONE', *, *, #8653, .F. ) ;
#7464 = B_SPLINE_CURVE_WITH_KNOTS ( 'NONE', 3,
 ( #8108, #4092, #3381, #4717, #3438, #1314, #17, #73, #5350, #7477 ),
 .UNSPECIFIED., .F., .F.,
 ( 4, 3, 3, 4 ),
 ( 0.000000000000000000, 4.325387180805949431E-05, 8.563958050818967944E-05, 0.0001280253707754542929 ),
 .UNSPECIFIED. ) ;
#7465 = CARTESIAN_POINT ( 'NONE',  ( 20.75338650370636984, -0.5009289447787390603, 1.260045135722666743 ) ) ;
#7466 = CARTESIAN_POINT ( 'NONE',  ( -10.29725280821000055, -13.71928030247999963, -2.066225100665999737 ) ) ;
#7467 = VERTEX_POINT ( 'NONE', #3824 ) ;
#7468 = CARTESIAN_POINT ( 'NONE',  ( 18.26531389922999793, 11.01097592960000071, -0.3182214966701000236 ) ) ;
#7469 = CARTESIAN_POINT ( 'NONE',  ( 20.53847006639680117, -2.954956734001604968, 1.633882492204485004 ) ) ;
#7470 = ORIENTED_EDGE ( 'NONE', *, *, #4418, .F. ) ;
#7471 = CARTESIAN_POINT ( 'NONE',  ( 10.26401566784000075, -21.58661542791999821, -3.076181021807999905 ) ) ;
#7472 = CARTESIAN_POINT ( 'NONE',  ( 12.11144338969999978, 20.64768886378000090, -0.03791834315073999706 ) ) ;
#7473 = ORIENTED_EDGE ( 'NONE', *, *, #3980, .F. ) ;
#7474 = AXIS2_PLACEMENT_3D ( 'NONE', #5583, #1525, #2752 ) ;
#7475 = CARTESIAN_POINT ( 'NONE',  ( -10.60789669779000022, -20.06990594796000238, -2.068331160266999813 ) ) ;
#7476 = ADVANCED_FACE ( 'NONE', ( #1205, #6393 ), #6511, .T. ) ;
#7477 = CARTESIAN_POINT ( 'NONE',  ( -10.00286818446738124, -19.31473378429770094, -3.565986344090020133 ) ) ;
#7478 = CARTESIAN_POINT ( 'NONE',  ( -10.01592089730661250, -20.06990594796000238, -3.068331160266999369 ) ) ;
#7479 = CARTESIAN_POINT ( 'NONE',  ( 12.16332677832465947, -20.59462700758840015, -0.01560568594378390107 ) ) ;
#7480 = ORIENTED_EDGE ( 'NONE', *, *, #7343, .T. ) ;
#7481 = CARTESIAN_POINT ( 'NONE',  ( 12.81234473407695518, 13.30871193014055365, -1.267460652325594683 ) ) ;
#7482 = B_SPLINE_SURFACE_WITH_KNOTS ( 'NONE', 3, 3, ( 
 ( #6016, #6653, #1951, #8013 ),
 ( #1983, #7955, #3965, #7238 ),
 ( #1280, #7351, #638, #3938 ),
 ( #1222, #3883, #8590, #4566 ),
 ( #5255, #1193, #1867, #3910 ),
 ( #8619, #4595, #550, #5282 ),
 ( #5958, #1898, #6786, #63 ),
 ( #2789, #4108, #2097, #5399 ),
 ( #4081, #8068, #7495, #3375 ),
 ( #3457, #5473, #8177, #2014 ),
 ( #6133, #784, #6740, #5448 ),
 ( #5424, #6102, #4766, #2042 ) ),
 .UNSPECIFIED., .F., .F., .F.,
 ( 4, 1, 1, 1, 1, 1, 1, 1, 1, 4 ),
 ( 4, 4 ),
 ( -0.01011832780628000097, 0.000000000000000000, 0.1666661688087999749, 0.3333323376173999986, 0.4999985064262000289, 0.6666646752349000282, 0.8333308440436000275, 0.9999970128523000268, 1.000000000000000000, 1.010149973300999982 ),
 ( 0.1679173574971999927, 0.8302881919463999116 ),
 .UNSPECIFIED. ) ;
#7483 = CARTESIAN_POINT ( 'NONE',  ( 0.000000000000000000, 0.000000000000000000, 5.638832967551000053 ) ) ;
#7484 = ORIENTED_EDGE ( 'NONE', *, *, #1248, .T. ) ;
#7485 = CARTESIAN_POINT ( 'NONE',  ( 0.000000000000000000, 0.000000000000000000, 3.903721462377000240 ) ) ;
#7486 = CARTESIAN_POINT ( 'NONE',  ( -20.72031269776870133, 1.128033216144521012, 1.853689018518929643 ) ) ;
#7487 = CARTESIAN_POINT ( 'NONE',  ( -20.72953784684231238, 0.9249688692739991280, 1.853688185242363229 ) ) ;
#7488 = CARTESIAN_POINT ( 'NONE',  ( 18.96147672610999990, 10.11367731933999892, 1.595247594330999830 ) ) ;
#7489 = CARTESIAN_POINT ( 'NONE',  ( 9.979039481004999601, 19.21016927726000389, -3.507024264015000004 ) ) ;
#7490 = CARTESIAN_POINT ( 'NONE',  ( 9.946910732565999780, 17.58932669746000244, -2.736004260412999933 ) ) ;
#7491 = EDGE_LOOP ( 'NONE', ( #6061, #5167, #5935, #3302 ) ) ;
#7492 = CARTESIAN_POINT ( 'NONE',  ( -16.88057656767675496, -7.077862401073093501, 0.08369384575499995427 ) ) ;
#7493 = CARTESIAN_POINT ( 'NONE',  ( -17.99991456012002189, 0.000000000000000000, 9.334695990327277926 ) ) ;
#7494 = FACE_OUTER_BOUND ( 'NONE', #2656, .T. ) ;
#7495 = CARTESIAN_POINT ( 'NONE',  ( -21.45922648744999961, -1.151520860470000018, 1.595247661469999745 ) ) ;
#7496 =( BOUNDED_CURVE ( )  B_SPLINE_CURVE ( 3, ( #7897, #5137, #3129, #1784 ),
 .UNSPECIFIED., .F., .T. ) 
 B_SPLINE_CURVE_WITH_KNOTS ( ( 4, 4 ),
 ( 3.141592653589793116, 6.283185307179586232 ),
 .UNSPECIFIED. ) 
 CURVE ( )  GEOMETRIC_REPRESENTATION_ITEM ( )  RATIONAL_B_SPLINE_CURVE ( ( 1.000000000000000000, 0.3333333333333333703, 0.3333333333333333703, 1.000000000000000000 ) ) 
 REPRESENTATION_ITEM ( '' )  );
#7497 = CARTESIAN_POINT ( 'NONE',  ( 11.96234812970000050, -19.85397225670000410, -3.538930146379999808 ) ) ;
#7498 = EDGE_LOOP ( 'NONE', ( #7749, #6087, #3927, #4804, #7263 ) ) ;
#7499 = FACE_OUTER_BOUND ( 'NONE', #7176, .T. ) ;
#7500 = CARTESIAN_POINT ( 'NONE',  ( -19.38120808555801844, -2.892223088302561251, -0.1773500379286671869 ) ) ;
#7501 = DIRECTION ( 'NONE',  ( 0.4226182617406805120, -0.9063077870366588185, 0.000000000000000000 ) ) ;
#7502 = CARTESIAN_POINT ( 'NONE',  ( -11.87417969818000074, 21.57583363690999789, -2.023646084330000150 ) ) ;
#7503 = CARTESIAN_POINT ( 'NONE',  ( -10.01592089730661250, -20.06990594796000238, -2.068331160266999813 ) ) ;
#7504 = CARTESIAN_POINT ( 'NONE',  ( -20.75316622262645438, -0.3083340591464909242, -1.156306154183146306 ) ) ;
#7505 = CARTESIAN_POINT ( 'NONE',  ( -10.63957856000000035, -20.39017579830999694, -3.715154284386000150 ) ) ;
#7506 = EDGE_LOOP ( 'NONE', ( #6915, #6635, #7251, #8035, #6925 ) ) ;
#7507 = B_SPLINE_SURFACE_WITH_KNOTS ( 'NONE', 3, 3, ( 
 ( #5219, #1748, #2438, #7149 ),
 ( #1948, #3284, #2581, #7347 ),
 ( #3994, #5310, #5395, #1275 ),
 ( #5984, #3260, #6065, #8064 ),
 ( #4622, #4053, #8702, #3372 ),
 ( #8036, #4706, #5335, #570 ),
 ( #6675, #2009, #4654, #7379 ),
 ( #2609, #605, #2642, #3312 ),
 ( #7293, #2669, #6735, #1241 ),
 ( #546, #3934, #8092, #1920 ),
 ( #4683, #4, #7405, #6012 ),
 ( #6649, #3338, #633, #5276 ) ),
 .UNSPECIFIED., .F., .F., .F.,
 ( 4, 1, 1, 1, 1, 1, 1, 1, 1, 4 ),
 ( 4, 4 ),
 ( -0.01011832329655000008, 0.000000000000000000, 0.1666661688087999749, 0.3333323376173999986, 0.4999985064262000289, 0.6666646752349000282, 0.8333308440436000275, 0.9999970128523000268, 1.000000000000000000, 1.010149522190000093 ),
 ( 0.1679172753918999894, 0.8302881936673000007 ),
 .UNSPECIFIED. ) ;
#7508 = FACE_OUTER_BOUND ( 'NONE', #940, .T. ) ;
#7509 = CARTESIAN_POINT ( 'NONE',  ( -17.93005163174974825, -8.420827826920071146, 0.08369384575523940162 ) ) ;
#7510 = EDGE_CURVE ( 'NONE', #1861, #1532, #4220, .T. ) ;
#7511 = CARTESIAN_POINT ( 'NONE',  ( -20.53843354692959977, 2.954996665412354950, 1.633754201805885042 ) ) ;
#7512 = CARTESIAN_POINT ( 'NONE',  ( 19.37501434863382954, 7.431951518742771157, -1.654770572263598138 ) ) ;
#7513 = CARTESIAN_POINT ( 'NONE',  ( -12.83425601483286904, -15.57513666992365131, 0.6040222830389680997 ) ) ;
#7514 = CARTESIAN_POINT ( 'NONE',  ( 18.50887121541000013, 10.93481965173999981, -0.3542895788923000056 ) ) ;
#7515 = ORIENTED_EDGE ( 'NONE', *, *, #930, .T. ) ;
#7516 = ADVANCED_FACE ( 'NONE', ( #4802, #5023 ), #1967, .F. ) ;
#7517 = ADVANCED_FACE ( 'NONE', ( #2799 ), #906, .T. ) ;
#7518 = CARTESIAN_POINT ( 'NONE',  ( 21.47533993092928739, -2.122498018273291098, 0.1673929164925274382 ) ) ;
#7519 = CARTESIAN_POINT ( 'NONE',  ( 10.26481855207000038, 18.28477117971999633, -3.044147270493000157 ) ) ;
#7520 = CARTESIAN_POINT ( 'NONE',  ( 18.91047842611000362, -9.787321258591999751, -1.162710488299999900 ) ) ;
#7521 = CARTESIAN_POINT ( 'NONE',  ( 17.94554317974532864, -10.41761950943398318, 1.540903382002518418 ) ) ;
#7522 = CARTESIAN_POINT ( 'NONE',  ( -11.88062540388000166, -21.57397488151000076, -2.023678358226000285 ) ) ;
#7523 = ORIENTED_EDGE ( 'NONE', *, *, #1767, .T. ) ;
#7524 = EDGE_CURVE ( 'NONE', #508, #4915, #6288, .T. ) ;
#7525 = CARTESIAN_POINT ( 'NONE',  ( -9.946297194772510508, 16.08108920252698582, -2.311418621549823804 ) ) ;
#7526 = CARTESIAN_POINT ( 'NONE',  ( 11.94719287787000006, -21.56417269730999919, -1.223705578751999923 ) ) ;
#7527 = CARTESIAN_POINT ( 'NONE',  ( -12.06952111335000133, 17.30309860447999881, -2.714787010001000311 ) ) ;
#7528 = CARTESIAN_POINT ( 'NONE',  ( 11.97775663488999953, -18.02486757914000037, -3.004338546125000065 ) ) ;
#7529 = CARTESIAN_POINT ( 'NONE',  ( -11.99089483486469554, 19.43582130559900278, -3.521118987148200929 ) ) ;
#7530 = CARTESIAN_POINT ( 'NONE',  ( -10.26401567801999981, 21.58661542420999524, -3.076181021671999805 ) ) ;
#7531 = CIRCLE ( 'NONE', #7625, 0.4000000000000002998 ) ;
#7532 = CARTESIAN_POINT ( 'NONE',  ( -18.32222398472456959, 9.955897443893627852, 3.633693845755079366 ) ) ;
#7533 = ORIENTED_EDGE ( 'NONE', *, *, #55, .T. ) ;
#7534 = CARTESIAN_POINT ( 'NONE',  ( 20.22712038691999936, -6.778458486969999974, 0.3605533357969999964 ) ) ;
#7535 = AXIS2_PLACEMENT_3D ( 'NONE', #7685, #191, #2887 ) ;
#7536 = CARTESIAN_POINT ( 'NONE',  ( 20.16422385566338349, 5.005073960717487225, 1.633781651463755979 ) ) ;
#7537 = CARTESIAN_POINT ( 'NONE',  ( -12.12715260530545969, 18.37746048870040028, -3.168951149722860183 ) ) ;
#7538 = LINE ( 'NONE', #1400, #1214 ) ;
#7539 = VERTEX_POINT ( 'NONE', #6713 ) ;
#7540 = CARTESIAN_POINT ( 'NONE',  ( 17.23979118894445506, -5.901906356930942898, -1.441760285602422309 ) ) ;
#7541 = CARTESIAN_POINT ( 'NONE',  ( -20.60893906915519480, 2.416648768317195106, 0.7197844593180571238 ) ) ;
#7542 = CARTESIAN_POINT ( 'NONE',  ( 19.45042099642000721, -7.224423609743092278, 1.615971987802553134 ) ) ;
#7543 = CARTESIAN_POINT ( 'NONE',  ( 16.05373468590268971, 10.48570333494016360, -0.6347142889489694184 ) ) ;
#7544 = VECTOR ( 'NONE', #1837, 1000.000000000000000 ) ;
#7545 = DIRECTION ( 'NONE',  ( -8.125858258056479785E-14, -1.193155617880023981E-13, 1.000000000000000000 ) ) ;
#7546 = CARTESIAN_POINT ( 'NONE',  ( 11.21920637366793017, 20.90800504945477201, -0.01797201656816747178 ) ) ;
#7547 = VERTEX_POINT ( 'NONE', #1952 ) ;
#7548 = CARTESIAN_POINT ( 'NONE',  ( 18.91043907866999874, -9.787400752445998720, 1.809983704520999881 ) ) ;
#7549 = CARTESIAN_POINT ( 'NONE',  ( 10.01562752813763879, 20.05309883952615024, 0.7477983559297846083 ) ) ;
#7550 = CARTESIAN_POINT ( 'NONE',  ( -11.48908649864999987, -20.07410874453000105, -3.594041331426999886 ) ) ;
#7551 = CARTESIAN_POINT ( 'NONE',  ( 18.89517314971000062, 9.831578862571001665, -1.156306236724000236 ) ) ;
#7552 = CARTESIAN_POINT ( 'NONE',  ( -10.67613242738999979, 19.12934559845000138, -3.498968279821999872 ) ) ;
#7553 = CARTESIAN_POINT ( 'NONE',  ( 12.14573250929000103, -20.79170452734999941, -0.1272690251016999896 ) ) ;
#7554 = CARTESIAN_POINT ( 'NONE',  ( 20.22703465392999789, -6.778418509248000490, 0.2867841901162999640 ) ) ;
#7555 = ORIENTED_EDGE ( 'NONE', *, *, #4821, .F. ) ;
#7556 = CARTESIAN_POINT ( 'NONE',  ( -10.90642225179000135, 16.12506697009000334, -2.380205924149000118 ) ) ;
#7557 = CARTESIAN_POINT ( 'NONE',  ( 10.95338787600000074, -15.16557990779999976, -2.212830973227999820 ) ) ;
#7558 = ADVANCED_FACE ( 'NONE', ( #4913 ), #2587, .T. ) ;
#7559 = CARTESIAN_POINT ( 'NONE',  ( -12.06617705195401058, 18.82752787787924120, -3.356851506192090717 ) ) ;
#7560 = CYLINDRICAL_SURFACE ( 'NONE', #1601, 1.049999999999999822 ) ;
#7561 = CARTESIAN_POINT ( 'NONE',  ( -10.29190494982000104, 21.92773198403000379, -0.8995440983094999954 ) ) ;
#7562 = CARTESIAN_POINT ( 'NONE',  ( 19.59361097544591601, 6.815720167394935913, -0.6125769917455252678 ) ) ;
#7563 = CARTESIAN_POINT ( 'NONE',  ( -20.72783648077034613, 0.9249961968705143756, -1.156309865933985215 ) ) ;
#7564 = CARTESIAN_POINT ( 'NONE',  ( -9.987849285658001008, -19.65653528361000113, -3.741874718311999803 ) ) ;
#7565 = ADVANCED_FACE ( 'NONE', ( #3221 ), #7869, .F. ) ;
#7566 = ORIENTED_EDGE ( 'NONE', *, *, #7412, .F. ) ;
#7567 = CARTESIAN_POINT ( 'NONE',  ( 18.47603092619200993, -9.389235799574809249, -0.6126641013428590909 ) ) ;
#7568 = ORIENTED_EDGE ( 'NONE', *, *, #7754, .F. ) ;
#7569 = DIRECTION ( 'NONE',  ( 1.000000000000000000, 0.000000000000000000, 0.000000000000000000 ) ) ;
#7570 = CARTESIAN_POINT ( 'NONE',  ( -20.63863872986314618, 2.151715434010424310, 1.260323407995421752 ) ) ;
#7571 = CARTESIAN_POINT ( 'NONE',  ( 10.03749908113080025, -21.30606952527254805, -0.02725576966041375060 ) ) ;
#7572 = VERTEX_POINT ( 'NONE', #3091 ) ;
#7573 = CARTESIAN_POINT ( 'NONE',  ( 18.53456107960000310, 10.51273851712999985, 1.677613861230000003 ) ) ;
#7574 = ORIENTED_EDGE ( 'NONE', *, *, #3089, .F. ) ;
#7575 = EDGE_CURVE ( 'NONE', #4015, #8552, #6080, .T. ) ;
#7576 = EDGE_CURVE ( 'NONE', #3606, #8361, #4596, .T. ) ;
#7577 = ORIENTED_EDGE ( 'NONE', *, *, #2452, .F. ) ;
#7578 = CARTESIAN_POINT ( 'NONE',  ( -20.04358435391503335, 5.524112426875601223, 1.633803307206336486 ) ) ;
#7579 = CARTESIAN_POINT ( 'NONE',  ( -13.71215507515337961, -15.63277634416874662, 4.202389014246000087 ) ) ;
#7580 = CARTESIAN_POINT ( 'NONE',  ( 19.65293347521000200, 8.195121267626999995, -1.162662540450000170 ) ) ;
#7581 = CARTESIAN_POINT ( 'NONE',  ( 10.03749910602851969, 21.30607164644560214, -0.02725726600457449925 ) ) ;
#7582 = CARTESIAN_POINT ( 'NONE',  ( -12.13986503273000039, -20.79363326220999753, -0.1273009463449000234 ) ) ;
#7583 = B_SPLINE_SURFACE_WITH_KNOTS ( 'NONE', 3, 3, ( 
 ( #4401, #8442, #8411, #2316 ),
 ( #2369, #7112, #3731, #4375 ),
 ( #4347, #359, #3116, #8353 ),
 ( #5096, #6389, #7057, #1045 ),
 ( #5777, #3647, #330, #6447 ),
 ( #4319, #6363, #7713, #5037 ),
 ( #3087, #7798, #5125, #993 ),
 ( #5808, #1020, #4434, #1739 ),
 ( #5070, #6477, #3033, #5008 ),
 ( #5719, #1657, #5839, #2573 ),
 ( #5151, #8606, #8522, #1796 ),
 ( #1773, #5920, #3226, #7912 ),
 ( #449, #3899, #5244, #7943 ) ),
 .UNSPECIFIED., .F., .F., .F.,
 ( 4, 1, 1, 1, 1, 1, 1, 1, 1, 1, 4 ),
 ( 4, 4 ),
 ( -0.01011789485910000001, 0.000000000000000000, 2.758680581800999797E-06, 0.1666684677124999903, 0.3333341767441999615, 0.4999998857760999948, 0.6666655948080000282, 0.8333313038398000305, 0.9999970128716000328, 1.000000000000000000, 1.010149520794999978 ),
 ( 0.1679172791062000236, 0.8302881936247999972 ),
 .UNSPECIFIED. ) ;
#7584 = CARTESIAN_POINT ( 'NONE',  ( 18.55176306006000075, 10.48885235166000029, -0.9591499662668000470 ) ) ;
#7585 = CARTESIAN_POINT ( 'NONE',  ( -11.92258927131999968, 18.45791343764999937, -3.202782872206999976 ) ) ;
#7586 = CARTESIAN_POINT ( 'NONE',  ( -16.71788187486035682, -7.443280568286192889, 0.08369384575500000978 ) ) ;
#7587 = CARTESIAN_POINT ( 'NONE',  ( 11.44679355352000094, -21.58190766570000108, -2.404726694088000105 ) ) ;
#7588 = CARTESIAN_POINT ( 'NONE',  ( 19.80409521286999919, -7.850683062841999238, -1.120633818538000037 ) ) ;
#7589 = ORIENTED_EDGE ( 'NONE', *, *, #361, .F. ) ;
#7590 = EDGE_CURVE ( 'NONE', #1775, #7680, #1316, .T. ) ;
#7591 = CARTESIAN_POINT ( 'NONE',  ( 17.63630595882779062, 10.93266720099255629, 0.2213884728148626801 ) ) ;
#7592 = AXIS2_PLACEMENT_3D ( 'NONE', #2100, #4768, #4854 ) ;
#7593 = CARTESIAN_POINT ( 'NONE',  ( 11.51701951763999965, -18.25482398903000103, -3.095589800628999910 ) ) ;
#7594 = DIRECTION ( 'NONE',  ( 0.000000000000000000, 1.000000000000000000, 0.000000000000000000 ) ) ;
#7595 = CARTESIAN_POINT ( 'NONE',  ( -11.12988044111000008, 21.67918000905000042, -0.8708725353662000179 ) ) ;
#7596 = CARTESIAN_POINT ( 'NONE',  ( 19.44817799740719977, 7.190093419387292961, 1.260185423739565325 ) ) ;
#7597 = CARTESIAN_POINT ( 'NONE',  ( 18.53586277621518263, -9.323855826537689850, 1.803645897904867512 ) ) ;
#7598 = CARTESIAN_POINT ( 'NONE',  ( 19.92382312945999701, -7.559026615995000142, 1.657530270102000047 ) ) ;
#7599 = ORIENTED_EDGE ( 'NONE', *, *, #4196, .T. ) ;
#7600 = EDGE_CURVE ( 'NONE', #1423, #687, #210, .T. ) ;
#7601 = CARTESIAN_POINT ( 'NONE',  ( 17.84015617714637969, -10.64004710890548111, -1.236799746801839683 ) ) ;
#7602 = CARTESIAN_POINT ( 'NONE',  ( -9.910538454117620688, -14.05042365475923916, -2.065365822652360350 ) ) ;
#7603 = CIRCLE ( 'NONE', #6319, 21.58000000002999386 ) ;
#7604 = CARTESIAN_POINT ( 'NONE',  ( -21.49789215284215871, 1.883415965729103192, 1.044968695963639060 ) ) ;
#7605 = CARTESIAN_POINT ( 'NONE',  ( 21.54207577482999980, 1.229999999999999982, -1.156306154246000029 ) ) ;
#7606 = EDGE_LOOP ( 'NONE', ( #8574, #7878 ) ) ;
#7607 = CARTESIAN_POINT ( 'NONE',  ( 20.36027423168299677, 7.152234349964981419, 0.1673929164908907752 ) ) ;
#7608 = CARTESIAN_POINT ( 'NONE',  ( 19.06829250180000201, 9.906658781996000585, -0.9478588950922000045 ) ) ;
#7609 = FACE_OUTER_BOUND ( 'NONE', #700, .T. ) ;
#7610 = ADVANCED_FACE ( 'NONE', ( #686 ), #4917, .T. ) ;
#7611 = AXIS2_PLACEMENT_3D ( 'NONE', #2978, #1566, #2914 ) ;
#7612 = ADVANCED_FACE ( 'NONE', ( #5879 ), #5239, .F. ) ;
#7613 = CARTESIAN_POINT ( 'NONE',  ( -9.195387532593114699, -18.65078392875986779, 4.202389014246000087 ) ) ;
#7614 = CARTESIAN_POINT ( 'NONE',  ( 20.38140627066999855, 7.106417696384999871, 0.3306914345506999919 ) ) ;
#7615 = CARTESIAN_POINT ( 'NONE',  ( 10.02013111056412598, 20.31110890394394630, 0.6047665441921789009 ) ) ;
#7616 = CARTESIAN_POINT ( 'NONE',  ( -11.99183363411000158, -21.42466290556999908, -0.8473906710608000159 ) ) ;
#7617 = ORIENTED_EDGE ( 'NONE', *, *, #8530, .F. ) ;
#7618 = CIRCLE ( 'NONE', #3474, 1.436228704146481849 ) ;
#7619 = CARTESIAN_POINT ( 'NONE',  ( 20.01817569972000044, -8.077600315916999563, 1.487429239856000063 ) ) ;
#7620 = CARTESIAN_POINT ( 'NONE',  ( -9.983521567551999709, 19.42431840254999997, -3.627408909833999662 ) ) ;
#7621 = CARTESIAN_POINT ( 'NONE',  ( 0.000000000000000000, 0.000000000000000000, 5.752848945473099107 ) ) ;
#7622 = EDGE_CURVE ( 'NONE', #8120, #6858, #8406, .T. ) ;
#7623 = CARTESIAN_POINT ( 'NONE',  ( 12.13986552441000022, -20.79363086377000158, -0.1272990589314000054 ) ) ;
#7624 = CARTESIAN_POINT ( 'NONE',  ( -20.62500000000022027, 2.100466897674846718E-09, 3.508693845754996321 ) ) ;
#7625 = AXIS2_PLACEMENT_3D ( 'NONE', #1303, #7407, #6131 ) ;
#7626 = CARTESIAN_POINT ( 'NONE',  ( -10.28198143110999929, 16.52191258134000051, -2.433870487135000094 ) ) ;
#7627 = ORIENTED_EDGE ( 'NONE', *, *, #8472, .T. ) ;
#7628 = CARTESIAN_POINT ( 'NONE',  ( 10.26481878208000076, -18.28477107924000222, -3.044147238507999731 ) ) ;
#7629 = CARTESIAN_POINT ( 'NONE',  ( 19.93566505096999819, -8.262148351110999656, -0.8463541020206000187 ) ) ;
#7630 = CARTESIAN_POINT ( 'NONE',  ( -10.66925079775999841, 21.81562534561999911, -0.8855196150388999765 ) ) ;
#7631 = CARTESIAN_POINT ( 'NONE',  ( 19.09741678134234277, 8.131545803304639719, -1.236920202654944179 ) ) ;
#7632 = CARTESIAN_POINT ( 'NONE',  ( -10.02393170395549937, -20.52884475350603921, -3.839050089034031554 ) ) ;
#7633 = DIRECTION ( 'NONE',  ( 0.000000000000000000, 0.000000000000000000, -1.000000000000000000 ) ) ;
#7634 = CARTESIAN_POINT ( 'NONE',  ( 18.72087986190713593, -8.840160262038937233, 0.6358339705648530238 ) ) ;
#7635 = DIRECTION ( 'NONE',  ( -1.000000000000000000, 0.000000000000000000, 0.000000000000000000 ) ) ;
#7636 = EDGE_CURVE ( 'NONE', #7446, #3355, #895, .T. ) ;
#7637 = CARTESIAN_POINT ( 'NONE',  ( 1.299999999999981837, 14.14999999999999858, -1.816306154244996973 ) ) ;
#7638 = CARTESIAN_POINT ( 'NONE',  ( 12.10246674788999854, 18.72627160859000028, -3.322634614402999897 ) ) ;
#7639 = CARTESIAN_POINT ( 'NONE',  ( -12.88648402575664065, -11.37701993475126017, -2.066373589886615125 ) ) ;
#7640 = CARTESIAN_POINT ( 'NONE',  ( 18.86120933056000126, 10.50167845653999876, -0.7348144922914999766 ) ) ;
#7641 = CIRCLE ( 'NONE', #3066, 7.746253394607001574 ) ;
#7642 = VERTEX_POINT ( 'NONE', #8147 ) ;
#7643 = CARTESIAN_POINT ( 'NONE',  ( 12.02142336286999935, 12.60695028932999939, -2.069945642207999814 ) ) ;
#7644 = CARTESIAN_POINT ( 'NONE',  ( 20.27386651098999693, 7.149871801464999344, 1.001676712046999818 ) ) ;
#7645 = CARTESIAN_POINT ( 'NONE',  ( -10.25702194814000023, 19.08945210583000218, -3.457705674660999762 ) ) ;
#7646 = CARTESIAN_POINT ( 'NONE',  ( -11.90168504357999879, -20.54128744582000010, -3.396957198161000058 ) ) ;
#7647 = EDGE_CURVE ( 'NONE', #6228, #1698, #7674, .T. ) ;
#7648 = B_SPLINE_SURFACE_WITH_KNOTS ( 'NONE', 3, 3, ( 
 ( #7520, #5472, #4190, #2728 ),
 ( #31, #1360, #782, #8175 ),
 ( #5421, #94, #4733, #4818 ),
 ( #2846, #6814, #4788, #2818 ),
 ( #690, #3521, #1414, #1475 ),
 ( #2038, #3486, #1444, #7435 ),
 ( #6762, #5532, #4760, #3396 ),
 ( #121, #6178, #8203, #6129 ),
 ( #1389, #4158, #2065, #4847 ),
 ( #6152, #6208, #2152, #6783 ),
 ( #8125, #2786, #721, #6870 ),
 ( #7548, #5445, #2759, #7462 ) ),
 .UNSPECIFIED., .F., .F., .F.,
 ( 4, 1, 1, 1, 1, 1, 1, 1, 1, 4 ),
 ( 4, 4 ),
 ( -0.01011832329655000008, 0.000000000000000000, 0.1666661688087999749, 0.3333323376173999986, 0.4999985064262000289, 0.6666646752349000282, 0.8333308440436000275, 0.9999970128523000268, 1.000000000000000000, 1.010149522190000093 ),
 ( 0.1679172753918999894, 0.8302881936673000007 ),
 .UNSPECIFIED. ) ;
#7649 = CARTESIAN_POINT ( 'NONE',  ( 19.74979641244999939, -8.216277293451000219, 1.702745783496000032 ) ) ;
#7650 = EDGE_CURVE ( 'NONE', #629, #5944, #960, .T. ) ;
#7651 = CARTESIAN_POINT ( 'NONE',  ( -10.64610874826999876, 20.13145834782000065, -3.752638955059000025 ) ) ;
#7652 = CIRCLE ( 'NONE', #7800, 1.434703676277050644 ) ;
#7653 = CARTESIAN_POINT ( 'NONE',  ( 10.03253261438000088, -22.10179558947999823, -1.277859140726000042 ) ) ;
#7654 = ORIENTED_EDGE ( 'NONE', *, *, #2794, .T. ) ;
#7655 = CARTESIAN_POINT ( 'NONE',  ( -10.26481777725000022, 18.28477138410999814, -3.044147324477000094 ) ) ;
#7656 = CARTESIAN_POINT ( 'NONE',  ( 11.02266423536000062, -13.49825555862999948, -2.069000713929999957 ) ) ;
#7657 = ADVANCED_FACE ( 'NONE', ( #6599 ), #6269, .T. ) ;
#7658 = CARTESIAN_POINT ( 'NONE',  ( 20.72952532936656667, 0.9252514524115981187, -1.206352983185925432 ) ) ;
#7659 = CARTESIAN_POINT ( 'NONE',  ( 10.01592089730214141, -20.06990594796000238, -2.068331160266999813 ) ) ;
#7660 = CARTESIAN_POINT ( 'NONE',  ( 19.06873009496534976, 8.118208933311624520, -0.6126583187485290516 ) ) ;
#7661 = DIRECTION ( 'NONE',  ( 0.9999999999737194667, 7.249391623348135832E-06, 8.498778507967154252E-08 ) ) ;
#7662 = DIRECTION ( 'NONE',  ( -1.000000000000000000, 0.000000000000000000, 0.000000000000000000 ) ) ;
#7663 = ADVANCED_FACE ( 'NONE', ( #2486 ), #1630, .T. ) ;
#7664 = CYLINDRICAL_SURFACE ( 'NONE', #1022, 0.2000000000000005107 ) ;
#7665 = ORIENTED_EDGE ( 'NONE', *, *, #2392, .T. ) ;
#7666 = AXIS2_PLACEMENT_3D ( 'NONE', #6078, #4063, #4008 ) ;
#7667 = CARTESIAN_POINT ( 'NONE',  ( 18.50467794307802905, -9.402664972246160602, -1.236944061976896769 ) ) ;
#7668 = CARTESIAN_POINT ( 'NONE',  ( 10.25543000679000016, 19.54374782140000022, -3.690822377507999796 ) ) ;
#7669 = FACE_OUTER_BOUND ( 'NONE', #8752, .T. ) ;
#7670 = VERTEX_POINT ( 'NONE', #1563 ) ;
#7671 = CARTESIAN_POINT ( 'NONE',  ( 12.19950089822999928, -19.59684296252000024, -0.8623711809715000065 ) ) ;
#7672 = CARTESIAN_POINT ( 'NONE',  ( 18.98239033771000095, 9.860760248240001857, -1.055629211801999867 ) ) ;
#7673 = CARTESIAN_POINT ( 'NONE',  ( 19.67703014207999956, 8.154925269996999404, -1.156306155109999789 ) ) ;
#7674 = B_SPLINE_CURVE_WITH_KNOTS ( 'NONE', 3,
 ( #2183, #3483, #2280, #4221, #244, #1472, #7002, #5619, #2911, #6206, #3611, #4156 ),
 .UNSPECIFIED., .F., .F.,
 ( 4, 1, 1, 1, 1, 2, 2, 4 ),
 ( 0.000000000000000000, 0.2499999999999938938, 0.3749999999999921729, 0.4374999999999912847, 0.4687499999999920619, 0.4843749999999924505, 0.4999999999999928946, 1.000000000000000000 ),
 .UNSPECIFIED. ) ;
#7675 = PLANE ( 'NONE',  #7682 ) ;
#7676 = CARTESIAN_POINT ( 'NONE',  ( -21.27986591843999875, -0.9250002213522000583, -1.156306218934999963 ) ) ;
#7677 = CARTESIAN_POINT ( 'NONE',  ( 20.22701709713999918, 7.018978001078999718, -0.3963264466263999863 ) ) ;
#7678 = DIRECTION ( 'NONE',  ( 0.4226182617406808451, 0.9063077870366587074, 0.000000000000000000 ) ) ;
#7679 = CARTESIAN_POINT ( 'NONE',  ( -10.00092592095148092, 19.20260949850900190, -3.504221548800115382 ) ) ;
#7680 = VERTEX_POINT ( 'NONE', #867 ) ;
#7681 = CARTESIAN_POINT ( 'NONE',  ( 19.85325989500999810, -7.971220883434999571, 1.702970053116000138 ) ) ;
#7682 = AXIS2_PLACEMENT_3D ( 'NONE', #5805, #1735, #385 ) ;
#7683 = DIRECTION ( 'NONE',  ( -1.000000000000000000, -0.000000000000000000, -0.000000000000000000 ) ) ;
#7684 = ORIENTED_EDGE ( 'NONE', *, *, #3916, .T. ) ;
#7685 = CARTESIAN_POINT ( 'NONE',  ( 4.495734977061997206, 12.34999999999999964, -1.566306154244998750 ) ) ;
#7686 = EDGE_LOOP ( 'NONE', ( #5175, #4571, #6952, #7432, #3485, #3261 ) ) ;
#7687 = CARTESIAN_POINT ( 'NONE',  ( -21.27454086394000043, 0.8938102117189999918, 1.810557318671000004 ) ) ;
#7688 = ORIENTED_EDGE ( 'NONE', *, *, #4436, .T. ) ;
#7689 = CARTESIAN_POINT ( 'NONE',  ( 9.875735186960998391, -14.01595138420000097, -2.066711491991999772 ) ) ;
#7690 = CARTESIAN_POINT ( 'NONE',  ( -9.429341910393999984E-07, -5.953309974659998968E-06, 4.850961730363999358 ) ) ;
#7691 = CARTESIAN_POINT ( 'NONE',  ( -11.21098416669999942, 21.10020012125999855, -0.1338869699630999832 ) ) ;
#7692 = CARTESIAN_POINT ( 'NONE',  ( 20.66729649740169350, -1.832512736289926281, -0.8617495982842163782 ) ) ;
#7693 = DIRECTION ( 'NONE',  ( 1.000000000000000000, 0.000000000000000000, 0.000000000000000000 ) ) ;
#7694 = DIRECTION ( 'NONE',  ( -1.000000000000000000, -0.000000000000000000, -0.000000000000000000 ) ) ;
#7695 = EDGE_LOOP ( 'NONE', ( #4242, #3633, #7117, #6426, #285 ) ) ;
#7696 = ORIENTED_EDGE ( 'NONE', *, *, #4151, .F. ) ;
#7697 = B_SPLINE_SURFACE_WITH_KNOTS ( 'NONE', 3, 3, ( 
 ( #7580, #4908, #3553, #8261 ),
 ( #6362, #900, #2250, #2945 ),
 ( #2913, #8324, #6974, #4283 ),
 ( #215, #2977, #1565, #8379 ),
 ( #1596, #7677, #840, #3646 ),
 ( #869, #5592, #6938, #7614 ),
 ( #6241, #7712, #7644, #3613 ),
 ( #3673, #3582, #4978, #4318 ),
 ( #151, #4880, #4255, #4943 ),
 ( #5069, #7086, #1019, #3057 ),
 ( #6388, #4463, #5776, #7766 ),
 ( #1738, #8493, #2342, #5748 ) ),
 .UNSPECIFIED., .F., .F., .F.,
 ( 4, 1, 1, 1, 1, 1, 1, 1, 1, 4 ),
 ( 4, 4 ),
 ( -0.01011832329655000008, 0.000000000000000000, 0.1666661688087999749, 0.3333323376173999986, 0.4999985064262000289, 0.6666646752349000282, 0.8333308440436000275, 0.9999970128523000268, 1.000000000000000000, 1.010149522190000093 ),
 ( 0.1679172753918999894, 0.8302881936673000007 ),
 .UNSPECIFIED. ) ;
#7698 = CARTESIAN_POINT ( 'NONE',  ( 18.47612197989415250, -9.389065591782117082, 1.260175780565468306 ) ) ;
#7699 = ORIENTED_EDGE ( 'NONE', *, *, #2345, .T. ) ;
#7700 = ORIENTED_EDGE ( 'NONE', *, *, #7194, .F. ) ;
#7701 = CARTESIAN_POINT ( 'NONE',  ( 1.300000006778736950, 13.78572036152323754, -1.490495771394383384 ) ) ;
#7702 = CARTESIAN_POINT ( 'NONE',  ( 10.25628488169999919, 20.30410278433999949, -3.813837610139000134 ) ) ;
#7703 = CARTESIAN_POINT ( 'NONE',  ( 20.15694444924442053, 7.708024088853928646, 1.346938376915442381 ) ) ;
#7704 = CARTESIAN_POINT ( 'NONE',  ( -19.40339750498721472, 2.898923186317601708, -0.1501550189123690981 ) ) ;
#7705 = CARTESIAN_POINT ( 'NONE',  ( 19.76292593823000132, 7.950795635560000463, -1.141069448686999888 ) ) ;
#7706 = ORIENTED_EDGE ( 'NONE', *, *, #4020, .F. ) ;
#7707 = EDGE_CURVE ( 'NONE', #8479, #5208, #2247, .T. ) ;
#7708 = EDGE_CURVE ( 'NONE', #7467, #4720, #8171, .T. ) ;
#7709 = ADVANCED_FACE ( 'NONE', ( #2272 ), #5661, .T. ) ;
#7710 = CARTESIAN_POINT ( 'NONE',  ( -12.49898227471104484, 15.44889040288819260, -2.274298380234346606 ) ) ;
#7711 = CARTESIAN_POINT ( 'NONE',  ( 9.929824607457998553, 16.73088301937999844, -2.461109430576999824 ) ) ;
#7712 = CARTESIAN_POINT ( 'NONE',  ( 20.22324006388000228, 7.029099928114000306, 1.059139078168000125 ) ) ;
#7713 = CARTESIAN_POINT ( 'NONE',  ( 21.39512987410000378, 2.098098976929000159, 0.9874560111134998985 ) ) ;
#7714 = CARTESIAN_POINT ( 'NONE',  ( -1.358084324208112204, -20.75000000000089884, 4.523749079003891893 ) ) ;
#7715 = CARTESIAN_POINT ( 'NONE',  ( -10.60789665169000173, 20.06990594796000238, -2.068331160266999813 ) ) ;
#7716 = CARTESIAN_POINT ( 'NONE',  ( 17.63647393645868888, 10.93278091156546417, 0.3235980829866247355 ) ) ;
#7717 = ORIENTED_EDGE ( 'NONE', *, *, #7070, .T. ) ;
#7718 = CARTESIAN_POINT ( 'NONE',  ( -11.31483181761661072, -20.87609976888725427, -0.01756493039499668757 ) ) ;
#7719 = CYLINDRICAL_SURFACE ( 'NONE', #4279, 1.480000000000001092 ) ;
#7720 = CARTESIAN_POINT ( 'NONE',  ( -17.80316888878964932, -0.9249822048187840151, -1.706323152218325090 ) ) ;
#7721 = CARTESIAN_POINT ( 'NONE',  ( 17.36524395393250231, -11.35797072955442033, 1.633951922507050014 ) ) ;
#7722 = CARTESIAN_POINT ( 'NONE',  ( 17.64320714535135437, 10.99019575580650887, 1.884203326527769562 ) ) ;
#7723 = DIRECTION ( 'NONE',  ( -0.000000000000000000, -0.000000000000000000, -1.000000000000000000 ) ) ;
#7724 = ORIENTED_EDGE ( 'NONE', *, *, #685, .F. ) ;
#7725 = B_SPLINE_SURFACE_WITH_KNOTS ( 'NONE', 3, 3, ( 
 ( #2302, #2242, #6962, #2932 ),
 ( #8309, #237, #920, #5644 ),
 ( #1584, #3722, #8456, #1757 ),
 ( #2418, #4454, #5139, #1700 ),
 ( #7815, #1786, #8480, #7216 ) ),
 .UNSPECIFIED., .F., .F., .F.,
 ( 4, 1, 4 ),
 ( 4, 4 ),
 ( -0.04658185335044000286, 1.000000000000000000, 2.270635611024999889 ),
 ( -0.04095998036460999497, 3.784481323932999963 ),
 .UNSPECIFIED. ) ;
#7726 = CIRCLE ( 'NONE', #3653, 0.5000000000000000000 ) ;
#7727 = CARTESIAN_POINT ( 'NONE',  ( 19.45835021136040410, -7.207078190766480930, 1.651626876982210668 ) ) ;
#7728 = CARTESIAN_POINT ( 'NONE',  ( 20.72937396330389603, -0.9249632443814409521, -1.706306396414690063 ) ) ;
#7729 = CARTESIAN_POINT ( 'NONE',  ( -21.52571860124592718, 1.535739320817821385, -0.6981129945974344775 ) ) ;
#7730 = DIRECTION ( 'NONE',  ( 0.000000000000000000, -1.000000000000000000, 0.000000000000000000 ) ) ;
#7731 = CARTESIAN_POINT ( 'NONE',  ( 12.93543161749999904, -10.86988543462000045, -2.009874645576999797 ) ) ;
#7732 = CARTESIAN_POINT ( 'NONE',  ( -18.60712852184016342, 2.455622509639027395, -1.009760218300767454 ) ) ;
#7733 = ORIENTED_EDGE ( 'NONE', *, *, #6573, .F. ) ;
#7734 = FACE_OUTER_BOUND ( 'NONE', #2952, .T. ) ;
#7735 = CARTESIAN_POINT ( 'NONE',  ( -20.75000000000025224, 3.530143683562605094E-09, 3.383693845754244922 ) ) ;
#7736 = CARTESIAN_POINT ( 'NONE',  ( -21.22434346910999992, -2.012069799749999888, -0.6826858810545000100 ) ) ;
#7737 = CARTESIAN_POINT ( 'NONE',  ( 17.36537623189934720, 11.35808994070831979, 1.633686606719460199 ) ) ;
#7738 = CARTESIAN_POINT ( 'NONE',  ( 19.92677997661999711, -8.298184734199999468, -0.8395417089086999463 ) ) ;
#7739 = ORIENTED_EDGE ( 'NONE', *, *, #4598, .F. ) ;
#7740 = CARTESIAN_POINT ( 'NONE',  ( 17.99991456012002189, 0.000000000000000000, 5.346123950409299219 ) ) ;
#7741 = CARTESIAN_POINT ( 'NONE',  ( -12.93540905052000234, 14.45687387992999895, 0.4815257405540999680 ) ) ;
#7742 = CARTESIAN_POINT ( 'NONE',  ( 14.20636953985012596, 14.22068579424078649, 0.4831967932295254120 ) ) ;
#7743 = CARTESIAN_POINT ( 'NONE',  ( -12.19949362335000131, 19.59685646388999913, -0.8624288966613999907 ) ) ;
#7744 = B_SPLINE_CURVE_WITH_KNOTS ( 'NONE', 3,
 ( #4179, #6928, #858, #4866 ),
 .UNSPECIFIED., .F., .F.,
 ( 4, 4 ),
 ( 0.000000000000000000, 1.000000000000000000 ),
 .UNSPECIFIED. ) ;
#7745 = B_SPLINE_CURVE_WITH_KNOTS ( 'NONE', 3,
 ( #281, #2190, #4885, #5597 ),
 .UNSPECIFIED., .F., .F.,
 ( 4, 4 ),
 ( 0.000000000000000000, 1.000000000000000000 ),
 .UNSPECIFIED. ) ;
#7746 = CARTESIAN_POINT ( 'NONE',  ( -11.90301663015966049, -20.30521807064004136, -3.469882470075448921 ) ) ;
#7747 = CARTESIAN_POINT ( 'NONE',  ( -10.03337596223482642, -21.06990594796000238, -1.068331160267000257 ) ) ;
#7748 = DIRECTION ( 'NONE',  ( 0.9063047232875265369, 0.4226248319097123951, 8.498778507967246897E-08 ) ) ;
#7749 = ORIENTED_EDGE ( 'NONE', *, *, #5512, .T. ) ;
#7750 = DIRECTION ( 'NONE',  ( 0.9999999999737189116, -7.249480231749139417E-06, -8.417231875338159288E-08 ) ) ;
#7751 = ADVANCED_FACE ( 'NONE', ( #1409 ), #7675, .T. ) ;
#7752 = CARTESIAN_POINT ( 'NONE',  ( -4.495734977061997206, 12.35000000000000142, -2.066306154244998528 ) ) ;
#7753 = CARTESIAN_POINT ( 'NONE',  ( -10.01468015904268505, 19.99882410069395533, -3.822939442564281975 ) ) ;
#7754 = EDGE_CURVE ( 'NONE', #3327, #2126, #326, .T. ) ;
#7755 = B_SPLINE_CURVE_WITH_KNOTS ( 'NONE', 3,
 ( #7425, #3416, #2660, #652 ),
 .UNSPECIFIED., .F., .F.,
 ( 4, 4 ),
 ( 0.1351250494660888868, 1.337812623667270495 ),
 .UNSPECIFIED. ) ;
#7756 = CYLINDRICAL_SURFACE ( 'NONE', #2775, 2.030000390837000346 ) ;
#7757 = ORIENTED_EDGE ( 'NONE', *, *, #6733, .F. ) ;
#7758 = EDGE_CURVE ( 'NONE', #980, #4720, #4103, .T. ) ;
#7759 = CARTESIAN_POINT ( 'NONE',  ( 10.68032521267999968, -19.01178849757999956, -3.436853075845999861 ) ) ;
#7760 = CARTESIAN_POINT ( 'NONE',  ( 11.12358995834999931, 19.53307196549999958, -3.634249200824000159 ) ) ;
#7761 = CARTESIAN_POINT ( 'NONE',  ( 21.55277301325300954, 1.093788562307028700, 1.493694979442953485 ) ) ;
#7762 = TOROIDAL_SURFACE ( 'NONE', #4641, 13.70343595421000060, 7.746253394606999798 ) ;
#7763 = CARTESIAN_POINT ( 'NONE',  ( -20.61624367595140939, 2.716135071237719245, 3.383693845753999785 ) ) ;
#7764 = CARTESIAN_POINT ( 'NONE',  ( 18.31905950040999542, -10.91455156564000006, -0.5093937576314999660 ) ) ;
#7765 = VERTEX_POINT ( 'NONE', #7795 ) ;
#7766 = CARTESIAN_POINT ( 'NONE',  ( 19.93150477342999949, 8.286891712765999785, 1.487287280074999885 ) ) ;
#7767 = CARTESIAN_POINT ( 'NONE',  ( -20.61624367691511139, -2.716135064002166200, 3.383693845754000229 ) ) ;
#7768 = EDGE_CURVE ( 'NONE', #4002, #7670, #4785, .T. ) ;
#7769 = B_SPLINE_SURFACE_WITH_KNOTS ( 'NONE', 3, 3, ( 
 ( #7244, #8570, #7307, #4540 ),
 ( #8627, #616, #7932, #5910 ),
 ( #5995, #1198, #4633, #1843 ),
 ( #5347, #6659, #555, #1286 ),
 ( #1227, #6577, #6023, #2537 ) ),
 .UNSPECIFIED., .F., .F., .F.,
 ( 4, 1, 4 ),
 ( 4, 4 ),
 ( -0.04656097635919000111, 1.000000000000000000, 2.270635318534000024 ),
 ( -0.04103359284820999597, 3.784479774148000075 ),
 .UNSPECIFIED. ) ;
#7770 = CARTESIAN_POINT ( 'NONE',  ( 11.96644223436185683, 19.64516317916742949, -3.558923506766425771 ) ) ;
#7771 = EDGE_CURVE ( 'NONE', #887, #6020, #6809, .T. ) ;
#7772 = CARTESIAN_POINT ( 'NONE',  ( 20.53850328092804745, 2.955000846827434913, 1.633799503896349981 ) ) ;
#7773 = CARTESIAN_POINT ( 'NONE',  ( 12.85569842081807934, 12.88493140679206839, 0.08369384575500000978 ) ) ;
#7774 = SURFACE_STYLE_FILL_AREA ( #1730 ) ;
#7775 = ORIENTED_EDGE ( 'NONE', *, *, #930, .F. ) ;
#7776 = CARTESIAN_POINT ( 'NONE',  ( 13.80420383045601618, 14.30881249116512066, 0.1773359108806195905 ) ) ;
#7777 = CARTESIAN_POINT ( 'NONE',  ( -12.57102374191999949, 13.90141139436999929, -2.977556771574000116 ) ) ;
#7778 = CARTESIAN_POINT ( 'NONE',  ( 10.01592089730661250, 20.06990594796000238, -1.068331160267000257 ) ) ;
#7779 = CARTESIAN_POINT ( 'NONE',  ( -7.638584468207382905, 19.29286208218094600, 3.633693845755003871 ) ) ;
#7780 = CARTESIAN_POINT ( 'NONE',  ( -20.72937267399354866, 0.9249913590158880261, -1.706306393748539874 ) ) ;
#7781 = CARTESIAN_POINT ( 'NONE',  ( 20.61337553493233443, -2.367628549604069210, 0.7082812704451054708 ) ) ;
#7782 = CARTESIAN_POINT ( 'NONE',  ( 20.75316715684817837, 0.3083329047615672169, 1.803693845957764941 ) ) ;
#7783 = FACE_OUTER_BOUND ( 'NONE', #3888, .T. ) ;
#7784 = ORIENTED_EDGE ( 'NONE', *, *, #4486, .F. ) ;
#7785 = DIRECTION ( 'NONE',  ( 0.9998476951563913806, 0.01745240643727985833, 0.000000000000000000 ) ) ;
#7786 = CARTESIAN_POINT ( 'NONE',  ( -10.01365980366236741, 19.94036798010579403, -3.812055573219098825 ) ) ;
#7787 = ORIENTED_EDGE ( 'NONE', *, *, #4372, .F. ) ;
#7788 = CARTESIAN_POINT ( 'NONE',  ( -11.05365188877000016, -20.90249180038000176, -3.428224734870999768 ) ) ;
#7789 = CARTESIAN_POINT ( 'NONE',  ( 12.00009369391000114, -19.50665050347999951, -3.539705549470000268 ) ) ;
#7790 = DIRECTION ( 'NONE',  ( 0.000000000000000000, 1.000000000000000000, -4.095881171866926968E-14 ) ) ;
#7791 = CARTESIAN_POINT ( 'NONE',  ( -5.799854320452126011, -17.08058880648394506, 5.710772084629348377 ) ) ;
#7792 = ORIENTED_EDGE ( 'NONE', *, *, #6266, .T. ) ;
#7793 = ADVANCED_FACE ( 'NONE', ( #1839 ), #3853, .T. ) ;
#7794 = ORIENTED_EDGE ( 'NONE', *, *, #8484, .T. ) ;
#7795 = CARTESIAN_POINT ( 'NONE',  ( 19.93569470244999664, 8.262129027628001054, -0.8463061542402999793 ) ) ;
#7796 = CARTESIAN_POINT ( 'NONE',  ( -21.20459195461999968, -2.303896507254999726, -0.2177076435190999915 ) ) ;
#7797 = DIRECTION ( 'NONE',  ( -1.000000000000000000, -0.000000000000000000, -0.000000000000000000 ) ) ;
#7798 = CARTESIAN_POINT ( 'NONE',  ( 21.28139921966999992, 2.379081523059999981, 0.3153993784083999885 ) ) ;
#7799 = EDGE_LOOP ( 'NONE', ( #7007, #6722, #4219, #7654 ) ) ;
#7800 = AXIS2_PLACEMENT_3D ( 'NONE', #8610, #1827, #452 ) ;
#7801 = ORIENTED_EDGE ( 'NONE', *, *, #4479, .F. ) ;
#7802 = CARTESIAN_POINT ( 'NONE',  ( -1.300000002708079583, 13.78521201889291525, -1.484685388542078321 ) ) ;
#7803 = ORIENTED_EDGE ( 'NONE', *, *, #176, .T. ) ;
#7804 = CARTESIAN_POINT ( 'NONE',  ( -11.83510831475000025, 22.14189638410000427, -1.527882163632000134 ) ) ;
#7805 = CARTESIAN_POINT ( 'NONE',  ( 19.05931281158431290, 8.207069803570599120, 1.853693845755442826 ) ) ;
#7806 = ORIENTED_EDGE ( 'NONE', *, *, #5796, .F. ) ;
#7807 = B_SPLINE_CURVE_WITH_KNOTS ( 'NONE', 3,
 ( #6877, #1449, #2791, #6767, #4162, #4059, #129, #3402, #2739, #2130, #7525, #3461, #6847, #729, #5536, #787, #6215, #7443, #5451, #4137, #2155, #6789, #3431 ),
 .UNSPECIFIED., .F., .F.,
 ( 4, 2, 2, 2, 2, 2, 2, 1, 2, 2, 2, 4 ),
 ( 0.000000000000000000, 0.1250000000000121292, 0.2500000000000242584, 0.5000000000000484057, 0.5625000000000545120, 0.5703125000000558442, 0.5742187500000566214, 0.5781250000000572875, 0.5937500000000559552, 0.6250000000000517364, 0.7500000000000340838, 1.000000000000000000 ),
 .UNSPECIFIED. ) ;
#7808 = CARTESIAN_POINT ( 'NONE',  ( 10.00286817499362080, -19.31473330077410111, -3.565986074861074773 ) ) ;
#7809 = CARTESIAN_POINT ( 'NONE',  ( -18.25543629127909639, -7.689989388296999628, 0.08369384575629071343 ) ) ;
#7810 = CARTESIAN_POINT ( 'NONE',  ( 9.979300929518318597, 17.97194939844856165, 1.209792225719256153 ) ) ;
#7811 = CARTESIAN_POINT ( 'NONE',  ( 20.05760411868000048, 7.219554564679000030, -0.7613411520543998945 ) ) ;
#7812 = EDGE_CURVE ( 'NONE', #7370, #769, #1010, .T. ) ;
#7813 = EDGE_LOOP ( 'NONE', ( #7555, #2390, #2375, #2464 ) ) ;
#7814 = CARTESIAN_POINT ( 'NONE',  ( 10.03129167064608041, 20.95049696281335017, -3.691713770640561165 ) ) ;
#7815 = CARTESIAN_POINT ( 'NONE',  ( -9.780594556589999655, 18.26895395829000179, 1.646703060094999893 ) ) ;
#7816 = EDGE_LOOP ( 'NONE', ( #8613, #4890, #5793, #3390 ) ) ;
#7817 = CARTESIAN_POINT ( 'NONE',  ( -10.01373161931999967, -20.99158109909999936, -3.689144151828999796 ) ) ;
#7818 = CARTESIAN_POINT ( 'NONE',  ( 11.77344179852999950, -19.87161814863999609, -3.570924093328000204 ) ) ;
#7819 = EDGE_LOOP ( 'NONE', ( #234, #502, #3067, #5811, #713 ) ) ;
#7820 = DIRECTION ( 'NONE',  ( 0.000000000000000000, 0.000000000000000000, 1.000000000000000000 ) ) ;
#7821 = EDGE_CURVE ( 'NONE', #7200, #2546, #779, .T. ) ;
#7822 = EDGE_CURVE ( 'NONE', #1357, #5481, #2940, .T. ) ;
#7823 = EDGE_CURVE ( 'NONE', #5477, #2054, #3610, .T. ) ;
#7824 = FACE_OUTER_BOUND ( 'NONE', #8643, .T. ) ;
#7825 = CARTESIAN_POINT ( 'NONE',  ( -21.33543981960000124, -2.955000000000000071, 1.884738970434999938 ) ) ;
#7826 = CARTESIAN_POINT ( 'NONE',  ( -21.24064916302000228, -1.760616447589999911, -0.8995011561537999967 ) ) ;
#7827 = CARTESIAN_POINT ( 'NONE',  ( -21.23493780732999880, 1.849445107483999928, 1.481225548911000001 ) ) ;
#7828 = CARTESIAN_POINT ( 'NONE',  ( 18.99992107218740145, -10.23323363300196398, -0.8167810568162834350 ) ) ;
#7829 = ORIENTED_EDGE ( 'NONE', *, *, #2209, .T. ) ;
#7830 = TOROIDAL_SURFACE ( 'NONE', #6083, 1.235464736641000094, 0.2000000000000000111 ) ;
#7831 = CARTESIAN_POINT ( 'NONE',  ( 18.00707106168999871, -9.417487944093998919, -1.156354102096000203 ) ) ;
#7832 = CARTESIAN_POINT ( 'NONE',  ( -4.495734977061997206, 12.35000000000000142, -1.566306154244998750 ) ) ;
#7833 = CARTESIAN_POINT ( 'NONE',  ( -20.68333333333353607, 2.015635426068939108E-09, 3.567027179088134048 ) ) ;
#7834 = CARTESIAN_POINT ( 'NONE',  ( -15.68995753368455226, 7.041792098885003348, -2.066306154244998083 ) ) ;
#7835 = ORIENTED_EDGE ( 'NONE', *, *, #3299, .F. ) ;
#7836 = AXIS2_PLACEMENT_3D ( 'NONE', #6669, #3952, #5976 ) ;
#7837 = DIRECTION ( 'NONE',  ( -1.000000000000000000, 0.000000000000000000, 0.000000000000000000 ) ) ;
#7838 = DIRECTION ( 'NONE',  ( -0.6795693792730439498, 0.7336112449754637055, 0.000000000000000000 ) ) ;
#7839 = CARTESIAN_POINT ( 'NONE',  ( 18.03670779325976525, 10.25614060144885542, 1.616019532563020444 ) ) ;
#7840 = TOROIDAL_SURFACE ( 'NONE', #2575, 13.70343595421000060, 7.746253394606999798 ) ;
#7841 = DIRECTION ( 'NONE',  ( 0.000000000000000000, 0.000000000000000000, 1.000000000000000000 ) ) ;
#7842 = CARTESIAN_POINT ( 'NONE',  ( -11.93853199940899934, -19.91177410060315012, -3.538182448970389693 ) ) ;
#7843 = ADVANCED_FACE ( 'NONE', ( #2053 ), #2571, .T. ) ;
#7844 = CARTESIAN_POINT ( 'NONE',  ( 19.17806198873979895, -7.922399455555648728, 1.853682258614105294 ) ) ;
#7845 = ORIENTED_EDGE ( 'NONE', *, *, #6074, .T. ) ;
#7846 = CARTESIAN_POINT ( 'NONE',  ( -14.88895754590780918, -14.51168538835192834, 1.633726747747537011 ) ) ;
#7847 = CARTESIAN_POINT ( 'NONE',  ( -10.01538158516999921, -21.27580952207000209, -0.002007857823713999831 ) ) ;
#7848 = CARTESIAN_POINT ( 'NONE',  ( 10.25620428258999972, -19.19431774559999937, -3.513562921961999930 ) ) ;
#7849 = CARTESIAN_POINT ( 'NONE',  ( 1.299999999999999822, 12.34999999999999964, -1.478875005813995891 ) ) ;
#7850 = AXIS2_PLACEMENT_3D ( 'NONE', #3346, #8099, #4660 ) ;
#7851 = ORIENTED_EDGE ( 'NONE', *, *, #4651, .F. ) ;
#7852 = CARTESIAN_POINT ( 'NONE',  ( 12.75377820898000003, 17.57232843569000025, 1.352344797514999808 ) ) ;
#7853 = CARTESIAN_POINT ( 'NONE',  ( 21.25656771375000176, 1.466115119101000008, -1.055322240236999942 ) ) ;
#7854 = CARTESIAN_POINT ( 'NONE',  ( 18.35059225645999703, -10.85697853778999900, -0.5984050721907000492 ) ) ;
#7855 = CARTESIAN_POINT ( 'NONE',  ( 18.79814722375904523, -10.59893542958434587, -0.6147361177852432856 ) ) ;
#7856 = PLANE ( 'NONE',  #597 ) ;
#7857 = CARTESIAN_POINT ( 'NONE',  ( 18.39628683781149121, 9.598912033386024945, -1.206330687263921897 ) ) ;
#7858 = CARTESIAN_POINT ( 'NONE',  ( 16.67215855667053859, 6.401720088299115652, -1.687063813359941600 ) ) ;
#7859 = EDGE_CURVE ( 'NONE', #3017, #2632, #3421, .T. ) ;
#7860 = LINE ( 'NONE', #1466, #1103 ) ;
#7861 = ORIENTED_EDGE ( 'NONE', *, *, #2392, .F. ) ;
#7862 = CARTESIAN_POINT ( 'NONE',  ( 21.19957822789000090, -2.369159684650000042, -0.006298288644414999637 ) ) ;
#7863 = CARTESIAN_POINT ( 'NONE',  ( 19.76922826578694981, 2.955004433010135045, 0.3235662647112614865 ) ) ;
#7864 = B_SPLINE_CURVE_WITH_KNOTS ( 'NONE', 3,
 ( #166, #7534, #3600, #828, #2204, #8278, #2802, #8306, #3506, #8219, #1490, #4270, #6227, #5577, #6923, #2897, #7598, #202, #232, #4926, #884, #4962, #916, #1430 ),
 .UNSPECIFIED., .F., .F.,
 ( 4, 1, 1, 1, 1, 1, 1, 1, 1, 1, 1, 1, 1, 1, 1, 1, 1, 1, 1, 1, 1, 4 ),
 ( 0.000000000000000000, 0.04761904761904999644, 0.09523809523809999289, 0.1428571428570999946, 0.1904761904761999858, 0.2380952380951999736, 0.2857142857143000203, 0.3333333333333000081, 0.3809523809523999716, 0.4285714285713999594, 0.4761904761904999783, 0.5238095238095000772, 0.5714285714286000406, 0.6190476190476000840, 0.6666666666667000474, 0.7142857142856999797, 0.7619047619048000541, 0.8095238095237999865, 0.8571428571429000609, 0.9047619047618999932, 0.9523809523809999567, 1.000000000000000000 ),
 .UNSPECIFIED. ) ;
#7865 = DIRECTION ( 'NONE',  ( 0.000000000000000000, 0.000000000000000000, 1.000000000000000000 ) ) ;
#7866 = CARTESIAN_POINT ( 'NONE',  ( -17.81054730989088952, -7.880568373376709346, -0.3144331886376460217 ) ) ;
#7867 = CARTESIAN_POINT ( 'NONE',  ( -12.90043611373502230, 16.14452923756805092, 1.450382105763577067 ) ) ;
#7868 = CARTESIAN_POINT ( 'NONE',  ( -10.02813962910573942, -20.76965849733570124, -3.754900568630029856 ) ) ;
#7869 = CYLINDRICAL_SURFACE ( 'NONE', #1792, 0.5000000000000004441 ) ;
#7870 = VERTEX_POINT ( 'NONE', #7368 ) ;
#7871 = CARTESIAN_POINT ( 'NONE',  ( -12.89604536296333670, 16.39772300771322122, 1.599371783232095057 ) ) ;
#7872 = EDGE_CURVE ( 'NONE', #348, #5824, #6913, .T. ) ;
#7873 = EDGE_CURVE ( 'NONE', #1677, #7370, #265, .T. ) ;
#7874 = CARTESIAN_POINT ( 'NONE',  ( -10.01976642508999937, -21.49882865472999782, -0.1495814314196000083 ) ) ;
#7875 = CARTESIAN_POINT ( 'NONE',  ( 12.10034292284000124, -18.72724538582000164, -3.323071631169999929 ) ) ;
#7876 = CARTESIAN_POINT ( 'NONE',  ( -17.99991456012002189, -1.929366633139120045E-14, 5.710772084629346601 ) ) ;
#7877 = CYLINDRICAL_SURFACE ( 'NONE', #5476, 17.99991456012002189 ) ;
#7878 = ORIENTED_EDGE ( 'NONE', *, *, #4849, .T. ) ;
#7879 = CARTESIAN_POINT ( 'NONE',  ( -1.178091653069069933, -17.99991456012003255, 5.710772084629347489 ) ) ;
#7880 = CARTESIAN_POINT ( 'NONE',  ( 21.19668534862000087, 2.402242066194999914, 0.2131167947373999727 ) ) ;
#7881 = CARTESIAN_POINT ( 'NONE',  ( 1.322983651677707905E-14, -17.99991456011998991, 5.710772084629349266 ) ) ;
#7882 = CARTESIAN_POINT ( 'NONE',  ( -21.55958321111999965, 0.9371533364681999823, 1.493693839113000132 ) ) ;
#7883 = CARTESIAN_POINT ( 'NONE',  ( 18.68667540353608914, -10.79426601378929540, 1.042977258249249140 ) ) ;
#7884 = CIRCLE ( 'NONE', #5134, 1.000000000000000000 ) ;
#7885 = VERTEX_POINT ( 'NONE', #6752 ) ;
#7886 = CARTESIAN_POINT ( 'NONE',  ( 11.86276226793999911, 21.25571303893000064, -2.763309695564000190 ) ) ;
#7887 = AXIS2_PLACEMENT_3D ( 'NONE', #6972, #5686, #1622 ) ;
#7888 = FACE_OUTER_BOUND ( 'NONE', #1346, .T. ) ;
#7889 = B_SPLINE_CURVE_WITH_KNOTS ( 'NONE', 3,
 ( #3802, #4484, #6580, #440 ),
 .UNSPECIFIED., .F., .F.,
 ( 4, 4 ),
 ( 1.506015748944804706E-16, 0.001849498567226600960 ),
 .UNSPECIFIED. ) ;
#7890 = CARTESIAN_POINT ( 'NONE',  ( -21.56686795327000183, 0.9007371949003000200, -0.8395007398508000929 ) ) ;
#7891 = ORIENTED_EDGE ( 'NONE', *, *, #4609, .T. ) ;
#7892 = CARTESIAN_POINT ( 'NONE',  ( 20.75000000000000000, 0.3084375788796877016, -1.706306745151999982 ) ) ;
#7893 = CARTESIAN_POINT ( 'NONE',  ( 17.39450083367284350, -11.31390830756138222, -0.2054720196976568269 ) ) ;
#7894 = CARTESIAN_POINT ( 'NONE',  ( 20.75339459535934594, 0.5009645709571095562, -0.6127256501146000067 ) ) ;
#7895 = CARTESIAN_POINT ( 'NONE',  ( 12.13110956055951384, 20.76746336694602846, -0.1152258690529582436 ) ) ;
#7896 = CARTESIAN_POINT ( 'NONE',  ( -12.79984251401399398, 14.58140797234365138, -0.3947300328137717251 ) ) ;
#7897 = CARTESIAN_POINT ( 'NONE',  ( 10.03337596223035710, -21.06990594796000238, -2.068331160266999813 ) ) ;
#7898 = EDGE_LOOP ( 'NONE', ( #6211, #1321 ) ) ;
#7899 = CARTESIAN_POINT ( 'NONE',  ( 19.50559812249612079, 7.072839961268909015, 1.508424194108342054 ) ) ;
#7900 = ORIENTED_EDGE ( 'NONE', *, *, #6683, .F. ) ;
#7901 = CARTESIAN_POINT ( 'NONE',  ( -20.72029898778871981, -1.128312735877258222, -1.206356628411622278 ) ) ;
#7902 = ORIENTED_EDGE ( 'NONE', *, *, #7908, .F. ) ;
#7903 = AXIS2_PLACEMENT_3D ( 'NONE', #8397, #7723, #7693 ) ;
#7904 = CARTESIAN_POINT ( 'NONE',  ( -10.00899576564999904, -20.73453026614000194, -3.771529109289000203 ) ) ;
#7905 = ORIENTED_EDGE ( 'NONE', *, *, #7823, .T. ) ;
#7906 = CARTESIAN_POINT ( 'NONE',  ( -10.97976413653305805, 14.31186932656786936, 5.710772084629345713 ) ) ;
#7907 = ORIENTED_EDGE ( 'NONE', *, *, #860, .T. ) ;
#7908 = EDGE_CURVE ( 'NONE', #1607, #3422, #1560, .T. ) ;
#7909 = CARTESIAN_POINT ( 'NONE',  ( -21.22515526573999978, 2.011407291343999759, -0.6833895420866998860 ) ) ;
#7910 = CARTESIAN_POINT ( 'NONE',  ( 19.69144750671999944, 8.121013548680998895, 1.803694051941000076 ) ) ;
#7911 = CARTESIAN_POINT ( 'NONE',  ( 18.74379955270999787, -10.12455178895999808, 1.767925643431000227 ) ) ;
#7912 = CARTESIAN_POINT ( 'NONE',  ( 21.56625049191999821, 0.9129404819151000217, -0.8398906188475999679 ) ) ;
#7913 = ORIENTED_EDGE ( 'NONE', *, *, #2923, .T. ) ;
#7914 = CARTESIAN_POINT ( 'NONE',  ( 1.358084322646162967, -20.75000000010667733, 3.383693845753999785 ) ) ;
#7915 = STYLED_ITEM ( 'NONE', ( #2679 ), #1659 ) ;
#7916 = CARTESIAN_POINT ( 'NONE',  ( 17.61814783920768690, 5.724812018120344348, -1.213441378887282207 ) ) ;
#7917 = CARTESIAN_POINT ( 'NONE',  ( -12.92112582096164175, -16.23595548766774854, 1.633710346826434900 ) ) ;
#7918 = VERTEX_POINT ( 'NONE', #7997 ) ;
#7919 = CARTESIAN_POINT ( 'NONE',  ( 21.22433724364000085, -2.012165282224000151, -0.6825826375183999817 ) ) ;
#7920 = CARTESIAN_POINT ( 'NONE',  ( -12.93540905052000234, 16.25031044870999963, 1.727281051367999920 ) ) ;
#7921 = CARTESIAN_POINT ( 'NONE',  ( -1.300000000000000044, 12.34999999999999964, -1.496306154245000020 ) ) ;
#7922 = B_SPLINE_CURVE_WITH_KNOTS ( 'NONE', 3,
 ( #397, #5896, #2434, #3815, #4495, #1401, #7481, #797, #4335, #4364 ),
 .UNSPECIFIED., .F., .F.,
 ( 4, 2, 2, 2, 4 ),
 ( 1.162272819937286795E-17, 0.001566833639321785513, 0.003133667278643559317, 0.004700500917965332905, 0.006267334557287106492 ),
 .UNSPECIFIED. ) ;
#7923 = CARTESIAN_POINT ( 'NONE',  ( 18.20187898888999811, 11.12453996986000071, 0.5446816973529999828 ) ) ;
#7924 = CARTESIAN_POINT ( 'NONE',  ( 11.85702211945972273, 21.52405404164958824, -2.219065010903592317 ) ) ;
#7925 = DIRECTION ( 'NONE',  ( 0.000000000000000000, 0.000000000000000000, -1.000000000000000000 ) ) ;
#7926 = CARTESIAN_POINT ( 'NONE',  ( -19.26486262839999952, 0.9250001322969998441, 0.3236937134569999874 ) ) ;
#7927 = CARTESIAN_POINT ( 'NONE',  ( 19.17597296411960883, 7.921283706255267454, 1.803695635631724858 ) ) ;
#7928 = EDGE_CURVE ( 'NONE', #3795, #3422, #6494, .T. ) ;
#7929 = CARTESIAN_POINT ( 'NONE',  ( -15.63277634567063501, -13.71215507343818452, 3.633693845754901286 ) ) ;
#7930 = ORIENTED_EDGE ( 'NONE', *, *, #1199, .F. ) ;
#7931 = CYLINDRICAL_SURFACE ( 'NONE', #5187, 20.75000000000000000 ) ;
#7932 = CARTESIAN_POINT ( 'NONE',  ( 12.31106087383999892, -19.45148483592999966, 0.6671766291792999848 ) ) ;
#7933 = PLANE ( 'NONE',  #6548 ) ;
#7934 = CARTESIAN_POINT ( 'NONE',  ( -10.04971428183705484, -22.00592765108274307, -2.401672758676064223 ) ) ;
#7935 = CARTESIAN_POINT ( 'NONE',  ( -11.82796345605999910, -20.08309946132999713, -4.950664876207000020 ) ) ;
#7936 = DIRECTION ( 'NONE',  ( -1.000000000000000000, 0.000000000000000000, 0.000000000000000000 ) ) ;
#7937 = VERTEX_POINT ( 'NONE', #6667 ) ;
#7938 = EDGE_CURVE ( 'NONE', #5250, #5044, #1619, .T. ) ;
#7939 = LINE ( 'NONE', #7029, #1699 ) ;
#7940 = AXIS2_PLACEMENT_3D ( 'NONE', #5207, #1146, #441 ) ;
#7941 = CARTESIAN_POINT ( 'NONE',  ( -21.20743568015999969, 2.260078610441000446, -0.3182203106893999878 ) ) ;
#7942 = CARTESIAN_POINT ( 'NONE',  ( 19.16590777601807360, 5.676727820918531897, 0.3236427973344899733 ) ) ;
#7943 = CARTESIAN_POINT ( 'NONE',  ( 21.56676027134999885, 0.9007372598556999677, -0.8394937610592999588 ) ) ;
#7944 = ORIENTED_EDGE ( 'NONE', *, *, #1201, .T. ) ;
#7945 = CARTESIAN_POINT ( 'NONE',  ( -11.96644225474855006, -19.64516297469528183, -3.558923522984282606 ) ) ;
#7946 = CARTESIAN_POINT ( 'NONE',  ( -12.48234647549477749, -18.84097715460682210, 0.8288450132735104559 ) ) ;
#7947 = FACE_BOUND ( 'NONE', #3733, .T. ) ;
#7948 = B_SPLINE_CURVE_WITH_KNOTS ( 'NONE', 3,
 ( #8338, #2357, #345, #260 ),
 .UNSPECIFIED., .F., .F.,
 ( 4, 4 ),
 ( 0.000000000000000000, 1.000000000000000000 ),
 .UNSPECIFIED. ) ;
#7949 = CARTESIAN_POINT ( 'NONE',  ( 21.21964205616999877, -2.084443204226000379, -0.5983571243413000618 ) ) ;
#7950 = CARTESIAN_POINT ( 'NONE',  ( -2.535464736641000361, 12.34999999999999964, -1.296306154244999842 ) ) ;
#7951 = CARTESIAN_POINT ( 'NONE',  ( 19.67699888206000125, -8.154948308885998642, 1.803645904724999971 ) ) ;
#7952 = CARTESIAN_POINT ( 'NONE',  ( 18.42324871657000074, 10.72435811549000029, 1.408731966801999969 ) ) ;
#7953 = CARTESIAN_POINT ( 'NONE',  ( -12.31456553184999869, -17.15910264681000186, -2.665427810640999873 ) ) ;
#7954 = CARTESIAN_POINT ( 'NONE',  ( 3.352254991947762932E-14, -20.75000000000089884, 4.523749079003891893 ) ) ;
#7955 = CARTESIAN_POINT ( 'NONE',  ( -21.37176397272999750, -0.9001761620698000010, -1.055401621415000157 ) ) ;
#7956 = VERTEX_POINT ( 'NONE', #1937 ) ;
#7957 = CARTESIAN_POINT ( 'NONE',  ( 19.63347345571617808, 6.709279023805552633, -0.4247506693118176524 ) ) ;
#7958 = CARTESIAN_POINT ( 'NONE',  ( -1.300000000000018030, 14.14999999999999858, -1.766306154245000037 ) ) ;
#7959 = CARTESIAN_POINT ( 'NONE',  ( -15.71054337878380736, -7.053224315060735883, -2.066306154244998528 ) ) ;
#7960 = B_SPLINE_SURFACE_WITH_KNOTS ( 'NONE', 3, 3, ( 
 ( #4576, #1879, #6028, #3325 ),
 ( #5264, #1906, #6637, #7334 ),
 ( #3977, #621, #1204, #8051 ),
 ( #2626, #2596, #3919, #3301 ),
 ( #3218, #8688, #5351, #6606 ),
 ( #3248, #7280, #5325, #7935 ) ),
 .UNSPECIFIED., .F., .F., .F.,
 ( 4, 1, 1, 4 ),
 ( 4, 4 ),
 ( -0.01999999999997999905, 0.000000000000000000, 1.000000000000000000, 1.020000000000000018 ),
 ( 0.0001906605150020999873, 0.9900440539610999569 ),
 .UNSPECIFIED. ) ;
#7961 = DIRECTION ( 'NONE',  ( -0.03489949670250104552, 0.000000000000000000, 0.9993908270190956511 ) ) ;
#7962 = CARTESIAN_POINT ( 'NONE',  ( -10.37868778222999921, -18.97283542127000189, 1.254849914890000084 ) ) ;
#7963 = DIRECTION ( 'NONE',  ( 0.000000000000000000, 0.000000000000000000, -1.000000000000000000 ) ) ;
#7964 = CARTESIAN_POINT ( 'NONE',  ( 9.983112060750290340, -18.19064668475849800, 1.633726812308154974 ) ) ;
#7965 = CARTESIAN_POINT ( 'NONE',  ( 10.72231028650757523, 18.88926152264721026, -3.376115695001985273 ) ) ;
#7966 = CIRCLE ( 'NONE', #1339, 1.800000000000000044 ) ;
#7967 = CARTESIAN_POINT ( 'NONE',  ( 4.495734977061997206, 12.34999999999999964, -1.566306154244998750 ) ) ;
#7968 = ORIENTED_EDGE ( 'NONE', *, *, #5483, .T. ) ;
#7969 = CARTESIAN_POINT ( 'NONE',  ( -21.48986698225411729, -1.970912732832092340, -0.2698757953629871142 ) ) ;
#7970 = CARTESIAN_POINT ( 'NONE',  ( 3.352254991947617782E-14, -20.75000000000000000, 4.416629057418555604 ) ) ;
#7971 = CARTESIAN_POINT ( 'NONE',  ( 11.90159690517000080, 21.61557401865000116, -1.623227418963999913 ) ) ;
#7972 = CARTESIAN_POINT ( 'NONE',  ( 20.68333333333313817, -1.626735482157938893E-09, 3.567027179088527511 ) ) ;
#7973 = CARTESIAN_POINT ( 'NONE',  ( -12.86183386352899127, -16.61820801787039770, 1.552367837715940224 ) ) ;
#7974 = FACE_OUTER_BOUND ( 'NONE', #310, .T. ) ;
#7975 = ORIENTED_EDGE ( 'NONE', *, *, #13, .T. ) ;
#7976 = EDGE_CURVE ( 'NONE', #8680, #2480, #4153, .T. ) ;
#7977 = CARTESIAN_POINT ( 'NONE',  ( -12.16240335546000040, -18.26604843516999921, -3.119506477352000040 ) ) ;
#7978 = CARTESIAN_POINT ( 'NONE',  ( -20.75000000000000000, 0.3084239040213380134, -1.206306455240999664 ) ) ;
#7979 = B_SPLINE_CURVE_WITH_KNOTS ( 'NONE', 3,
 ( #4629, #8709, #578, #666 ),
 .UNSPECIFIED., .F., .F.,
 ( 4, 4 ),
 ( 0.000000000000000000, 1.000000000000000000 ),
 .UNSPECIFIED. ) ;
#7980 = DIRECTION ( 'NONE',  ( -1.000000000000000000, 0.000000000000000000, 0.000000000000000000 ) ) ;
#7981 = CARTESIAN_POINT ( 'NONE',  ( -10.28907791133000060, -15.61913537454999990, -2.237866644969999985 ) ) ;
#7982 = CARTESIAN_POINT ( 'NONE',  ( 19.45879824580071116, 7.205864795657030086, 1.650920762842599920 ) ) ;
#7983 = CARTESIAN_POINT ( 'NONE',  ( 3.065579375929932127, 16.92047786105047535, -2.066306154244998528 ) ) ;
#7984 = DIRECTION ( 'NONE',  ( 1.000000000000000000, 0.000000000000000000, 0.000000000000000000 ) ) ;
#7985 = LINE ( 'NONE', #986, #3549 ) ;
#7986 = CARTESIAN_POINT ( 'NONE',  ( 1.358084323288709427, -20.75000000006276579, 3.633693845755017637 ) ) ;
#7987 = ORIENTED_EDGE ( 'NONE', *, *, #1702, .T. ) ;
#7988 = CARTESIAN_POINT ( 'NONE',  ( -12.77994450399560300, 17.11285785452405861, 1.415144901204703931 ) ) ;
#7989 = EDGE_CURVE ( 'NONE', #4845, #7357, #4904, .T. ) ;
#7990 = EDGE_CURVE ( 'NONE', #4696, #1546, #4344, .T. ) ;
#7991 = CARTESIAN_POINT ( 'NONE',  ( -20.71979890647497768, 1.120829518098887645, -1.156441111349229223 ) ) ;
#7992 = CARTESIAN_POINT ( 'NONE',  ( -10.04885226408323362, -21.95654268704138801, -0.8252632577505852884 ) ) ;
#7993 = CARTESIAN_POINT ( 'NONE',  ( 0.000000000000000000, 11.11453526336000053, -1.296306154244999842 ) ) ;
#7994 = LINE ( 'NONE', #7111, #491 ) ;
#7995 = ORIENTED_EDGE ( 'NONE', *, *, #2334, .F. ) ;
#7996 = CIRCLE ( 'NONE', #250, 21.29999997671999878 ) ;
#7997 = CARTESIAN_POINT ( 'NONE',  ( 19.86298427294375202, -6.001737178664590111, 1.633923059950979972 ) ) ;
#7998 = CARTESIAN_POINT ( 'NONE',  ( -21.49782687802469283, -1.884414810331863865, 1.044047798883668943 ) ) ;
#7999 = CARTESIAN_POINT ( 'NONE',  ( 10.06886330318999967, 23.10297434965999841, -4.531890852998000874 ) ) ;
#8000 = CARTESIAN_POINT ( 'NONE',  ( 11.44679355352000094, 21.58190766570000108, -2.404726694087000016 ) ) ;
#8001 = VERTEX_POINT ( 'NONE', #7509 ) ;
#8002 = AXIS2_PLACEMENT_3D ( 'NONE', #4887, #4589, #484 ) ;
#8003 = CARTESIAN_POINT ( 'NONE',  ( -11.87398492528231841, 20.70427998415780380, -3.273003789929095131 ) ) ;
#8004 = DIRECTION ( 'NONE',  ( 1.000000000000000000, 0.000000000000000000, 0.000000000000000000 ) ) ;
#8005 = B_SPLINE_CURVE_WITH_KNOTS ( 'NONE', 3,
 ( #2700, #4024, #5954, #7322, #1894, #6038 ),
 .UNSPECIFIED., .F., .F.,
 ( 4, 2, 4 ),
 ( 0.000000000000000000, 0.5000000000000000000, 1.000000000000000000 ),
 .UNSPECIFIED. ) ;
#8006 = ORIENTED_EDGE ( 'NONE', *, *, #7033, .T. ) ;
#8007 = B_SPLINE_CURVE_WITH_KNOTS ( 'NONE', 3,
 ( #8022, #4602, #5912, #4691, #6634, #2651, #3890, #645, #3975, #584, #8599, #6026, #6578, #1961, #5940, #4574, #8686, #1288 ),
 .UNSPECIFIED., .F., .F.,
 ( 4, 2, 2, 2, 2, 2, 2, 2, 4 ),
 ( 0.5000000000000000000, 0.5625000000000000000, 0.6250000000000000000, 0.6875000000000000000, 0.7500000000000000000, 0.8125000000000000000, 0.8750000000000000000, 0.9375000000000000000, 1.000000000000000000 ),
 .UNSPECIFIED. ) ;
#8008 = DIRECTION ( 'NONE',  ( -0.7336112684497700931, -0.6795693539319731524, 0.000000000000000000 ) ) ;
#8009 = ORIENTED_EDGE ( 'NONE', *, *, #6893, .F. ) ;
#8010 = CARTESIAN_POINT ( 'NONE',  ( 13.17289172481721060, 13.72400637079990915, 0.08369384575500006529 ) ) ;
#8011 = CARTESIAN_POINT ( 'NONE',  ( -12.20144813665000072, -16.19038478467000175, -2.405425180803999918 ) ) ;
#8012 = CARTESIAN_POINT ( 'NONE',  ( 20.75000000000044764, 3.145626647551298688E-14, 4.523749079003446916 ) ) ;
#8013 = CARTESIAN_POINT ( 'NONE',  ( -21.56678207325999708, -0.9006682678835999933, -0.8395118179859000218 ) ) ;
#8014 = ORIENTED_EDGE ( 'NONE', *, *, #8700, .F. ) ;
#8015 = CARTESIAN_POINT ( 'NONE',  ( -20.75339355285671772, -0.5007472543073452353, 1.260137215000068034 ) ) ;
#8016 = CARTESIAN_POINT ( 'NONE',  ( 4.495734977061997206, 12.34999999999999964, -1.566306154244998750 ) ) ;
#8017 = VERTEX_POINT ( 'NONE', #2805 ) ;
#8018 = CARTESIAN_POINT ( 'NONE',  ( -17.18983122531615138, -8.823102617437179887E-06, -2.066310809802729853 ) ) ;
#8019 = CARTESIAN_POINT ( 'NONE',  ( 12.22153737315537825, -17.69495235179178394, -2.864914451852739852 ) ) ;
#8020 = CARTESIAN_POINT ( 'NONE',  ( 10.25589390263999867, -19.20982277811999950, -3.522064581870999689 ) ) ;
#8021 = ORIENTED_EDGE ( 'NONE', *, *, #5798, .T. ) ;
#8022 = CARTESIAN_POINT ( 'NONE',  ( 20.75000000000044764, 3.145626647551298688E-14, 4.523749079003446916 ) ) ;
#8023 = CARTESIAN_POINT ( 'NONE',  ( -10.03337596223482642, -21.06990594796000238, -2.068331160266999813 ) ) ;
#8024 = CARTESIAN_POINT ( 'NONE',  ( -1.299999999999979172, 10.55000000000000071, -1.496306154245000020 ) ) ;
#8025 = CARTESIAN_POINT ( 'NONE',  ( 17.72012255407456394, -10.79635845328045640, -0.3625196748928750101 ) ) ;
#8026 = VERTEX_POINT ( 'NONE', #2748 ) ;
#8027 = CARTESIAN_POINT ( 'NONE',  ( 18.20138916405000273, -11.12440465549999935, 0.5441818188762000963 ) ) ;
#8028 = CARTESIAN_POINT ( 'NONE',  ( 19.54174957184587669, -6.977658145752922536, -0.8301315145362649917 ) ) ;
#8029 = ORIENTED_EDGE ( 'NONE', *, *, #1870, .T. ) ;
#8030 = CARTESIAN_POINT ( 'NONE',  ( 10.29190493266000139, 21.92773198941000246, -0.8995440983590999862 ) ) ;
#8031 = CARTESIAN_POINT ( 'NONE',  ( -11.95447489802026020, 21.49549135949785139, -1.037622260126780160 ) ) ;
#8032 = ADVANCED_FACE ( 'NONE', ( #3326 ), #110, .T. ) ;
#8033 = FACE_OUTER_BOUND ( 'NONE', #4320, .T. ) ;
#8034 = CARTESIAN_POINT ( 'NONE',  ( -12.14790531811000029, -18.37054876807000170, -3.166057696150999856 ) ) ;
#8035 = ORIENTED_EDGE ( 'NONE', *, *, #6250, .T. ) ;
#8036 = CARTESIAN_POINT ( 'NONE',  ( 21.18460074342999988, -2.482143179222000118, 0.3326354378229999798 ) ) ;
#8037 = EDGE_CURVE ( 'NONE', #7051, #5035, #6695, .T. ) ;
#8038 = B_SPLINE_CURVE_WITH_KNOTS ( 'NONE', 3,
 ( #8562, #1108, #372, #487 ),
 .UNSPECIFIED., .F., .F.,
 ( 4, 4 ),
 ( 0.000000000000000000, 1.000000000000000000 ),
 .UNSPECIFIED. ) ;
#8039 =( LENGTH_UNIT ( ) NAMED_UNIT ( * ) SI_UNIT ( .MILLI., .METRE. ) );
#8040 = CARTESIAN_POINT ( 'NONE',  ( -9.912235769678000352, -15.85583454305999851, -2.249211800692999752 ) ) ;
#8041 = FACE_OUTER_BOUND ( 'NONE', #2307, .T. ) ;
#8042 = CARTESIAN_POINT ( 'NONE',  ( 12.14796861721304033, 18.22675759074084922, -3.101750202811684787 ) ) ;
#8043 = CARTESIAN_POINT ( 'NONE',  ( -20.59549752773031983, -2.504153507975682480, 0.01174968181699487246 ) ) ;
#8044 = EDGE_CURVE ( 'NONE', #7370, #2354, #7326, .T. ) ;
#8045 = CARTESIAN_POINT ( 'NONE',  ( -18.30510133002426798, -7.717214415519369375, 0.1565081922052760921 ) ) ;
#8046 = CARTESIAN_POINT ( 'NONE',  ( 6.685974910295557905, -19.69021667048544089, 3.633693845755050944 ) ) ;
#8047 = CARTESIAN_POINT ( 'NONE',  ( 17.08058880648394862, -5.799854320452127787, 5.710772084629348377 ) ) ;
#8048 = ORIENTED_EDGE ( 'NONE', *, *, #4569, .F. ) ;
#8049 = CONICAL_SURFACE ( 'NONE', #3092, 19.22890256754999783, 0.9382131997063163364 ) ;
#8050 = CARTESIAN_POINT ( 'NONE',  ( -11.05365188887999928, 20.90249179611000230, -3.428224738736000088 ) ) ;
#8051 = CARTESIAN_POINT ( 'NONE',  ( -11.82796345605999910, -22.19180530012999952, -1.540920925365000027 ) ) ;
#8052 = EDGE_CURVE ( 'NONE', #6631, #1861, #4278, .T. ) ;
#8053 = VERTEX_POINT ( 'NONE', #3475 ) ;
#8054 = AXIS2_PLACEMENT_3D ( 'NONE', #1240, #4052, #5365 ) ;
#8055 = CARTESIAN_POINT ( 'NONE',  ( 20.62964832554435546, 2.217077316475366100, -0.4242214022265889395 ) ) ;
#8056 = DIRECTION ( 'NONE',  ( 1.461331779060608497E-05, 0.9999999997938833207, 1.409553990920671311E-05 ) ) ;
#8057 = B_SPLINE_SURFACE_WITH_KNOTS ( 'NONE', 5, 5, ( 
 ( #8246, #1548, #4862, #2861, #164, #947 ),
 ( #1610, #230, #1488, #826, #7562, #5638 ),
 ( #6281, #7596, #8275, #2136, #4924, #2202 ),
 ( #8337, #1578, #882, #5605, #1514, #6256 ),
 ( #3568, #4894, #6315, #6956, #7660, #7631 ),
 ( #3598, #8304, #6854, #2829, #6225, #2263 ),
 ( #3629, #4208, #4993, #3503, #5671, #8217 ),
 ( #4173, #6886, #3533, #852, #5575, #3717 ),
 ( #2989, #3766, #4332, #6374, #8364, #977 ),
 ( #2413, #1004, #289, #5733, #1670, #2379 ),
 ( #3740, #3101, #5136, #6402, #373, #7067 ),
 ( #7722, #7100, #8450, #7016, #4413, #5110 ) ),
 .UNSPECIFIED., .F., .F., .F.,
 ( 6, 3, 3, 6 ),
 ( 6, 6 ),
 ( -2.504053443798305079, -0.5007963692657910748, 0.5008322426276055062, 2.504089167905835911 ),
 ( -1.560678313464523681, 1.560631111399479742 ),
 .UNSPECIFIED. ) ;
#8058 = CARTESIAN_POINT ( 'NONE',  ( 10.02611992646999894, 21.67259210244999679, -3.080133598064999756 ) ) ;
#8059 = CARTESIAN_POINT ( 'NONE',  ( -11.92256920702498313, 20.09381504011480857, -3.512990369022514159 ) ) ;
#8060 = ORIENTED_EDGE ( 'NONE', *, *, #4711, .T. ) ;
#8061 = B_SPLINE_CURVE_WITH_KNOTS ( 'NONE', 3,
 ( #2483, #1817, #1175, #5177, #7163, #6551, #5830, #3080, #5915, #1117 ),
 .UNSPECIFIED., .F., .F.,
 ( 4, 2, 2, 2, 4 ),
 ( 0.5002769141564143984, 0.6237445071884077930, 0.7472121002204012985, 0.8706796932523946930, 0.9941472862843879765 ),
 .UNSPECIFIED. ) ;
#8062 = CARTESIAN_POINT ( 'NONE',  ( 10.74977375291999948, 18.99747921975999887, -3.432411640638000083 ) ) ;
#8063 = CARTESIAN_POINT ( 'NONE',  ( 9.910539702452130228, -14.05042288576007969, -2.065365693549670034 ) ) ;
#8064 = CARTESIAN_POINT ( 'NONE',  ( 21.53222213912000171, -1.548331915547999982, -0.7358689891084000401 ) ) ;
#8065 = DIRECTION ( 'NONE',  ( 0.000000000000000000, 0.000000000000000000, 1.000000000000000000 ) ) ;
#8066 = CARTESIAN_POINT ( 'NONE',  ( -12.32104966604000040, -15.07296538979999845, -2.227466732774999958 ) ) ;
#8067 = CARTESIAN_POINT ( 'NONE',  ( 19.71150494995367453, 6.482860258360803485, 0.3236937131912843713 ) ) ;
#8068 = CARTESIAN_POINT ( 'NONE',  ( -21.36201504876000001, -1.164791045552000082, 1.703018056900999833 ) ) ;
#8069 = CONICAL_SURFACE ( 'NONE', #1858, 1.000000000000000000, 0.03490658503988666728 ) ;
#8070 = AXIS2_PLACEMENT_3D ( 'NONE', #704, #2745, #1992 ) ;
#8071 = ORIENTED_EDGE ( 'NONE', *, *, #6747, .T. ) ;
#8072 = DIRECTION ( 'NONE',  ( 0.9990561692560231410, 0.04343697355342100719, 2.939053216325549046E-14 ) ) ;
#8073 = CARTESIAN_POINT ( 'NONE',  ( -6.037975179331233733, -16.12205270092817599, -2.066306154244998528 ) ) ;
#8074 = CARTESIAN_POINT ( 'NONE',  ( -10.62439788192999934, 21.08195646754999686, -3.446320401412999779 ) ) ;
#8075 = CARTESIAN_POINT ( 'NONE',  ( 13.44471946638999960, 13.43056186342000125, 0.08369384575500000978 ) ) ;
#8076 = LINE ( 'NONE', #630, #45 ) ;
#8077 = EDGE_LOOP ( 'NONE', ( #3266, #843, #5511, #4729 ) ) ;
#8078 = CARTESIAN_POINT ( 'NONE',  ( -11.90854217370999812, -18.58202318129999853, -3.259647677023999712 ) ) ;
#8079 = CARTESIAN_POINT ( 'NONE',  ( -18.61440856384000142, -2.279607586572773700E-15, 5.674802526090000576 ) ) ;
#8080 = CARTESIAN_POINT ( 'NONE',  ( 20.72954757971804085, 0.9247524092150524178, 1.853681555168173567 ) ) ;
#8081 = CYLINDRICAL_SURFACE ( 'NONE', #7442, 17.99991456012002189 ) ;
#8082 = ORIENTED_EDGE ( 'NONE', *, *, #2655, .T. ) ;
#8083 = CARTESIAN_POINT ( 'NONE',  ( 19.92301164482999809, 7.560472443776000695, 1.658392250042000082 ) ) ;
#8084 = CARTESIAN_POINT ( 'NONE',  ( 10.27550733004999906, 22.03328287962000331, -2.031122623089999912 ) ) ;
#8085 = CARTESIAN_POINT ( 'NONE',  ( -11.85903791619851511, 20.96501134463870386, -3.076241263558229910 ) ) ;
#8086 = CARTESIAN_POINT ( 'NONE',  ( 10.01727215364759260, -20.14731937214443036, -3.843987950626518213 ) ) ;
#8087 = EDGE_CURVE ( 'NONE', #2354, #1552, #7860, .T. ) ;
#8088 = LINE ( 'NONE', #4663, #2399 ) ;
#8089 = CARTESIAN_POINT ( 'NONE',  ( 10.00230713779905045, 19.28997418812145526, -3.552379929688739058 ) ) ;
#8090 = CARTESIAN_POINT ( 'NONE',  ( -11.48709072684000176, -18.53553199727999967, -3.229785690113999852 ) ) ;
#8091 = EDGE_LOOP ( 'NONE', ( #2088, #2045, #717, #462, #7907 ) ) ;
#8092 = CARTESIAN_POINT ( 'NONE',  ( 21.46849570928999995, -0.9198695517156999513, 1.595246586407000011 ) ) ;
#8093 = B_SPLINE_CURVE_WITH_KNOTS ( 'NONE', 3,
 ( #4070, #3866, #7397, #6526, #8576, #3171 ),
 .UNSPECIFIED., .F., .F.,
 ( 4, 2, 4 ),
 ( 0.000000000000000000, 0.5000000000000000000, 1.000000000000000000 ),
 .UNSPECIFIED. ) ;
#8094 = CARTESIAN_POINT ( 'NONE',  ( 20.60633166819914308, -2.504214778341294245, 1.259776961893241509 ) ) ;
#8095 = CARTESIAN_POINT ( 'NONE',  ( -12.63094972011999850, -11.60611675612999782, -2.065973482380999648 ) ) ;
#8096 = CARTESIAN_POINT ( 'NONE',  ( 10.01592089730661250, 20.06990594796000238, -3.068331160266999369 ) ) ;
#8097 = CARTESIAN_POINT ( 'NONE',  ( 18.79881050285088051, 10.59769315082294483, -0.6166229995665717389 ) ) ;
#8098 = LINE ( 'NONE', #8527, #6313 ) ;
#8099 = DIRECTION ( 'NONE',  ( 0.000000000000000000, 0.000000000000000000, -1.000000000000000000 ) ) ;
#8100 = CARTESIAN_POINT ( 'NONE',  ( 19.76920065682735128, -2.954987829666224641, 0.3236817951431419926 ) ) ;
#8101 = CARTESIAN_POINT ( 'NONE',  ( 11.05365188903999929, -20.90249178983000178, -3.428224744425000026 ) ) ;
#8102 = CARTESIAN_POINT ( 'NONE',  ( 2.716135069080913844, 20.61624367623556253, 3.383693845753999785 ) ) ;
#8103 = EDGE_LOOP ( 'NONE', ( #6947, #3755 ) ) ;
#8104 = EDGE_CURVE ( 'NONE', #5481, #6796, #3669, .T. ) ;
#8105 = EDGE_CURVE ( 'NONE', #1552, #8224, #3122, .T. ) ;
#8106 = CARTESIAN_POINT ( 'NONE',  ( -19.66113902221001553, -2.954997264721106909, 0.1751732524681184899 ) ) ;
#8107 = ORIENTED_EDGE ( 'NONE', *, *, #7302, .T. ) ;
#8108 = CARTESIAN_POINT ( 'NONE',  ( -10.00092465388424046, -19.20260967088714921, -3.504221498009965075 ) ) ;
#8109 = CARTESIAN_POINT ( 'NONE',  ( -11.97097313071000002, -19.77850932929999672, -3.546261664745000264 ) ) ;
#8110 = EDGE_LOOP ( 'NONE', ( #6112, #7589 ) ) ;
#8111 = ORIENTED_EDGE ( 'NONE', *, *, #7989, .T. ) ;
#8112 = CARTESIAN_POINT ( 'NONE',  ( 18.50725803759000243, -10.57164561499999955, 1.547527780315000046 ) ) ;
#8113 = EDGE_LOOP ( 'NONE', ( #4525, #6682 ) ) ;
#8114 = CARTESIAN_POINT ( 'NONE',  ( 18.69392320795000018, -10.22073730830999949, -1.091603860983999974 ) ) ;
#8115 = CARTESIAN_POINT ( 'NONE',  ( 11.52929826603999963, 21.68145822797999855, -1.232612179533999930 ) ) ;
#8116 = CARTESIAN_POINT ( 'NONE',  ( -11.89371563640540508, 20.42221707684937471, -3.417369009737859287 ) ) ;
#8117 = CARTESIAN_POINT ( 'NONE',  ( -12.57102374191999949, 18.55216500302999805, 1.212887096161999967 ) ) ;
#8118 = ORIENTED_EDGE ( 'NONE', *, *, #5220, .F. ) ;
#8119 = CARTESIAN_POINT ( 'NONE',  ( 20.74312289274941179, -0.6168226785298193127, -1.206303093081000144 ) ) ;
#8120 = VERTEX_POINT ( 'NONE', #2833 ) ;
#8121 = B_SPLINE_CURVE_WITH_KNOTS ( 'NONE', 3,
 ( #5683, #2999, #4248, #5713, #959, #4313, #4277, #6293, #5001, #1616, #5585, #7704, #3668, #209, #4938, #6967, #892, #2975, #2214, #4342, #2277, #1651, #8314, #4902, #3025, #6998, #6382, #4972, #7732, #2339, #8347, #270, #865, #5166, #551, #4507, #2475, #2559, #8621, #4567, #6598, #1111, #5852, #3267, #1139, #3210 ),
 .UNSPECIFIED., .F., .F.,
 ( 4, 2, 2, 1, 1, 1, 2, 2, 2, 2, 2, 2, 2, 2, 1, 1, 1, 2, 2, 2, 2, 2, 2, 2, 2, 4 ),
 ( 0.000000000000000000, 0.06249999999992351951, 0.09374999999988593846, 0.1093749999998665234, 0.1171874999998567951, 0.1210937499998525485, 0.1230468749998510636, 0.1249999999998495925, 0.1874999999998490929, 0.2187499999998482325, 0.2343749999998483158, 0.2499999999998483990, 0.3124999999998456235, 0.3437499999998435696, 0.3593749999998434586, 0.3671874999998442912, 0.3710937499998446243, 0.3730468749998447353, 0.3749999999998447908, 0.4374999999998605560, 0.4999999999998762101, 0.6249999999999059641, 0.6874999999999201750, 0.7187499999999280575, 0.7499999999999358291, 1.000000000000000000 ),
 .UNSPECIFIED. ) ;
#8122 = ORIENTED_EDGE ( 'NONE', *, *, #7245, .F. ) ;
#8123 = CARTESIAN_POINT ( 'NONE',  ( 10.00209115841206930, 19.27760073732828872, -3.545563162422577630 ) ) ;
#8124 = CARTESIAN_POINT ( 'NONE',  ( 10.77060527985000071, 18.61504457562999804, -3.237377092783999988 ) ) ;
#8125 = CARTESIAN_POINT ( 'NONE',  ( 18.90347719558999984, -9.801139105115000305, 1.810501975178000045 ) ) ;
#8126 = CARTESIAN_POINT ( 'NONE',  ( -12.14790533072000045, 18.37054788313000131, -3.166057302098999937 ) ) ;
#8127 = CARTESIAN_POINT ( 'NONE',  ( 1.300000000000000044, 12.34999999999999964, -2.066306154244998528 ) ) ;
#8128 = CARTESIAN_POINT ( 'NONE',  ( 20.78989926753000361, 0.9250000000000000444, 0.3236938457535999958 ) ) ;
#8129 = DIRECTION ( 'NONE',  ( -2.305898832173195769E-05, -1.409520293864006259E-05, 0.9999999996348042375 ) ) ;
#8130 = CARTESIAN_POINT ( 'NONE',  ( -17.93005163174974825, -8.420827826920071146, 0.08369384575523940162 ) ) ;
#8131 = CARTESIAN_POINT ( 'NONE',  ( 11.85559802558000086, -21.25815788411999918, -2.763193973338000209 ) ) ;
#8132 = ORIENTED_EDGE ( 'NONE', *, *, #8651, .T. ) ;
#8133 = DIRECTION ( 'NONE',  ( -1.000000000000000000, 0.000000000000000000, 0.000000000000000000 ) ) ;
#8134 = AXIS2_PLACEMENT_3D ( 'NONE', #7773, #5724, #3036 ) ;
#8135 = DIRECTION ( 'NONE',  ( 0.4226182617406816222, 0.9063077870366583744, 0.000000000000000000 ) ) ;
#8136 = CARTESIAN_POINT ( 'NONE',  ( -1.300000000000000044, 12.34999999999999964, -2.066306154244998528 ) ) ;
#8137 = CARTESIAN_POINT ( 'NONE',  ( 11.90304489815256339, -20.30487953157890502, -3.469995214377667114 ) ) ;
#8138 = VERTEX_POINT ( 'NONE', #4749 ) ;
#8139 = FACE_BOUND ( 'NONE', #8544, .T. ) ;
#8140 = CARTESIAN_POINT ( 'NONE',  ( 20.72954757971804085, 0.9247524092150524178, 1.853681555168173567 ) ) ;
#8141 = CARTESIAN_POINT ( 'NONE',  ( 11.05924632636000027, 21.81008688721999889, -2.024032565996000343 ) ) ;
#8142 = ORIENTED_EDGE ( 'NONE', *, *, #3188, .T. ) ;
#8143 = CARTESIAN_POINT ( 'NONE',  ( -12.86301988186692746, -15.88300621333574369, 1.022672493593417498 ) ) ;
#8144 = CARTESIAN_POINT ( 'NONE',  ( 15.62039765945429259, 8.658146344641695080, -1.686757484027756160 ) ) ;
#8145 = VECTOR ( 'NONE', #3194, 1000.000000000000227 ) ;
#8146 = ADVANCED_FACE ( 'NONE', ( #7116, #1727 ), #5002, .F. ) ;
#8147 = CARTESIAN_POINT ( 'NONE',  ( 19.17813561918450205, -7.922224390327420096, -1.706307346201854980 ) ) ;
#8148 = CARTESIAN_POINT ( 'NONE',  ( 12.31457244003999918, 17.15909903870999997, -2.665426536365000043 ) ) ;
#8149 = B_SPLINE_CURVE_WITH_KNOTS ( 'NONE', 3,
 ( #360, #8523, #2370, #7089 ),
 .UNSPECIFIED., .F., .F.,
 ( 4, 4 ),
 ( 0.000000000000000000, 1.000000000000000000 ),
 .UNSPECIFIED. ) ;
#8150 = CARTESIAN_POINT ( 'NONE',  ( 20.73690722306667311, -0.5007618256657655476, 0.01144188748308321360 ) ) ;
#8151 = CARTESIAN_POINT ( 'NONE',  ( 21.27984739121999880, 0.9249914955079000523, 1.803693852574999923 ) ) ;
#8152 = CARTESIAN_POINT ( 'NONE',  ( -6.072818028784745970, 19.91279287078377891, 3.633693845755203267 ) ) ;
#8153 = ORIENTED_EDGE ( 'NONE', *, *, #5075, .T. ) ;
#8154 = EDGE_CURVE ( 'NONE', #5180, #2139, #4152, .T. ) ;
#8155 = CARTESIAN_POINT ( 'NONE',  ( 18.19424627489000201, 11.13774725602999993, 0.2868321379657000070 ) ) ;
#8156 = EDGE_CURVE ( 'NONE', #2008, #5809, #5434, .T. ) ;
#8157 = CARTESIAN_POINT ( 'NONE',  ( 20.32525839628573650, -2.955000000000000071, 1.171775541349509453 ) ) ;
#8158 = ORIENTED_EDGE ( 'NONE', *, *, #8253, .F. ) ;
#8159 = CARTESIAN_POINT ( 'NONE',  ( -18.59480981020044510, -2.445242432131045085, -1.021586891761146143 ) ) ;
#8160 = CARTESIAN_POINT ( 'NONE',  ( -10.26056395894000062, 21.23115177517999896, -3.463408121191999811 ) ) ;
#8161 = CARTESIAN_POINT ( 'NONE',  ( -7.638584468207460176, 19.29286208218145049, 4.523749079002525875 ) ) ;
#8162 = CARTESIAN_POINT ( 'NONE',  ( 16.72274239590806033, -4.112902677412248131, -2.066306154244998972 ) ) ;
#8163 = CARTESIAN_POINT ( 'NONE',  ( -12.15449940750999858, -18.35134308256999702, -3.157540725156999795 ) ) ;
#8164 = AXIS2_PLACEMENT_3D ( 'NONE', #1878, #7963, #8572 ) ;
#8165 = CARTESIAN_POINT ( 'NONE',  ( 21.20783591384000033, 2.259773116422000072, 0.9662025635190999440 ) ) ;
#8166 = ORIENTED_EDGE ( 'NONE', *, *, #2965, .F. ) ;
#8167 = CARTESIAN_POINT ( 'NONE',  ( -20.72953784684231238, 0.9249688692739991280, 1.853688185242363229 ) ) ;
#8168 = CARTESIAN_POINT ( 'NONE',  ( 10.03331464284747554, -21.06639296286726903, 0.1453252050433521403 ) ) ;
#8169 = CARTESIAN_POINT ( 'NONE',  ( 18.62926882910999993, 10.90392525715999916, 0.9311989190644999193 ) ) ;
#8170 = FACE_OUTER_BOUND ( 'NONE', #4995, .T. ) ;
#8171 = B_SPLINE_CURVE_WITH_KNOTS ( 'NONE', 3,
 ( #4189, #4878, #5558, #1500 ),
 .UNSPECIFIED., .F., .F.,
 ( 4, 4 ),
 ( 0.000000000000000000, 1.000000000000000000 ),
 .UNSPECIFIED. ) ;
#8172 = ORIENTED_EDGE ( 'NONE', *, *, #5300, .T. ) ;
#8173 = CARTESIAN_POINT ( 'NONE',  ( 11.47703967102000000, 18.63055219058000134, -3.274665336796999782 ) ) ;
#8174 = CARTESIAN_POINT ( 'NONE',  ( 12.32105482108999972, 15.07296130113000032, -2.227466132008999899 ) ) ;
#8175 = CARTESIAN_POINT ( 'NONE',  ( 19.15986126221999797, -9.941690233023999568, -0.8399445212555000095 ) ) ;
#8176 = CARTESIAN_POINT ( 'NONE',  ( 9.993888693551085112, -18.80768184042026903, -3.286675419292697686 ) ) ;
#8177 = CARTESIAN_POINT ( 'NONE',  ( -21.46849574595000121, -0.9198689621832999430, 1.595246574823999897 ) ) ;
#8178 = CARTESIAN_POINT ( 'NONE',  ( 18.84480664259000093, 9.930063833207000812, -1.153555841713999941 ) ) ;
#8179 = DIRECTION ( 'NONE',  ( 0.000000000000000000, 0.000000000000000000, -1.000000000000000000 ) ) ;
#8180 = FACE_OUTER_BOUND ( 'NONE', #6963, .T. ) ;
#8181 = CARTESIAN_POINT ( 'NONE',  ( 10.63830787414000056, -20.45925557082000168, -3.695109011538999955 ) ) ;
#8182 = ORIENTED_EDGE ( 'NONE', *, *, #4166, .F. ) ;
#8183 = CARTESIAN_POINT ( 'NONE',  ( -17.86090666895186274, -1.400933393554651074, -1.649882604644079542 ) ) ;
#8184 = ADVANCED_FACE ( 'NONE', ( #5544 ), #8069, .T. ) ;
#8185 = PLANE ( 'NONE',  #8193 ) ;
#8186 = CARTESIAN_POINT ( 'NONE',  ( -11.05924632636000027, 21.81008688720999800, -2.024032565990000254 ) ) ;
#8187 = CARTESIAN_POINT ( 'NONE',  ( 17.36538535998237620, -11.35807603863177384, 0.7604434955754051373 ) ) ;
#8188 = CARTESIAN_POINT ( 'NONE',  ( 11.82796356314000086, 23.24614965093999785, 0.1639384397214999900 ) ) ;
#8189 = CARTESIAN_POINT ( 'NONE',  ( -9.981362475979999260, -19.31075340746999913, -3.562371818679999969 ) ) ;
#8190 = ADVANCED_FACE ( 'NONE', ( #1307, #6899 ), #2384, .T. ) ;
#8191 = VECTOR ( 'NONE', #7748, 999.9999999999998863 ) ;
#8192 = ORIENTED_EDGE ( 'NONE', *, *, #1366, .T. ) ;
#8193 = AXIS2_PLACEMENT_3D ( 'NONE', #5484, #6022, #1284 ) ;
#8194 = CARTESIAN_POINT ( 'NONE',  ( 19.00393056170999984, 10.21883319630000031, -1.156306154246000029 ) ) ;
#8195 = CARTESIAN_POINT ( 'NONE',  ( -9.974829698364583663, -17.71579273720886150, 0.8151123579877619374 ) ) ;
#8196 = CARTESIAN_POINT ( 'NONE',  ( -6.426378192525650235, 19.77280849916486005, 4.523749079003889229 ) ) ;
#8197 = VERTEX_POINT ( 'NONE', #1060 ) ;
#8198 = CARTESIAN_POINT ( 'NONE',  ( 12.80232424161422777, -13.74761705761670960, -1.012781710412779645 ) ) ;
#8199 = CARTESIAN_POINT ( 'NONE',  ( 18.63392887048000190, 10.89597284508000108, -0.2968271654494999412 ) ) ;
#8200 = EDGE_CURVE ( 'NONE', #3061, #185, #4973, .T. ) ;
#8201 = FACE_BOUND ( 'NONE', #3509, .T. ) ;
#8202 = EDGE_CURVE ( 'NONE', #1225, #6147, #3746, .T. ) ;
#8203 = CARTESIAN_POINT ( 'NONE',  ( 18.75266474880000089, -10.50477027280000009, 1.480175627229999957 ) ) ;
#8204 = EDGE_LOOP ( 'NONE', ( #4421, #8388, #3473, #2329 ) ) ;
#8205 = CARTESIAN_POINT ( 'NONE',  ( 19.51534490925488541, 7.051289265980590137, -0.8939165680609424403 ) ) ;
#8206 = CARTESIAN_POINT ( 'NONE',  ( 12.58387066910886176, 13.17837590478225351, 0.08369384575500006529 ) ) ;
#8207 = ORIENTED_EDGE ( 'NONE', *, *, #641, .T. ) ;
#8208 = CARTESIAN_POINT ( 'NONE',  ( 11.69521915444000015, -20.93993786046999972, -0.1299096052751000097 ) ) ;
#8209 = CARTESIAN_POINT ( 'NONE',  ( 9.819074934158999568, 19.22617936088000334, 1.242721253224000177 ) ) ;
#8210 = ORIENTED_EDGE ( 'NONE', *, *, #4821, .T. ) ;
#8211 = CARTESIAN_POINT ( 'NONE',  ( -11.02266128912000021, 13.49832043118999891, -2.069003125481000183 ) ) ;
#8212 = ORIENTED_EDGE ( 'NONE', *, *, #1368, .F. ) ;
#8213 = EDGE_CURVE ( 'NONE', #6322, #1049, #3317, .T. ) ;
#8214 = CARTESIAN_POINT ( 'NONE',  ( 12.04597273691999959, -12.22509469261000170, -2.065550206775999875 ) ) ;
#8215 = CARTESIAN_POINT ( 'NONE',  ( -12.00525979885382633, 19.31274462413554716, -3.499688939404005161 ) ) ;
#8216 = CARTESIAN_POINT ( 'NONE',  ( -12.07749892365000122, 21.12269616922999660, -0.3875127585449000267 ) ) ;
#8217 = CARTESIAN_POINT ( 'NONE',  ( 18.76584895891017979, 8.861073067814002613, -1.236966675247544556 ) ) ;
#8218 = CARTESIAN_POINT ( 'NONE',  ( 18.89517554438999980, -9.831617865580000171, -1.156354102959000096 ) ) ;
#8219 = CARTESIAN_POINT ( 'NONE',  ( 20.13623861006999860, -7.017506834586999531, 1.156688147816000045 ) ) ;
#8220 = ORIENTED_EDGE ( 'NONE', *, *, #6839, .F. ) ;
#8221 = VERTEX_POINT ( 'NONE', #8455 ) ;
#8222 = CARTESIAN_POINT ( 'NONE',  ( 21.21148132264999830, 2.208439421012000192, 1.063431508855000152 ) ) ;
#8223 = CARTESIAN_POINT ( 'NONE',  ( 12.16332677832465947, -20.59462700758840015, -0.01560568594378390107 ) ) ;
#8224 = VERTEX_POINT ( 'NONE', #5054 ) ;
#8225 = CARTESIAN_POINT ( 'NONE',  ( -20.70860861285643040, 1.323417945545315000, 1.814774620380829040 ) ) ;
#8226 = CARTESIAN_POINT ( 'NONE',  ( 9.983112060750290340, -18.19064668475849800, 1.633726812308154974 ) ) ;
#8227 = CARTESIAN_POINT ( 'NONE',  ( 19.58057173818390950, -2.955000116963500734, 0.06470189521330017846 ) ) ;
#8228 = ADVANCED_FACE ( 'NONE', ( #2264 ), #347, .T. ) ;
#8229 = AXIS2_PLACEMENT_3D ( 'NONE', #2960, #4298, #8336 ) ;
#8230 = ADVANCED_FACE ( 'NONE', ( #1936 ), #6282, .T. ) ;
#8231 = CARTESIAN_POINT ( 'NONE',  ( 9.963534603618001029, 18.43534626980999747, -3.093348153864999617 ) ) ;
#8232 = ORIENTED_EDGE ( 'NONE', *, *, #702, .F. ) ;
#8233 = CARTESIAN_POINT ( 'NONE',  ( 17.55013152382489139, 11.19782667404345489, 3.633693845755082474 ) ) ;
#8234 = CARTESIAN_POINT ( 'NONE',  ( -9.190520622152604346, 14.55741706724034046, -2.066306154244998972 ) ) ;
#8235 = CARTESIAN_POINT ( 'NONE',  ( -10.00195453496999853, 20.41498582499000136, -3.853751071536000161 ) ) ;
#8236 = EDGE_CURVE ( 'NONE', #2725, #4395, #5030, .T. ) ;
#8237 = CARTESIAN_POINT ( 'NONE',  ( 11.99183363171999872, -21.42466290627999825, -0.8473906711177999762 ) ) ;
#8238 = CARTESIAN_POINT ( 'NONE',  ( 19.72006762254000023, -8.053060604448999626, -1.153603789564000115 ) ) ;
#8239 = ORIENTED_EDGE ( 'NONE', *, *, #7812, .F. ) ;
#8240 = CIRCLE ( 'NONE', #5462, 1.000000000000000444 ) ;
#8241 = AXIS2_PLACEMENT_3D ( 'NONE', #5306, #3367, #4701 ) ;
#8242 = CARTESIAN_POINT ( 'NONE',  ( -9.963533428573999373, 18.43534666553999912, -3.093348265123000207 ) ) ;
#8243 = CARTESIAN_POINT ( 'NONE',  ( 12.63093991498000079, -11.60598541182000076, -2.065972570637999883 ) ) ;
#8244 = CARTESIAN_POINT ( 'NONE',  ( 17.42421696911974394, -4.667064080092673706, 5.710772084629347489 ) ) ;
#8245 = CARTESIAN_POINT ( 'NONE',  ( -11.85559802549000175, 21.25815788414999830, -2.763193973336000031 ) ) ;
#8246 = CARTESIAN_POINT ( 'NONE',  ( 19.75975620295432833, 6.451284826749083656, 1.884493780241858651 ) ) ;
#8247 = CARTESIAN_POINT ( 'NONE',  ( 18.81004954938804730, -8.771298247350449273, 1.803645897905842510 ) ) ;
#8248 = CARTESIAN_POINT ( 'NONE',  ( -9.983499833277001301, -19.42432810240000052, -3.627413159787000296 ) ) ;
#8249 = ORIENTED_EDGE ( 'NONE', *, *, #7647, .F. ) ;
#8250 = LINE ( 'NONE', #2138, #4680 ) ;
#8251 = CARTESIAN_POINT ( 'NONE',  ( 18.85040180421451339, -8.679733693978564091, -1.237026527795865860 ) ) ;
#8252 = CARTESIAN_POINT ( 'NONE',  ( 10.41292716826271203, -21.17876449522763593, -0.02325952932276476037 ) ) ;
#8253 = EDGE_CURVE ( 'NONE', #5944, #8298, #5470, .T. ) ;
#8254 = CARTESIAN_POINT ( 'NONE',  ( 16.67275442801091501, -6.400248043509934703, -1.686735844345093271 ) ) ;
#8255 = CARTESIAN_POINT ( 'NONE',  ( -20.66654662590255498, 1.864708687747514082, 1.548082504211836463 ) ) ;
#8256 = CARTESIAN_POINT ( 'NONE',  ( 19.59868492376299187, -6.810890893749124153, 1.231768384427010199 ) ) ;
#8257 = CARTESIAN_POINT ( 'NONE',  ( 18.64318592377999906, 10.50954840027000081, 1.579494678362999949 ) ) ;
#8258 = EDGE_LOOP ( 'NONE', ( #1356, #4670, #7049, #6489, #3684, #1820, #5803 ) ) ;
#8259 = CARTESIAN_POINT ( 'NONE',  ( -17.38635777404000038, -1.230002276421000129, -1.706306154247999807 ) ) ;
#8260 = CARTESIAN_POINT ( 'NONE',  ( -19.76926175930339724, -2.955004418068249983, 0.3236120856750730468 ) ) ;
#8261 = CARTESIAN_POINT ( 'NONE',  ( 19.92678139908999668, 8.298233271577000636, -0.8395118176607999638 ) ) ;
#8262 = CARTESIAN_POINT ( 'NONE',  ( -10.25663726633000117, 19.12947817088999969, -3.479104369438999811 ) ) ;
#8263 = CARTESIAN_POINT ( 'NONE',  ( -12.18534592918999948, -20.54856381088000106, 0.007685003017322999085 ) ) ;
#8264 = EDGE_CURVE ( 'NONE', #730, #7572, #5651, .T. ) ;
#8265 = CARTESIAN_POINT ( 'NONE',  ( 19.83550127671999874, -8.263805402419999169, -0.9472579144646000593 ) ) ;
#8266 = EDGE_CURVE ( 'NONE', #7224, #4139, #5130, .T. ) ;
#8267 = CARTESIAN_POINT ( 'NONE',  ( -11.58554635041000047, 18.96157527388999853, -3.428314123064000185 ) ) ;
#8268 = CARTESIAN_POINT ( 'NONE',  ( 11.46543460223999844, -21.69357892144000033, -2.022795341254999713 ) ) ;
#8269 = CARTESIAN_POINT ( 'NONE',  ( -17.99991456012002189, -1.929366633139120045E-14, 5.710772084629346601 ) ) ;
#8270 = CARTESIAN_POINT ( 'NONE',  ( -12.59952339047999992, 12.00837914051000155, -2.068331242823000071 ) ) ;
#8271 = CARTESIAN_POINT ( 'NONE',  ( 16.29461833816928973, 7.258333115040053407, -1.706306154247999807 ) ) ;
#8272 = ADVANCED_FACE ( 'NONE', ( #3640 ), #8185, .T. ) ;
#8273 = DIRECTION ( 'NONE',  ( 0.9063077870366408328, 0.4226182617407188702, -1.741849689462315158E-14 ) ) ;
#8274 = CARTESIAN_POINT ( 'NONE',  ( -11.64065080363000071, 21.26186846542999831, -0.3957305293060999762 ) ) ;
#8275 = CARTESIAN_POINT ( 'NONE',  ( 19.43579990894562926, 7.184281475965231145, 0.6359235398095020031 ) ) ;
#8276 = FACE_OUTER_BOUND ( 'NONE', #5704, .T. ) ;
#8277 = EDGE_LOOP ( 'NONE', ( #6221, #1040, #1667, #2319, #2823 ) ) ;
#8278 = CARTESIAN_POINT ( 'NONE',  ( 20.20442940076000227, -6.839081380161999846, 0.7605874436842000597 ) ) ;
#8279 = ADVANCED_FACE ( 'NONE', ( #4903 ), #7756, .T. ) ;
#8280 = CARTESIAN_POINT ( 'NONE',  ( 18.18609050454011111, -9.917001338606047156, 0.6359576692906002693 ) ) ;
#8281 = DIRECTION ( 'NONE',  ( -0.9990561678099814102, 0.04343700681255920765, -2.867239396424507627E-12 ) ) ;
#8282 = VECTOR ( 'NONE', #8662, 1000.000000000000000 ) ;
#8283 = ORIENTED_EDGE ( 'NONE', *, *, #8318, .T. ) ;
#8284 = CARTESIAN_POINT ( 'NONE',  ( -11.43925686814410803, 18.56334784165646923, -3.241695297143613708 ) ) ;
#8285 = DIRECTION ( 'NONE',  ( 0.9135454576426008666, 0.4067366430758004303, 0.000000000000000000 ) ) ;
#8286 = CARTESIAN_POINT ( 'NONE',  ( 20.30984169856382593, 7.294457546796381031, -0.2671385106841023815 ) ) ;
#8287 = DIRECTION ( 'NONE',  ( 0.03489949670250104552, -4.273955692857151045E-18, 0.9993908270190956511 ) ) ;
#8288 = VECTOR ( 'NONE', #1417, 1000.000000000000000 ) ;
#8289 = CARTESIAN_POINT ( 'NONE',  ( -20.71980565366890303, -1.120724035006769537, 1.803828348362791489 ) ) ;
#8290 = CARTESIAN_POINT ( 'NONE',  ( 12.88414312779999982, 11.69023814222999924, -2.066894839483999657 ) ) ;
#8291 = VERTEX_POINT ( 'NONE', #4206 ) ;
#8292 = CARTESIAN_POINT ( 'NONE',  ( 20.74999999999991118, -2.362884501620482906E-10, 3.633693845755083807 ) ) ;
#8293 = CARTESIAN_POINT ( 'NONE',  ( 20.10175818773999623, -7.611386699311999848, 1.481327547648000120 ) ) ;
#8294 = CARTESIAN_POINT ( 'NONE',  ( -11.60982972582999828, 18.71704709027000035, -3.318787558536000049 ) ) ;
#8295 = CARTESIAN_POINT ( 'NONE',  ( 10.03026979220000214, -22.00549082200999962, -0.9098204398884000010 ) ) ;
#8296 = CARTESIAN_POINT ( 'NONE',  ( 20.15739463221999728, -6.962928376799999874, -0.4162815864835999746 ) ) ;
#8297 = LINE ( 'NONE', #1264, #4074 ) ;
#8298 = VERTEX_POINT ( 'NONE', #8683 ) ;
#8299 = CARTESIAN_POINT ( 'NONE',  ( 17.90655146395834407, 10.48442211948801983, -0.8303229820624498103 ) ) ;
#8300 = CARTESIAN_POINT ( 'NONE',  ( 11.88311597953000032, -14.43415167134999955, -2.164376054813000216 ) ) ;
#8301 = DIRECTION ( 'NONE',  ( -3.718059954795914139E-08, -2.347241313922344385E-07, 0.9999999999999718003 ) ) ;
#8302 = VECTOR ( 'NONE', #5246, 999.9999999999998863 ) ;
#8303 = CARTESIAN_POINT ( 'NONE',  ( -11.90777351794999994, 21.61386030733000041, -1.623178502293000092 ) ) ;
#8304 = CARTESIAN_POINT ( 'NONE',  ( 18.82101184010653228, 8.665920758098971888, 1.260092478576809949 ) ) ;
#8305 = DIRECTION ( 'NONE',  ( 0.000000000000000000, 0.08715574274766389740, 0.9961946980917451011 ) ) ;
#8306 = CARTESIAN_POINT ( 'NONE',  ( 20.17583740779000223, -6.914791966463999628, 0.9661546156696999565 ) ) ;
#8307 = ORIENTED_EDGE ( 'NONE', *, *, #1680, .F. ) ;
#8308 = CARTESIAN_POINT ( 'NONE',  ( 19.59363193493881639, -6.815661982768125071, 1.259887150209289874 ) ) ;
#8309 = CARTESIAN_POINT ( 'NONE',  ( -12.53646027717000067, 16.50640541299000219, 1.643851250421999977 ) ) ;
#8310 = VERTEX_POINT ( 'NONE', #103 ) ;
#8311 = CARTESIAN_POINT ( 'NONE',  ( -21.53080918690297096, 1.457079864755041587, 1.377964227536815800 ) ) ;
#8312 = CARTESIAN_POINT ( 'NONE',  ( 12.15449940750999858, 18.35134308256999702, -3.157540725158999972 ) ) ;
#8313 = CARTESIAN_POINT ( 'NONE',  ( -12.81495326707664617, -13.26959624248413938, -1.272830440439711053 ) ) ;
#8314 = CARTESIAN_POINT ( 'NONE',  ( -18.72922727783679520, 2.551276157330455874, -0.8919466082616871461 ) ) ;
#8315 = EDGE_CURVE ( 'NONE', #2519, #3442, #5715, .T. ) ;
#8316 = ORIENTED_EDGE ( 'NONE', *, *, #8037, .T. ) ;
#8317 = ADVANCED_FACE ( 'NONE', ( #8276 ), #6488, .F. ) ;
#8318 = EDGE_CURVE ( 'NONE', #2782, #1797, #3546, .T. ) ;
#8319 = EDGE_CURVE ( 'NONE', #963, #6769, #7052, .T. ) ;
#8320 = ADVANCED_FACE ( 'NONE', ( #2685 ), #2147, .T. ) ;
#8321 = VERTEX_POINT ( 'NONE', #8393 ) ;
#8322 = CARTESIAN_POINT ( 'NONE',  ( 0.000000000000000000, 0.000000000000000000, 5.674802526090000576 ) ) ;
#8323 = DIRECTION ( 'NONE',  ( 0.6696538556869039427, -0.02911173199011014845, -0.7421025674556039897 ) ) ;
#8324 = CARTESIAN_POINT ( 'NONE',  ( 19.84779416922000195, 7.984716439515000097, -1.059378794791000056 ) ) ;
#8325 = DIRECTION ( 'NONE',  ( -0.000000000000000000, -0.000000000000000000, 1.000000000000000000 ) ) ;
#8326 = CARTESIAN_POINT ( 'NONE',  ( -11.89340882806000010, -20.54485890389999980, -3.397217588070999827 ) ) ;
#8327 = ORIENTED_EDGE ( 'NONE', *, *, #8537, .F. ) ;
#8328 = CARTESIAN_POINT ( 'NONE',  ( 19.65290138387000241, -8.195145283307999406, 1.810007457469000158 ) ) ;
#8329 = ORIENTED_EDGE ( 'NONE', *, *, #5911, .F. ) ;
#8330 = CARTESIAN_POINT ( 'NONE',  ( -11.96910816712000170, 19.77938844779999883, -3.546494503657000141 ) ) ;
#8331 = CARTESIAN_POINT ( 'NONE',  ( 11.76624356304000152, -21.65313020592000015, -1.624330951380000165 ) ) ;
#8332 = ORIENTED_EDGE ( 'NONE', *, *, #2099, .T. ) ;
#8333 = CARTESIAN_POINT ( 'NONE',  ( -11.58851803792000013, 17.57878301536999999, -2.808653426818000121 ) ) ;
#8334 = AXIS2_PLACEMENT_3D ( 'NONE', #1905, #4575, #6636 ) ;
#8335 = DIRECTION ( 'NONE',  ( -0.9990561694033524009, 0.04343697016482795520, -2.867237454447681038E-12 ) ) ;
#8336 = DIRECTION ( 'NONE',  ( 1.000000000000000000, 0.000000000000000000, -0.000000000000000000 ) ) ;
#8337 = CARTESIAN_POINT ( 'NONE',  ( 19.32548020522386523, 7.574988364250711648, 1.884424071391879840 ) ) ;
#8338 = CARTESIAN_POINT ( 'NONE',  ( 12.88617591070344126, -11.37722449946298120, -2.066257018295830417 ) ) ;
#8339 = CARTESIAN_POINT ( 'NONE',  ( 20.72954164405753019, -0.9248820588887832761, 1.853684242759571665 ) ) ;
#8340 = ORIENTED_EDGE ( 'NONE', *, *, #5220, .T. ) ;
#8341 = CARTESIAN_POINT ( 'NONE',  ( 19.06867295827092335, -8.118335691885441463, -0.6128084165231086899 ) ) ;
#8342 = DIRECTION ( 'NONE',  ( 0.000000000000000000, 0.000000000000000000, -1.000000000000000000 ) ) ;
#8343 = CARTESIAN_POINT ( 'NONE',  ( -21.47840219827443775, 2.091718982511265867, 0.01899173465491406365 ) ) ;
#8344 = CARTESIAN_POINT ( 'NONE',  ( 11.92405385921999894, 18.45724965881000301, -3.202501643091000272 ) ) ;
#8345 = ORIENTED_EDGE ( 'NONE', *, *, #5388, .F. ) ;
#8346 = CARTESIAN_POINT ( 'NONE',  ( 11.83510801781999966, -22.14192880067999880, -1.527833948047000012 ) ) ;
#8347 = CARTESIAN_POINT ( 'NONE',  ( -18.60403592662576600, 2.453060169330910423, -1.012697246780368765 ) ) ;
#8348 = VECTOR ( 'NONE', #6242, 1000.000000000000000 ) ;
#8349 = B_SPLINE_CURVE_WITH_KNOTS ( 'NONE', 3,
 ( #5107, #1029, #3126, #1057 ),
 .UNSPECIFIED., .F., .F.,
 ( 4, 4 ),
 ( 0.000000000000000000, 1.000000000000000000 ),
 .UNSPECIFIED. ) ;
#8350 = AXIS2_PLACEMENT_3D ( 'NONE', #3271, #1958, #3246 ) ;
#8351 = CARTESIAN_POINT ( 'NONE',  ( -12.78890300454479423, 12.54368793848161445, -2.068853094465934017 ) ) ;
#8352 = CARTESIAN_POINT ( 'NONE',  ( -20.75000000011369750, -1.358084322543246847, 4.202389014246000087 ) ) ;
#8353 = CARTESIAN_POINT ( 'NONE',  ( 21.56572928016000290, 0.9251442407337000517, 1.487476274845000113 ) ) ;
#8354 = ORIENTED_EDGE ( 'NONE', *, *, #4128, .F. ) ;
#8355 = FACE_OUTER_BOUND ( 'NONE', #514, .T. ) ;
#8356 = CARTESIAN_POINT ( 'NONE',  ( -12.10034292285000035, 18.72724538570999897, -3.323071631132999748 ) ) ;
#8357 = CARTESIAN_POINT ( 'NONE',  ( 18.39411122154722378, -9.597967734621281721, -1.156354102137704176 ) ) ;
#8358 = CARTESIAN_POINT ( 'NONE',  ( 20.05804982631000044, -7.220477575519000268, -0.7619589851349000131 ) ) ;
#8359 = AXIS2_PLACEMENT_3D ( 'NONE', #3293, #3468, #7594 ) ;
#8360 = CARTESIAN_POINT ( 'NONE',  ( -21.46906414796000107, 0.9065354989831000410, 1.595061690409999899 ) ) ;
#8361 = VERTEX_POINT ( 'NONE', #315 ) ;
#8362 = CARTESIAN_POINT ( 'NONE',  ( 10.71577870706583901, 19.01267728960214853, -3.438818925330645371 ) ) ;
#8363 = CARTESIAN_POINT ( 'NONE',  ( -17.75557542673483624, -8.167724417005080895, -0.2374609917074440024 ) ) ;
#8364 = CARTESIAN_POINT ( 'NONE',  ( 18.19911789334541652, 9.923051725519499655, -0.6127745002491370441 ) ) ;
#8365 = DIRECTION ( 'NONE',  ( -1.000000000000000000, 0.000000000000000000, 0.000000000000000000 ) ) ;
#8366 = DIRECTION ( 'NONE',  ( -1.000000000000000000, 0.000000000000000000, -0.000000000000000000 ) ) ;
#8367 = ADVANCED_FACE ( 'NONE', ( #1618 ), #7422, .F. ) ;
#8368 = CARTESIAN_POINT ( 'NONE',  ( 19.32557628831705543, -7.574739449215689646, 1.884249576660760095 ) ) ;
#8369 = VERTEX_POINT ( 'NONE', #7014 ) ;
#8370 = B_SPLINE_CURVE_WITH_KNOTS ( 'NONE', 3,
 ( #2083, #8252, #4779, #4215, #80, #6144, #6231, #3539, #8223 ),
 .UNSPECIFIED., .F., .F.,
 ( 4, 2, 2, 1, 4 ),
 ( 0.000000000000000000, 0.4999999999999988898, 0.6249999999999996669, 0.7500000000000005551, 1.000000000000000000 ),
 .UNSPECIFIED. ) ;
#8371 = EDGE_CURVE ( 'NONE', #1562, #5535, #4844, .T. ) ;
#8372 = DIRECTION ( 'NONE',  ( 0.000000000000000000, 0.000000000000000000, -1.000000000000000000 ) ) ;
#8373 = CARTESIAN_POINT ( 'NONE',  ( 9.983499833277001301, 19.42432810240999785, -3.627413159789000030 ) ) ;
#8374 = CARTESIAN_POINT ( 'NONE',  ( -12.80617980990967730, -13.64570455901787227, -1.059058787787911848 ) ) ;
#8375 = CARTESIAN_POINT ( 'NONE',  ( 19.15419466588999953, 9.952557315755999667, -0.8400885783828999642 ) ) ;
#8376 = ORIENTED_EDGE ( 'NONE', *, *, #2162, .F. ) ;
#8377 = CARTESIAN_POINT ( 'NONE',  ( 16.15621884489774374, 13.20676990486662916, 1.633696334727163135 ) ) ;
#8378 = CARTESIAN_POINT ( 'NONE',  ( 12.91868674562999963, 11.27729451789000059, -2.066286016475999965 ) ) ;
#8379 = CARTESIAN_POINT ( 'NONE',  ( 20.16917393962999938, 7.696645019867999871, -0.7358689891084000401 ) ) ;
#8380 = CARTESIAN_POINT ( 'NONE',  ( -13.71215507634398989, -15.63277634312402320, 3.383693845753999785 ) ) ;
#8381 = CARTESIAN_POINT ( 'NONE',  ( 3.352254991947762932E-14, -20.75000000000089884, 4.523749079003891893 ) ) ;
#8382 = EDGE_CURVE ( 'NONE', #2588, #2415, #7641, .T. ) ;
#8383 = CARTESIAN_POINT ( 'NONE',  ( 20.16913712036999939, -7.696648725149000114, 1.383208364773999888 ) ) ;
#8384 = AXIS2_PLACEMENT_3D ( 'NONE', #1731, #7820, #4458 ) ;
#8385 = DIRECTION ( 'NONE',  ( 1.000000000000000000, 0.000000000000000000, 0.000000000000000000 ) ) ;
#8386 = CARTESIAN_POINT ( 'NONE',  ( -10.05138039296485708, 22.10137909393553457, -1.945098772942920329 ) ) ;
#8387 = LINE ( 'NONE', #4526, #6795 ) ;
#8388 = ORIENTED_EDGE ( 'NONE', *, *, #408, .T. ) ;
#8389 = DIRECTION ( 'NONE',  ( 8.354829527256257214E-06, -0.9999999999650984739, 0.000000000000000000 ) ) ;
#8390 = CARTESIAN_POINT ( 'NONE',  ( -11.21920637366327611, -20.90800504943855387, -0.01797201656041275478 ) ) ;
#8391 = DIRECTION ( 'NONE',  ( 0.000000000000000000, 0.000000000000000000, -1.000000000000000000 ) ) ;
#8392 = CARTESIAN_POINT ( 'NONE',  ( 11.42497227729787568, 18.69973385869519333, -3.306252519982590510 ) ) ;
#8393 = CARTESIAN_POINT ( 'NONE',  ( -10.00286818446738124, -19.31473378429770094, -3.565986344090020133 ) ) ;
#8394 = LINE ( 'NONE', #8734, #5669 ) ;
#8395 = CARTESIAN_POINT ( 'NONE',  ( 18.97228740871000241, -2.955000000000000071, 0.3236748493314800523 ) ) ;
#8396 = CARTESIAN_POINT ( 'NONE',  ( 20.66722953084697068, -1.833222740507398196, 1.508447763595867741 ) ) ;
#8397 = CARTESIAN_POINT ( 'NONE',  ( -1.300000000000000044, 12.34999999999999964, -1.296306154244999842 ) ) ;
#8398 = PLANE ( 'NONE',  #1492 ) ;
#8399 = PRESENTATION_STYLE_ASSIGNMENT (( #1145 ) ) ;
#8400 = EDGE_LOOP ( 'NONE', ( #4293, #6761 ) ) ;
#8401 = CARTESIAN_POINT ( 'NONE',  ( 19.71130671495953735, -6.482814789345188622, 0.5283287369646600951 ) ) ;
#8402 = DIRECTION ( 'NONE',  ( 7.734134336840009344E-14, -1.246393224693444156E-13, 1.000000000000000000 ) ) ;
#8403 = CYLINDRICAL_SURFACE ( 'NONE', #8463, 2.030000390838999635 ) ;
#8404 = ORIENTED_EDGE ( 'NONE', *, *, #6747, .F. ) ;
#8405 = CARTESIAN_POINT ( 'NONE',  ( 11.83510801781999966, -20.02371736771999977, -4.931604604117000079 ) ) ;
#8406 = B_SPLINE_CURVE_WITH_KNOTS ( 'NONE', 3,
 ( #2092, #2007, #3371, #4021, #1358 ),
 .UNSPECIFIED., .F., .F.,
 ( 4, 1, 4 ),
 ( 0.006615522633230248167, 0.4988172949316865279, 0.9910190672301428805 ),
 .UNSPECIFIED. ) ;
#8407 = ADVANCED_FACE ( 'NONE', ( #2374 ), #259, .T. ) ;
#8408 = CARTESIAN_POINT ( 'NONE',  ( -10.39887648611814619, 18.00750568118398220, 3.383693845753999785 ) ) ;
#8409 = CARTESIAN_POINT ( 'NONE',  ( 21.20104341615999743, -2.340753585965999584, 0.7597197226058000075 ) ) ;
#8410 = DIRECTION ( 'NONE',  ( -1.000000000000000000, -0.000000000000000000, -0.000000000000000000 ) ) ;
#8411 = CARTESIAN_POINT ( 'NONE',  ( 21.46950789705999796, 0.8932288710237999974, 1.594616360242000042 ) ) ;
#8412 = ORIENTED_EDGE ( 'NONE', *, *, #5971, .T. ) ;
#8413 = CARTESIAN_POINT ( 'NONE',  ( -12.92097108093750002, 16.23577618015760038, 1.633914089293755145 ) ) ;
#8414 = AXIS2_PLACEMENT_3D ( 'NONE', #2918, #4229, #2191 ) ;
#8415 = CARTESIAN_POINT ( 'NONE',  ( 19.76922826578694981, 2.955004433010135045, 0.3235662647112614865 ) ) ;
#8416 = DIRECTION ( 'NONE',  ( 0.5919061212076012213, 0.8060069129213023320, -2.111966971747005664E-07 ) ) ;
#8417 = VERTEX_POINT ( 'NONE', #2295 ) ;
#8418 = CARTESIAN_POINT ( 'NONE',  ( 12.88617591070344126, -11.37722449946298120, -2.066257018295830417 ) ) ;
#8419 = CARTESIAN_POINT ( 'NONE',  ( -11.83510831475000025, 20.02367212289999898, -4.931672550426999813 ) ) ;
#8420 = VERTEX_POINT ( 'NONE', #256 ) ;
#8421 = CARTESIAN_POINT ( 'NONE',  ( -1.300000000000000044, 12.34999999999999964, -1.487590579969000126 ) ) ;
#8422 = UNCERTAINTY_MEASURE_WITH_UNIT (LENGTH_MEASURE( 1.000000000000000082E-05 ), #8039, 'distance_accuracy_value', 'NONE');
#8423 = CARTESIAN_POINT ( 'NONE',  ( -11.87513989373425360, -20.67252650306636852, -3.302794389059421576 ) ) ;
#8424 = CARTESIAN_POINT ( 'NONE',  ( -17.80313699973024910, 0.9248515187649199998, -1.706319358371985118 ) ) ;
#8425 = CARTESIAN_POINT ( 'NONE',  ( 8.461387684196068903, 19.02577203451750165, 1.633719155974631576 ) ) ;
#8426 = VERTEX_POINT ( 'NONE', #7658 ) ;
#8427 = EDGE_CURVE ( 'NONE', #6960, #2603, #2044, .T. ) ;
#8428 = ORIENTED_EDGE ( 'NONE', *, *, #7622, .F. ) ;
#8429 = DIRECTION ( 'NONE',  ( -1.000000000000000000, 0.000000000000000000, 0.000000000000000000 ) ) ;
#8430 = CARTESIAN_POINT ( 'NONE',  ( -10.02166218949025733, 20.39882435714028830, -3.835784806092083610 ) ) ;
#8431 = B_SPLINE_CURVE_WITH_KNOTS ( 'NONE', 3,
 ( #7337, #1379, #3387, #8750, #6055, #6698 ),
 .UNSPECIFIED., .F., .F.,
 ( 4, 2, 4 ),
 ( 0.000000000000000000, 0.5000000000000000000, 1.000000000000000000 ),
 .UNSPECIFIED. ) ;
#8432 = ORIENTED_EDGE ( 'NONE', *, *, #6392, .F. ) ;
#8433 = CARTESIAN_POINT ( 'NONE',  ( 11.08702010869000176, -20.18782416992999984, -3.657934015074999490 ) ) ;
#8434 = CARTESIAN_POINT ( 'NONE',  ( 11.52011982229000076, 19.73236214245000042, -3.615172201557000253 ) ) ;
#8435 = CARTESIAN_POINT ( 'NONE',  ( 1.322983651677707905E-14, -17.99991456011998991, 5.710772084629349266 ) ) ;
#8436 = ORIENTED_EDGE ( 'NONE', *, *, #4912, .F. ) ;
#8437 = EDGE_CURVE ( 'NONE', #7937, #115, #576, .T. ) ;
#8438 = EDGE_CURVE ( 'NONE', #4538, #5546, #1515, .T. ) ;
#8439 = CARTESIAN_POINT ( 'NONE',  ( 20.70037600189541749, 1.455640629347599635, -1.653760111310245362 ) ) ;
#8440 = CARTESIAN_POINT ( 'NONE',  ( 18.42326825005000046, -10.72439914538999872, -0.7613890999038001040 ) ) ;
#8441 = CARTESIAN_POINT ( 'NONE',  ( 12.13795965057865267, -18.29907007487902959, -3.134001207157650626 ) ) ;
#8442 = CARTESIAN_POINT ( 'NONE',  ( 21.37225175674000255, 0.8858027463995000739, 1.702335882780000142 ) ) ;
#8443 = ORIENTED_EDGE ( 'NONE', *, *, #3966, .F. ) ;
#8444 = CARTESIAN_POINT ( 'NONE',  ( 12.92102360628125979, -16.23573473602204942, 1.633942491647304873 ) ) ;
#8445 = ORIENTED_EDGE ( 'NONE', *, *, #7524, .T. ) ;
#8446 = CARTESIAN_POINT ( 'NONE',  ( -1.299999999999976286, 10.29999999999999716, -2.066306154244998528 ) ) ;
#8447 = AXIS2_PLACEMENT_3D ( 'NONE', #5899, #1832, #8389 ) ;
#8448 = CARTESIAN_POINT ( 'NONE',  ( 18.53812049521364003, 9.324778725488933162, 1.853693845755442160 ) ) ;
#8449 = CARTESIAN_POINT ( 'NONE',  ( 16.15624353593074503, -13.20674202018382637, 1.634012998024327645 ) ) ;
#8450 = CARTESIAN_POINT ( 'NONE',  ( 17.60624177462097961, 10.97287863004698139, 0.6356795586606112103 ) ) ;
#8451 = CARTESIAN_POINT ( 'NONE',  ( -3.445734977061997828, 12.35000000000000142, -1.566306154244998750 ) ) ;
#8452 = ADVANCED_FACE ( 'NONE', ( #674 ), #4958, .T. ) ;
#8453 = ORIENTED_EDGE ( 'NONE', *, *, #300, .T. ) ;
#8454 = CONICAL_SURFACE ( 'NONE', #1211, 21.43999998693000819, 0.7345944593390484334 ) ;
#8455 = CARTESIAN_POINT ( 'NONE',  ( -20.60904962013806951, 2.405000011470307175, 0.3236938754526818007 ) ) ;
#8456 = CARTESIAN_POINT ( 'NONE',  ( -11.28818702947999952, 19.90156988422999973, 0.6404206435106999384 ) ) ;
#8457 = CARTESIAN_POINT ( 'NONE',  ( -10.62439787350000131, -21.08195647507000103, -3.446320397740000097 ) ) ;
#8458 = CARTESIAN_POINT ( 'NONE',  ( 10.00663854205000014, -20.66817244223999950, -3.797185632830999857 ) ) ;
#8459 = CARTESIAN_POINT ( 'NONE',  ( -0.0005848883622485000645, -0.0003575230830042999924, 4.851286720206000602 ) ) ;
#8460 = PLANE ( 'NONE',  #532 ) ;
#8461 = VERTEX_POINT ( 'NONE', #7629 ) ;
#8462 = CIRCLE ( 'NONE', #2110, 1.049999999999999822 ) ;
#8463 = AXIS2_PLACEMENT_3D ( 'NONE', #7926, #3290, #5988 ) ;
#8464 = CARTESIAN_POINT ( 'NONE',  ( -12.88641205529058098, 11.37688978818809993, -2.066192302877590148 ) ) ;
#8465 = CARTESIAN_POINT ( 'NONE',  ( 18.19431725101000197, -11.13780858411000096, 0.3236459147501999922 ) ) ;
#8466 = CARTESIAN_POINT ( 'NONE',  ( -12.65728818351852425, -16.49848322941253898, 3.383693845754001117 ) ) ;
#8467 = CARTESIAN_POINT ( 'NONE',  ( -12.57102374191999949, 15.45166259724999946, -1.580742148995000207 ) ) ;
#8468 = CARTESIAN_POINT ( 'NONE',  ( 19.69021667013307919, -6.685974911339245708, 3.383693845753999785 ) ) ;
#8469 = ORIENTED_EDGE ( 'NONE', *, *, #4439, .T. ) ;
#8470 = EDGE_CURVE ( 'NONE', #2782, #1901, #2310, .T. ) ;
#8471 = CARTESIAN_POINT ( 'NONE',  ( -20.54612433849996123, -2.903460663345611259, -0.2033918960496947925 ) ) ;
#8472 = EDGE_CURVE ( 'NONE', #5385, #5180, #1828, .T. ) ;
#8473 = CARTESIAN_POINT ( 'NONE',  ( 11.64208983099513972, -20.04938942900550813, -3.570544404892210366 ) ) ;
#8474 = B_SPLINE_CURVE_WITH_KNOTS ( 'NONE', 3,
 ( #2364, #8515, #1096, #353, #6522, #7077, #2484, #6443, #5092, #4485, #1791, #6492, #1119, #7791, #7192, #3804, #7879, #8435 ),
 .UNSPECIFIED., .F., .F.,
 ( 4, 2, 2, 2, 2, 2, 2, 2, 4 ),
 ( 0.5000000000000000000, 0.5625000000000000000, 0.6250000000000000000, 0.6875000000000000000, 0.7500000000000000000, 0.8125000000000000000, 0.8750000000000000000, 0.9375000000000000000, 1.000000000000000000 ),
 .UNSPECIFIED. ) ;
#8475 = CARTESIAN_POINT ( 'NONE',  ( 10.00164602322558771, -19.25209895983214992, -3.531500705748714442 ) ) ;
#8476 = CARTESIAN_POINT ( 'NONE',  ( -17.89538465942723278, -7.773104165404354227, -0.2755798926922413683 ) ) ;
#8477 = DIRECTION ( 'NONE',  ( 0.000000000000000000, 0.7071067811864425456, -0.7071067811866525998 ) ) ;
#8478 = CARTESIAN_POINT ( 'NONE',  ( 9.967211415513601125, 17.27934160498374894, 0.2615951525261420718 ) ) ;
#8479 = VERTEX_POINT ( 'NONE', #1545 ) ;
#8480 = CARTESIAN_POINT ( 'NONE',  ( -9.988898099238999961, 20.51401820816000310, 0.5579070992438999177 ) ) ;
#8481 = EDGE_CURVE ( 'NONE', #204, #2506, #8482, .T. ) ;
#8482 = CIRCLE ( 'NONE', #7173, 0.4000000000000005773 ) ;
#8483 = EDGE_LOOP ( 'NONE', ( #2827, #2365, #4095, #664 ) ) ;
#8484 = EDGE_CURVE ( 'NONE', #3442, #6746, #5529, .T. ) ;
#8485 = CARTESIAN_POINT ( 'NONE',  ( -10.02959788701000043, -21.86991624040999938, -2.754915068519000254 ) ) ;
#8486 = CARTESIAN_POINT ( 'NONE',  ( 10.65682042293999920, -19.74156824403999977, -3.722015183316000009 ) ) ;
#8487 = CARTESIAN_POINT ( 'NONE',  ( -17.99991456012002899, 1.178091653069083478, 5.710772084629347489 ) ) ;
#8488 = CARTESIAN_POINT ( 'NONE',  ( 21.47835819468491536, 2.092162496656375215, 0.6292163960899253006 ) ) ;
#8489 = ADVANCED_FACE ( 'NONE', ( #4694 ), #2908, .T. ) ;
#8490 = CARTESIAN_POINT ( 'NONE',  ( 21.26644773614999906, 1.254462687723000069, -1.120585870689000174 ) ) ;
#8491 = CARTESIAN_POINT ( 'NONE',  ( 18.22621332013999762, -11.08147855752999789, -0.1132942528133999982 ) ) ;
#8492 = ORIENTED_EDGE ( 'NONE', *, *, #757, .F. ) ;
#8493 = CARTESIAN_POINT ( 'NONE',  ( 19.74425062427999933, 8.229412489517999418, 1.702311925925000136 ) ) ;
#8494 = CARTESIAN_POINT ( 'NONE',  ( 19.00071224556694105, -10.23176010377746259, 1.463946152412852975 ) ) ;
#8495 = CARTESIAN_POINT ( 'NONE',  ( 1.300000000000000044, 12.34999999999999964, -1.496306154245000020 ) ) ;
#8496 = CARTESIAN_POINT ( 'NONE',  ( 16.49848323040671261, -12.65728818222262930, 3.383693845753999785 ) ) ;
#8497 = AXIS2_PLACEMENT_3D ( 'NONE', #1359, #4705, #4022 ) ;
#8498 = CARTESIAN_POINT ( 'NONE',  ( 20.62649679792659541, -2.261900058193929031, 1.094809007142292012 ) ) ;
#8499 = CARTESIAN_POINT ( 'NONE',  ( -20.71666666666686396, 1.966885024396135079E-09, 3.600360512421472592 ) ) ;
#8500 = CIRCLE ( 'NONE', #3491, 21.58000000003000807 ) ;
#8501 = ORIENTED_EDGE ( 'NONE', *, *, #634, .F. ) ;
#8502 = CARTESIAN_POINT ( 'NONE',  ( -21.27397422686999917, 0.9092839325623999214, -1.163399488415999938 ) ) ;
#8503 = CARTESIAN_POINT ( 'NONE',  ( 20.74961180210769385, -6.340959873882222310E-10, -1.206320756045127895 ) ) ;
#8504 = CARTESIAN_POINT ( 'NONE',  ( -20.74312194182838809, 0.6168653150745581071, -1.706306316549000002 ) ) ;
#8505 = CARTESIAN_POINT ( 'NONE',  ( -17.99366019461054123, -7.704645095190615578, -0.2031974873241911006 ) ) ;
#8506 = CARTESIAN_POINT ( 'NONE',  ( -12.86144380006838261, 15.87002984687573282, 1.004576820634128342 ) ) ;
#8507 = CARTESIAN_POINT ( 'NONE',  ( 9.939874548692014145, 15.71321355366929851, -1.172625073873433843 ) ) ;
#8508 = LINE ( 'NONE', #1494, #6721 ) ;
#8509 = ORIENTED_EDGE ( 'NONE', *, *, #8266, .F. ) ;
#8510 = CARTESIAN_POINT ( 'NONE',  ( 19.58929963021868659, -6.843018293895441140, 1.335754223270488650 ) ) ;
#8511 = CARTESIAN_POINT ( 'NONE',  ( -10.02813971218315992, 20.76965839694410221, -3.754900548942365024 ) ) ;
#8512 = VECTOR ( 'NONE', #3708, 1000.000000000000000 ) ;
#8513 = CARTESIAN_POINT ( 'NONE',  ( -10.25886517650999785, -20.88630255376000022, -3.666880674558999686 ) ) ;
#8514 = CARTESIAN_POINT ( 'NONE',  ( 10.25544421419000152, -19.54374144991999884, -3.690819546271000284 ) ) ;
#8515 = CARTESIAN_POINT ( 'NONE',  ( -17.99991456012001478, -1.178091653069125444, 5.710772084629348377 ) ) ;
#8516 = ORIENTED_EDGE ( 'NONE', *, *, #7412, .T. ) ;
#8517 = CARTESIAN_POINT ( 'NONE',  ( 12.33394231322000145, 17.86028973059999814, 1.329422056490999982 ) ) ;
#8518 = VERTEX_POINT ( 'NONE', #7779 ) ;
#8519 = CARTESIAN_POINT ( 'NONE',  ( 21.22031111018999994, 2.083644760003999785, -0.5993666707339000421 ) ) ;
#8520 = CARTESIAN_POINT ( 'NONE',  ( 21.20747634825999839, -2.260077828786000165, 0.9656095835036000441 ) ) ;
#8521 = CARTESIAN_POINT ( 'NONE',  ( -21.55960235419000171, -0.9371463535903000741, 1.493693906632999946 ) ) ;
#8522 = CARTESIAN_POINT ( 'NONE',  ( 21.46847689399000103, 0.9198733661663001104, -0.9478588950922000045 ) ) ;
#8523 = CARTESIAN_POINT ( 'NONE',  ( 17.36537593348488784, 11.35809045080834956, 0.7603298639238665890 ) ) ;
#8524 = ORIENTED_EDGE ( 'NONE', *, *, #5200, .T. ) ;
#8525 = CARTESIAN_POINT ( 'NONE',  ( 20.61624367648843048, -2.716135067240834200, 3.383693845754000229 ) ) ;
#8526 = EDGE_LOOP ( 'NONE', ( #2598, #8345, #8524, #7803 ) ) ;
#8527 = CARTESIAN_POINT ( 'NONE',  ( 21.55960239889000007, -0.9371465932243000507, 1.493693845673000009 ) ) ;
#8528 = ORIENTED_EDGE ( 'NONE', *, *, #3220, .T. ) ;
#8529 = CARTESIAN_POINT ( 'NONE',  ( 21.20459184912999717, -2.303897949831000158, -0.2177046124329000132 ) ) ;
#8530 = EDGE_CURVE ( 'NONE', #5824, #3081, #894, .T. ) ;
#8531 = EDGE_LOOP ( 'NONE', ( #8699, #1267, #8608, #3366, #6991 ) ) ;
#8532 = CARTESIAN_POINT ( 'NONE',  ( -11.91981114386833696, -20.11288368658819792, -3.521783199469067593 ) ) ;
#8533 = CARTESIAN_POINT ( 'NONE',  ( 11.87726517284116490, 21.60535204383494801, -1.824428052371976916 ) ) ;
#8534 = CARTESIAN_POINT ( 'NONE',  ( -12.84159528329108824, 15.66728880758065046, 0.7227452057219074799 ) ) ;
#8535 = CARTESIAN_POINT ( 'NONE',  ( 17.50656555546774840, 11.13972493232551919, -0.7023242875151385345 ) ) ;
#8536 = ORIENTED_EDGE ( 'NONE', *, *, #6237, .F. ) ;
#8537 = EDGE_CURVE ( 'NONE', #203, #1978, #8349, .T. ) ;
#8538 = ORIENTED_EDGE ( 'NONE', *, *, #4437, .F. ) ;
#8539 = CARTESIAN_POINT ( 'NONE',  ( -20.62648533225627645, -2.262003983895816805, -0.4474196905388683754 ) ) ;
#8540 = CARTESIAN_POINT ( 'NONE',  ( -10.02619734996197565, 20.65864352655436420, -3.793691708106945448 ) ) ;
#8541 = CARTESIAN_POINT ( 'NONE',  ( -10.26401566180000025, -21.58661543011999839, -3.076181021888999556 ) ) ;
#8542 = CARTESIAN_POINT ( 'NONE',  ( 9.987870644872000270, -19.65652599470000084, -3.741870563826999785 ) ) ;
#8543 = CARTESIAN_POINT ( 'NONE',  ( -13.56089824298378765, 11.89482504949489083, 5.710772084629348377 ) ) ;
#8544 = EDGE_LOOP ( 'NONE', ( #2722, #3563 ) ) ;
#8545 = CARTESIAN_POINT ( 'NONE',  ( 21.52575582211738592, 1.535134282536782191, 1.345832668091510032 ) ) ;
#8546 = EDGE_CURVE ( 'NONE', #1804, #7259, #5972, .T. ) ;
#8547 = EDGE_CURVE ( 'NONE', #2480, #2008, #2813, .T. ) ;
#8548 = CARTESIAN_POINT ( 'NONE',  ( -21.23027243538999898, 1.932948637893999955, -0.7619110877374999369 ) ) ;
#8549 = CARTESIAN_POINT ( 'NONE',  ( 19.88462485140000169, 7.654674053166999670, 1.702710020694000015 ) ) ;
#8550 = CARTESIAN_POINT ( 'NONE',  ( -21.47535491050746970, -2.122346441284109986, 0.4781760770990641229 ) ) ;
#8551 = CARTESIAN_POINT ( 'NONE',  ( -11.95447489802026020, 21.49549135949785139, -1.037622260126780160 ) ) ;
#8552 = VERTEX_POINT ( 'NONE', #2471 ) ;
#8553 = FACE_OUTER_BOUND ( 'NONE', #1598, .T. ) ;
#8554 = CARTESIAN_POINT ( 'NONE',  ( 4.889014953504999984E-05, -0.0002174092057544999772, -1.156306166419999837 ) ) ;
#8555 = CARTESIAN_POINT ( 'NONE',  ( 18.00708252092999828, 9.417463369669999196, 1.803693845750999891 ) ) ;
#8556 = B_SPLINE_CURVE_WITH_KNOTS ( 'NONE', 3,
 ( #5378, #4638, #7310, #4668, #3274, #2540, #6051, #3947, #4009, #528, #7249, #6692, #5998, #4604 ),
 .UNSPECIFIED., .F., .F.,
 ( 4, 2, 2, 2, 2, 2, 4 ),
 ( 0.000000000000000000, 0.2499999999999999445, 0.3749999999999998890, 0.4999999999999998890, 0.6249999999999998890, 0.7499999999999997780, 1.000000000000000000 ),
 .UNSPECIFIED. ) ;
#8557 = CARTESIAN_POINT ( 'NONE',  ( -21.55637003157999843, 1.139280132647000121, 1.487477235045000068 ) ) ;
#8558 = ORIENTED_EDGE ( 'NONE', *, *, #2910, .F. ) ;
#8559 = CARTESIAN_POINT ( 'NONE',  ( -3.445734977061997828, 12.35000000000000142, -1.566306154244998750 ) ) ;
#8560 = CARTESIAN_POINT ( 'NONE',  ( 18.27188047621184452, -9.837336355683731881, -1.706306444813009637 ) ) ;
#8561 = CARTESIAN_POINT ( 'NONE',  ( 20.73690598677244523, 0.5007973979914751572, 0.6358775978597541734 ) ) ;
#8562 = CARTESIAN_POINT ( 'NONE',  ( 20.53851007956045294, 2.955001495706969905, 0.3229235927622884916 ) ) ;
#8563 = FACE_OUTER_BOUND ( 'NONE', #5761, .T. ) ;
#8564 = CARTESIAN_POINT ( 'NONE',  ( -17.82717244016825120, -4.584043472875240633E-06, -1.706327233231474949 ) ) ;
#8565 = CARTESIAN_POINT ( 'NONE',  ( 17.58543156690972964, 11.01598408328886869, -0.9196547995105052165 ) ) ;
#8566 = CARTESIAN_POINT ( 'NONE',  ( 18.81007297669125933, 8.771281922942138820, 1.803693845768712389 ) ) ;
#8567 = CARTESIAN_POINT ( 'NONE',  ( 1.478704836801399860E-08, 20.74999400032110231, 1.633719033080594851 ) ) ;
#8568 = CARTESIAN_POINT ( 'NONE',  ( 18.78892565941000115, 7.740795348449000635, -1.156306154246000029 ) ) ;
#8569 = ORIENTED_EDGE ( 'NONE', *, *, #688, .T. ) ;
#8570 = CARTESIAN_POINT ( 'NONE',  ( 12.75376092931999850, -17.57228588759999965, 1.352365829201000125 ) ) ;
#8571 = CARTESIAN_POINT ( 'NONE',  ( -10.25802931640000004, -20.62654073681000000, -3.741122846517999978 ) ) ;
#8572 = DIRECTION ( 'NONE',  ( -1.000000000000000000, 0.000000000000000000, 0.000000000000000000 ) ) ;
#8573 = CARTESIAN_POINT ( 'NONE',  ( -1.300000000000000044, 12.34999999999999964, -1.766306154245000037 ) ) ;
#8574 = ORIENTED_EDGE ( 'NONE', *, *, #4437, .T. ) ;
#8575 = CARTESIAN_POINT ( 'NONE',  ( 13.66411583324626378, 13.99362972755905510, -0.2212511960176059278 ) ) ;
#8576 = CARTESIAN_POINT ( 'NONE',  ( -1.735823140351273830, 20.74998804025787891, 1.633718914131054412 ) ) ;
#8577 = CARTESIAN_POINT ( 'NONE',  ( -21.52575016543100617, -1.535731658865389537, 1.345501708731972057 ) ) ;
#8578 = CARTESIAN_POINT ( 'NONE',  ( 18.86131234833332115, -10.48651609570154974, 1.346890429088310803 ) ) ;
#8579 = CARTESIAN_POINT ( 'NONE',  ( 11.80968933712000002, 21.60272691596999906, -1.226406184700999935 ) ) ;
#8580 = CARTESIAN_POINT ( 'NONE',  ( 17.23960201115306390, 5.902386670871327290, -1.442070810300162931 ) ) ;
#8581 = CARTESIAN_POINT ( 'NONE',  ( -10.04213518383722104, 21.57172141774465146, -0.2492608428519454689 ) ) ;
#8582 = ORIENTED_EDGE ( 'NONE', *, *, #494, .T. ) ;
#8583 = CARTESIAN_POINT ( 'NONE',  ( 21.25172780059000033, -1.569397981464999869, -1.010187818431999895 ) ) ;
#8584 = DIRECTION ( 'NONE',  ( 0.000000000000000000, 0.000000000000000000, -1.000000000000000000 ) ) ;
#8585 = CARTESIAN_POINT ( 'NONE',  ( -10.02013108012412523, -20.31110716003749772, 0.6047675452184830824 ) ) ;
#8586 = B_SPLINE_CURVE_WITH_KNOTS ( 'NONE', 3,
 ( #7624, #4954, #1509, #1604 ),
 .UNSPECIFIED., .F., .F.,
 ( 4, 4 ),
 ( 0.9292893218816951073, 1.000000000000000000 ),
 .UNSPECIFIED. ) ;
#8587 = CARTESIAN_POINT ( 'NONE',  ( -11.89161640553179033, -21.61483370197954912, -1.624601330988387993 ) ) ;
#8588 = CARTESIAN_POINT ( 'NONE',  ( -11.96961955541999956, -13.34623513202999945, -2.088994247689000439 ) ) ;
#8589 = CARTESIAN_POINT ( 'NONE',  ( -12.80128284741982725, 14.72623438795526241, -0.2730838227799673446 ) ) ;
#8590 = CARTESIAN_POINT ( 'NONE',  ( -21.43512266496000152, -1.597131891711000007, -0.8339881970507999620 ) ) ;
#8591 = FACE_OUTER_BOUND ( 'NONE', #8204, .T. ) ;
#8592 = ORIENTED_EDGE ( 'NONE', *, *, #521, .T. ) ;
#8593 = DIRECTION ( 'NONE',  ( 0.9982912023899688236, 0.000000000000000000, -0.05843522251853149746 ) ) ;
#8594 = CARTESIAN_POINT ( 'NONE',  ( -20.60898504106177498, -2.416251992842632479, 0.7209878802058856673 ) ) ;
#8595 = CARTESIAN_POINT ( 'NONE',  ( 12.41798034579731613, 19.20153955601703899, 0.6798086621112113814 ) ) ;
#8596 = EDGE_CURVE ( 'NONE', #2930, #1901, #2181, .T. ) ;
#8597 = LINE ( 'NONE', #5698, #7440 ) ;
#8598 = EDGE_CURVE ( 'NONE', #7399, #3362, #3842, .T. ) ;
#8599 = CARTESIAN_POINT ( 'NONE',  ( 12.65728818168075342, 16.49848323081798185, 4.523749079003892781 ) ) ;
#8600 = PLANE ( 'NONE',  #4573 ) ;
#8601 = ORIENTED_EDGE ( 'NONE', *, *, #2852, .T. ) ;
#8602 = CARTESIAN_POINT ( 'NONE',  ( -21.27984740519999818, 0.9249911637269999654, -1.156306155802000024 ) ) ;
#8603 = CARTESIAN_POINT ( 'NONE',  ( -20.06170535334647909, 2.954930600321026724, 0.7253309608003322140 ) ) ;
#8604 = CARTESIAN_POINT ( 'NONE',  ( -21.48983279094245091, -1.971269003328719238, 0.9163623077862115274 ) ) ;
#8605 = B_SPLINE_CURVE_WITH_KNOTS ( 'NONE', 3,
 ( #3305, #7970, #564, #6700 ),
 .UNSPECIFIED., .F., .F.,
 ( 4, 4 ),
 ( -3.503360049660186881, 1.000000000000000000 ),
 .UNSPECIFIED. ) ;
#8606 = CARTESIAN_POINT ( 'NONE',  ( 21.37122553520000068, 0.9145789908747000707, -1.055629211801999867 ) ) ;
#8607 = VECTOR ( 'NONE', #3619, 1000.000000000000000 ) ;
#8608 = ORIENTED_EDGE ( 'NONE', *, *, #4423, .F. ) ;
#8609 = AXIS2_PLACEMENT_3D ( 'NONE', #3203, #8584, #5042 ) ;
#8610 = CARTESIAN_POINT ( 'NONE',  ( 1.299999999999999822, 12.34999999999999964, -1.478875005813995891 ) ) ;
#8611 = B_SPLINE_CURVE_WITH_KNOTS ( 'NONE', 3,
 ( #6765, #8152, #4029, #8738, #4710, #2734, #7439, #870, #2819, #6906, #6301, #2222, #8233, #4945, #3489, #3555, #247, #8292 ),
 .UNSPECIFIED., .F., .F.,
 ( 4, 2, 2, 2, 2, 2, 2, 2, 4 ),
 ( 0.000000000000000000, 0.1250000000000000000, 0.2500000000000000000, 0.3750000000000000000, 0.5000000000000000000, 0.6250000000000000000, 0.7500000000000000000, 0.8750000000000000000, 1.000000000000000000 ),
 .UNSPECIFIED. ) ;
#8612 = CARTESIAN_POINT ( 'NONE',  ( -21.18455666218000033, 2.482142955941999851, 0.3147513086504000190 ) ) ;
#8613 = ORIENTED_EDGE ( 'NONE', *, *, #6169, .T. ) ;
#8614 = CARTESIAN_POINT ( 'NONE',  ( 21.55958324560999628, 0.9371524069582999328, 1.493693845708000012 ) ) ;
#8615 = CARTESIAN_POINT ( 'NONE',  ( 19.43728025249958691, -5.803270884915985306, 0.7351169087156969040 ) ) ;
#8616 = CARTESIAN_POINT ( 'NONE',  ( 18.50642637572000027, 10.57240876976000088, 1.546831612290999969 ) ) ;
#8617 = CARTESIAN_POINT ( 'NONE',  ( -9.974236808245999342, -18.98253525062000335, -3.380363894867000063 ) ) ;
#8618 = CARTESIAN_POINT ( 'NONE',  ( -12.83508434197294790, 15.58387903465179036, 0.6162872871555148402 ) ) ;
#8619 = CARTESIAN_POINT ( 'NONE',  ( -21.18460077990999935, -2.482143140898999789, 0.3326354385449000195 ) ) ;
#8620 = CONICAL_SURFACE ( 'NONE', #1262, 21.44000000233000591, 0.7345944593407937040 ) ;
#8621 = CARTESIAN_POINT ( 'NONE',  ( -17.98271942994526285, 1.702731169025366809, -1.552248427773200712 ) ) ;
#8622 = CARTESIAN_POINT ( 'NONE',  ( -18.32932263403651874, -7.740852571374512436, 0.1983567050286471900 ) ) ;
#8623 = CARTESIAN_POINT ( 'NONE',  ( 0.000000000000000000, 0.000000000000000000, 5.346123950409299219 ) ) ;
#8624 = EDGE_CURVE ( 'NONE', #801, #831, #3001, .T. ) ;
#8625 = CARTESIAN_POINT ( 'NONE',  ( -12.68752790414358955, 17.66249827001236028, 1.250432956249482919 ) ) ;
#8626 = ORIENTED_EDGE ( 'NONE', *, *, #1766, .T. ) ;
#8627 = CARTESIAN_POINT ( 'NONE',  ( 12.53645333339000167, -16.50634102053999896, 1.643869428089000051 ) ) ;
#8628 = AXIS2_PLACEMENT_3D ( 'NONE', #8128, #4820, #6712 ) ;
#8629 = CARTESIAN_POINT ( 'NONE',  ( -12.31107757238000033, -19.45149301855000346, 0.6671679501864999917 ) ) ;
#8630 = ORIENTED_EDGE ( 'NONE', *, *, #4194, .F. ) ;
#8631 = CARTESIAN_POINT ( 'NONE',  ( 17.66118968710575743, -10.88910044990332615, 0.1264481811828567226 ) ) ;
#8632 = ORIENTED_EDGE ( 'NONE', *, *, #6392, .T. ) ;
#8633 = ORIENTED_EDGE ( 'NONE', *, *, #3561, .T. ) ;
#8634 = EDGE_CURVE ( 'NONE', #3893, #3691, #5231, .T. ) ;
#8635 = CARTESIAN_POINT ( 'NONE',  ( 17.36524395393250231, -11.35797072955442033, 1.633951922507050014 ) ) ;
#8636 = CARTESIAN_POINT ( 'NONE',  ( 18.84481459841000017, -9.930095729722999920, 1.800895587007999898 ) ) ;
#8637 = DIRECTION ( 'NONE',  ( 1.000000000000000000, 0.000000000000000000, 0.000000000000000000 ) ) ;
#8638 = VERTEX_POINT ( 'NONE', #5222 ) ;
#8639 = CARTESIAN_POINT ( 'NONE',  ( 11.71155547693999921, 21.50003004759000191, -2.407281046772000277 ) ) ;
#8640 = CARTESIAN_POINT ( 'NONE',  ( 1.300000000000020695, 10.29999999999999538, -2.066306154244998528 ) ) ;
#8641 = VERTEX_POINT ( 'NONE', #6593 ) ;
#8642 = CARTESIAN_POINT ( 'NONE',  ( -10.04312132905134547, 21.62821763922439899, -0.3098396259589231705 ) ) ;
#8643 = EDGE_LOOP ( 'NONE', ( #5215, #856, #1260, #5401, #5905, #5966 ) ) ;
#8644 = CARTESIAN_POINT ( 'NONE',  ( -11.47205112992999965, -18.67820744366999719, -3.297048302501000006 ) ) ;
#8645 = CARTESIAN_POINT ( 'NONE',  ( -21.33543885318000122, 2.955000000000000071, 0.07264880540968000899 ) ) ;
#8646 = B_SPLINE_CURVE_WITH_KNOTS ( 'NONE', 3,
 ( #7469, #8157, #4110, #8100 ),
 .UNSPECIFIED., .F., .F.,
 ( 4, 4 ),
 ( 1.530914198091843895E-14, 0.001519335079103613546 ),
 .UNSPECIFIED. ) ;
#8647 = CARTESIAN_POINT ( 'NONE',  ( 20.62511430520568467, 2.503915662699594868, 1.884749017713740482 ) ) ;
#8648 = CARTESIAN_POINT ( 'NONE',  ( -9.946910810453998053, -17.58932665418000241, -2.736004249485000095 ) ) ;
#8649 = CARTESIAN_POINT ( 'NONE',  ( 20.08634546023309753, -5.380113296564537961, 4.523749079003892781 ) ) ;
#8650 = CARTESIAN_POINT ( 'NONE',  ( 21.19664973181999912, 2.405006333912000027, 0.3236938352879000225 ) ) ;
#8651 = EDGE_CURVE ( 'NONE', #2570, #5180, #6204, .T. ) ;
#8652 = CARTESIAN_POINT ( 'NONE',  ( -20.69030146746059273, 1.502543989893920573, 1.259952272432262710 ) ) ;
#8653 = EDGE_CURVE ( 'NONE', #5477, #204, #36, .T. ) ;
#8654 = CARTESIAN_POINT ( 'NONE',  ( -9.195387533250565681, -18.65078392843348709, 3.633693845754951912 ) ) ;
#8655 = ORIENTED_EDGE ( 'NONE', *, *, #1918, .T. ) ;
#8656 = CONICAL_SURFACE ( 'NONE', #8334, 2.050000000000005151, 0.7853981633974548293 ) ;
#8657 = CARTESIAN_POINT ( 'NONE',  ( -12.58598290963439759, 18.25078585219034366, 1.050202907500626948 ) ) ;
#8658 = CARTESIAN_POINT ( 'NONE',  ( -3.070873911904484926E-05, -17.19000123468130070, -2.066295259086530223 ) ) ;
#8659 = CARTESIAN_POINT ( 'NONE',  ( -9.942103831968875483, -15.84092910706487878, -2.251006703762521877 ) ) ;
#8660 = VECTOR ( 'NONE', #6822, 1000.000000000000000 ) ;
#8661 = CARTESIAN_POINT ( 'NONE',  ( 18.03656326673672083, -10.25639685678105195, -0.9684839072931712423 ) ) ;
#8662 = DIRECTION ( 'NONE',  ( 1.000000000000000000, 0.000000000000000000, 0.000000000000000000 ) ) ;
#8663 = ORIENTED_EDGE ( 'NONE', *, *, #6236, .T. ) ;
#8664 = FACE_OUTER_BOUND ( 'NONE', #5453, .T. ) ;
#8665 = AXIS2_PLACEMENT_3D ( 'NONE', #7303, #1335, #7984 ) ;
#8666 = CARTESIAN_POINT ( 'NONE',  ( -20.53852192415106970, 2.954930993462160149, 0.05535414170018862490 ) ) ;
#8667 = CARTESIAN_POINT ( 'NONE',  ( 11.46543460223999844, 21.69357892144000033, -2.022795341254999713 ) ) ;
#8668 = CARTESIAN_POINT ( 'NONE',  ( 19.96030030069000105, 7.468094712473000385, -0.9583442785232000327 ) ) ;
#8669 = ORIENTED_EDGE ( 'NONE', *, *, #3132, .F. ) ;
#8670 = CARTESIAN_POINT ( 'NONE',  ( -11.85575575694687345, 21.50147256490550518, -2.272025789120390993 ) ) ;
#8671 = CARTESIAN_POINT ( 'NONE',  ( 17.75960258962698646, 10.72772125060371273, -0.4242071818213479228 ) ) ;
#8672 = VECTOR ( 'NONE', #8593, 1000.000000000000114 ) ;
#8673 = B_SPLINE_CURVE_WITH_KNOTS ( 'NONE', 3,
 ( #3425, #2315, #5656, #2220 ),
 .UNSPECIFIED., .F., .F.,
 ( 4, 4 ),
 ( 0.000000000000000000, 1.000000000000000000 ),
 .UNSPECIFIED. ) ;
#8674 = B_SPLINE_CURVE_WITH_KNOTS ( 'NONE', 3,
 ( #3470, #5486, #8187, #2025 ),
 .UNSPECIFIED., .F., .F.,
 ( 4, 4 ),
 ( 0.000000000000000000, 1.000000000000000000 ),
 .UNSPECIFIED. ) ;
#8675 = CARTESIAN_POINT ( 'NONE',  ( 20.72783842756054185, -0.9249972981454316345, 1.803697640704318150 ) ) ;
#8676 = DIRECTION ( 'NONE',  ( -0.000000000000000000, -0.000000000000000000, -1.000000000000000000 ) ) ;
#8677 = CARTESIAN_POINT ( 'NONE',  ( -20.53851183857635476, 2.955000430643705212, 0.3236963601018285064 ) ) ;
#8678 = CARTESIAN_POINT ( 'NONE',  ( -10.02813962910573942, -20.76965849733570124, -3.754900568630029856 ) ) ;
#8679 = CARTESIAN_POINT ( 'NONE',  ( 4.495734977061997206, 12.34999999999999964, -1.566306154244998750 ) ) ;
#8680 = VERTEX_POINT ( 'NONE', #8677 ) ;
#8681 = CARTESIAN_POINT ( 'NONE',  ( -20.70840822853824292, -1.502335153449895433, 1.884515923695315065 ) ) ;
#8682 = CARTESIAN_POINT ( 'NONE',  ( -18.40995468663362900, -7.994262541564406632, 0.4393081009129730652 ) ) ;
#8683 = CARTESIAN_POINT ( 'NONE',  ( -12.16332589783696072, 20.59463211377179803, -0.01560864668693204976 ) ) ;
#8684 = ADVANCED_FACE ( 'NONE', ( #2478, #793 ), #2509, .F. ) ;
#8685 = EDGE_LOOP ( 'NONE', ( #7451, #6824, #3406, #4476 ) ) ;
#8686 = CARTESIAN_POINT ( 'NONE',  ( 1.358084324208149507, 20.75000000000090239, 4.523749079003892781 ) ) ;
#8687 = CARTESIAN_POINT ( 'NONE',  ( -10.04560759161206995, -21.77065552566434548, -2.918794769422211832 ) ) ;
#8688 = CARTESIAN_POINT ( 'NONE',  ( -12.57102762666999851, -13.93117354143999798, -2.950700983041000480 ) ) ;
#8689 = AXIS2_PLACEMENT_3D ( 'NONE', #1810, #3401, #6742 ) ;
#8690 = VECTOR ( 'NONE', #4480, 1000.000000000000000 ) ;
#8691 = CARTESIAN_POINT ( 'NONE',  ( -21.19886765734000278, -2.369336982672000325, 0.6528799660169000152 ) ) ;
#8692 = ORIENTED_EDGE ( 'NONE', *, *, #8266, .T. ) ;
#8693 = DIRECTION ( 'NONE',  ( 0.000000000000000000, 0.000000000000000000, -1.000000000000000000 ) ) ;
#8694 = CARTESIAN_POINT ( 'NONE',  ( 19.51565482502062565, -7.050428009244131822, -0.8933896975025104048 ) ) ;
#8695 = CARTESIAN_POINT ( 'NONE',  ( 10.66925078880000122, 21.81562534837999934, -0.8855196148494000052 ) ) ;
#8696 = CARTESIAN_POINT ( 'NONE',  ( -11.93863281331044135, 19.91139406426545122, -3.538233549207975059 ) ) ;
#8697 = CARTESIAN_POINT ( 'NONE',  ( 10.00665435071556963, -19.53902584956553312, -3.683853318902423180 ) ) ;
#8698 = VECTOR ( 'NONE', #3923, 1000.000000000000114 ) ;
#8699 = ORIENTED_EDGE ( 'NONE', *, *, #7938, .T. ) ;
#8700 = EDGE_CURVE ( 'NONE', #4223, #6136, #7531, .T. ) ;
#8701 = CARTESIAN_POINT ( 'NONE',  ( -11.93869625174000149, -18.32372681540000059, -3.141974806653999863 ) ) ;
#8702 = CARTESIAN_POINT ( 'NONE',  ( 21.39517104323999774, -2.098094621711000141, -0.3400692738978000063 ) ) ;
#8703 = B_SPLINE_CURVE_WITH_KNOTS ( 'NONE', 3,
 ( #3837, #390, #1155, #6419 ),
 .UNSPECIFIED., .F., .F.,
 ( 4, 4 ),
 ( 0.000000000000000000, 1.000000000000000000 ),
 .UNSPECIFIED. ) ;
#8704 = DIRECTION ( 'NONE',  ( 1.000000000000000000, 0.000000000000000000, 0.000000000000000000 ) ) ;
#8705 = CARTESIAN_POINT ( 'NONE',  ( 9.926522087247953152, 14.94825154986300930, -2.108002524014426005 ) ) ;
#8706 = DIRECTION ( 'NONE',  ( 0.000000000000000000, 0.000000000000000000, 1.000000000000000000 ) ) ;
#8707 = CARTESIAN_POINT ( 'NONE',  ( 4.986566483391400517, 16.45345064059026541, -2.066306154244998972 ) ) ;
#8708 = DIRECTION ( 'NONE',  ( -0.000000000000000000, -0.000000000000000000, 1.000000000000000000 ) ) ;
#8709 = CARTESIAN_POINT ( 'NONE',  ( -20.74999999999999645, -0.3084011572986155025, 1.853685728981000036 ) ) ;
#8710 = CONICAL_SURFACE ( 'NONE', #6493, 1.000000000000000444, 0.03490658503988666728 ) ;
#8711 = CARTESIAN_POINT ( 'NONE',  ( 12.65728818123653632, -16.49848323116071214, 3.633693845755092688 ) ) ;
#8712 = EDGE_LOOP ( 'NONE', ( #7306, #8742, #8582 ) ) ;
#8713 = EDGE_CURVE ( 'NONE', #2570, #331, #7017, .T. ) ;
#8714 = EDGE_CURVE ( 'NONE', #5892, #2057, #5868, .T. ) ;
#8715 = CARTESIAN_POINT ( 'NONE',  ( -9.964956336428690165, -17.15014821073458506, -2.591853651662038960 ) ) ;
#8716 = CARTESIAN_POINT ( 'NONE',  ( -11.94008641189000031, 20.13402084681999682, -3.525397867404000074 ) ) ;
#8717 = CARTESIAN_POINT ( 'NONE',  ( 19.64150502905999929, 6.274523815591999565, -1.706306154247999807 ) ) ;
#8718 = LINE ( 'NONE', #318, #8191 ) ;
#8719 = ORIENTED_EDGE ( 'NONE', *, *, #1582, .T. ) ;
#8720 = CIRCLE ( 'NONE', #5862, 1.000000000000000000 ) ;
#8721 = CARTESIAN_POINT ( 'NONE',  ( -21.24104258371000142, -1.759633698049000161, 1.547575890525999975 ) ) ;
#8722 = CARTESIAN_POINT ( 'NONE',  ( 20.68144809399547412, 1.672546068279942899, -0.9686306119426907335 ) ) ;
#8723 = CARTESIAN_POINT ( 'NONE',  ( -12.16090957513000070, 18.27999031471999913, -3.125940479779000025 ) ) ;
#8724 = CARTESIAN_POINT ( 'NONE',  ( 10.03352995818999993, 22.13221375052999917, -1.656428755932999985 ) ) ;
#8725 = ORIENTED_EDGE ( 'NONE', *, *, #7873, .T. ) ;
#8726 = AXIS2_PLACEMENT_3D ( 'NONE', #6708, #8676, #661 ) ;
#8727 = CARTESIAN_POINT ( 'NONE',  ( -11.92366569003598364, 20.07550683251559676, -3.516520460946360060 ) ) ;
#8728 = CARTESIAN_POINT ( 'NONE',  ( -12.57102374191999949, 17.00191380013999876, -0.1839275264166999879 ) ) ;
#8729 = CARTESIAN_POINT ( 'NONE',  ( 18.97227787157000023, 2.955000000000000071, 0.07183605864487999093 ) ) ;
#8730 = EDGE_LOOP ( 'NONE', ( #4426, #5053, #7061, #7473 ) ) ;
#8731 = B_SPLINE_CURVE_WITH_KNOTS ( 'NONE', 3,
 ( #7551, #6846, #8178, #6908, #64, #3490, #4083, #4767, #7584, #728, #4792, #756, #4884, #2189, #5534, #2154, #7468, #5564, #6876, #4161, #97, #1393, #8155, #5449 ),
 .UNSPECIFIED., .F., .F.,
 ( 4, 1, 1, 1, 1, 1, 1, 1, 1, 1, 1, 1, 1, 1, 1, 1, 1, 1, 1, 1, 1, 4 ),
 ( 0.000000000000000000, 0.04761904761904999644, 0.09523809523809999289, 0.1428571428570999946, 0.1904761904761999858, 0.2380952380951999736, 0.2857142857143000203, 0.3333333333333000081, 0.3809523809523999716, 0.4285714285713999594, 0.4761904761904999783, 0.5238095238095000772, 0.5714285714286000406, 0.6190476190476000840, 0.6666666666667000474, 0.7142857142856999797, 0.7619047619048000541, 0.8095238095237999865, 0.8571428571429000609, 0.9047619047618999932, 0.9523809523809999567, 1.000000000000000000 ),
 .UNSPECIFIED. ) ;
#8732 = CARTESIAN_POINT ( 'NONE',  ( 21.52578673291710842, -1.535135589783153343, -0.6984409278732168769 ) ) ;
#8733 = CARTESIAN_POINT ( 'NONE',  ( -1.299999999960499419, 13.78622870414660717, -1.496306154243859599 ) ) ;
#8734 = CARTESIAN_POINT ( 'NONE',  ( 19.93569080374999913, 8.262138434601999037, 1.493693845673000009 ) ) ;
#8735 = ORIENTED_EDGE ( 'NONE', *, *, #2279, .T. ) ;
#8736 =( NAMED_UNIT ( * ) PLANE_ANGLE_UNIT ( ) SI_UNIT ( $, .RADIAN. ) );
#8737 = CARTESIAN_POINT ( 'NONE',  ( 9.964910665571869330, -17.14753172935540348, -2.591043899038608433 ) ) ;
#8738 = CARTESIAN_POINT ( 'NONE',  ( -1.093231456452081751, 20.78949936165110657, 3.633693845755179286 ) ) ;
#8739 = VERTEX_POINT ( 'NONE', #4054 ) ;
#8740 = CARTESIAN_POINT ( 'NONE',  ( -20.69031910351263903, 1.502371088893523776, -0.6129064403714550302 ) ) ;
#8741 = DIRECTION ( 'NONE',  ( -0.000000000000000000, -0.000000000000000000, -1.000000000000000000 ) ) ;
#8742 = ORIENTED_EDGE ( 'NONE', *, *, #1933, .F. ) ;
#8743 = CARTESIAN_POINT ( 'NONE',  ( 11.90168503946000023, -20.54128743605999929, -3.396957207070999907 ) ) ;
#8744 = ORIENTED_EDGE ( 'NONE', *, *, #4084, .T. ) ;
#8745 = AXIS2_PLACEMENT_3D ( 'NONE', #4105, #2062, #3423 ) ;
#8746 = CARTESIAN_POINT ( 'NONE',  ( -18.79616217560501212, -2.598993563978282406, -0.8253499798957629752 ) ) ;
#8747 = CARTESIAN_POINT ( 'NONE',  ( -11.87251786100999951, 20.98838775662999723, -3.067035872102000127 ) ) ;
#8748 = CARTESIAN_POINT ( 'NONE',  ( -20.53851183857635476, 2.955000430643705212, 0.3236963601018285064 ) ) ;
#8749 = CARTESIAN_POINT ( 'NONE',  ( -21.19669270782999959, -2.405006333196999968, 0.3236938625995999796 ) ) ;
#8750 = CARTESIAN_POINT ( 'NONE',  ( -10.66860000174521517, 20.48986096804196677, -3.680523533366728550 ) ) ;
#8751 = DIRECTION ( 'NONE',  ( 0.000000000000000000, 0.000000000000000000, 1.000000000000000000 ) ) ;
#8752 = EDGE_LOOP ( 'NONE', ( #8060, #5925, #4553, #3679 ) ) ;
#8753 = CARTESIAN_POINT ( 'NONE',  ( -7.638584468207460176, 19.29286208218145049, 4.523749079002525875 ) ) ;
#8754 = CARTESIAN_POINT ( 'NONE',  ( 10.30407798212999815, 21.40314026692999860, -0.1449903632103000106 ) ) ;
#8755 = CARTESIAN_POINT ( 'NONE',  ( -11.93333528851716352, 21.55095770074168016, -1.207461618886620736 ) ) ;
#8756 = CARTESIAN_POINT ( 'NONE',  ( 20.19155606058000174, 6.873407095729000105, -0.2177046124329000132 ) ) ;
#8757 = CARTESIAN_POINT ( 'NONE',  ( 18.21323820335843990, 9.939783820888306920, -1.118239599130279815 ) ) ;
ENDSEC;
END-ISO-10303-21;
